[0.000000] (-) TimerEvent: {}
[0.000686] (test_msgs) JobQueued: {'identifier': 'test_msgs', 'dependencies': OrderedDict()}
[0.001056] (rclcpp) JobQueued: {'identifier': 'rclcpp', 'dependencies': OrderedDict([('test_msgs', '/home/yfu/projects/ros2-picas/install/test_msgs')])}
[0.001338] (trace_picas) JobQueued: {'identifier': 'trace_picas', 'dependencies': OrderedDict([('test_msgs', '/home/yfu/projects/ros2-picas/install/test_msgs'), ('rclcpp', '/home/yfu/projects/ros2-picas/install/rclcpp')])}
[0.001899] (picas_example) JobQueued: {'identifier': 'picas_example', 'dependencies': OrderedDict([('test_msgs', '/home/yfu/projects/ros2-picas/install/test_msgs'), ('rclcpp', '/home/yfu/projects/ros2-picas/install/rclcpp'), ('trace_picas', '/home/yfu/projects/ros2-picas/install/trace_picas')])}
[0.002239] (picas_example_mt) JobQueued: {'identifier': 'picas_example_mt', 'dependencies': OrderedDict([('test_msgs', '/home/yfu/projects/ros2-picas/install/test_msgs'), ('rclcpp', '/home/yfu/projects/ros2-picas/install/rclcpp'), ('trace_picas', '/home/yfu/projects/ros2-picas/install/trace_picas')])}
[0.002626] (test_msgs) JobStarted: {'identifier': 'test_msgs'}
[0.027506] (test_msgs) JobProgress: {'identifier': 'test_msgs', 'progress': 'cmake'}
[0.029213] (test_msgs) JobProgress: {'identifier': 'test_msgs', 'progress': 'build'}
[0.030949] (test_msgs) Command: {'cmd': ['/usr/bin/cmake', '--build', '/home/yfu/projects/ros2-picas/build/test_msgs', '--', '-j6', '-l6'], 'cwd': '/home/yfu/projects/ros2-picas/build/test_msgs', 'env': OrderedDict([('LESSOPEN', '| /usr/bin/lesspipe %s'), ('CONDA_PROMPT_MODIFIER', '(base)'), ('USER', 'yfu'), ('SSH_CLIENT', '172.19.37.200 13487 22'), ('XDG_SESSION_TYPE', 'tty'), ('SHLVL', '1'), ('LD_LIBRARY_PATH', '/home/yfu/projects/ros2-picas/install/trace_picas/lib:/home/yfu/projects/ros2-picas/install/test_msgs/lib:/home/yfu/projects/ros2-picas/install/rclcpp/lib:/opt/ros/galactic/opt/yaml_cpp_vendor/lib:/opt/ros/galactic/lib/aarch64-linux-gnu:/opt/ros/galactic/lib'), ('MOTD_SHOWN', 'pam'), ('HOME', '/home/yfu'), ('CONDA_SHLVL', '1'), ('OLDPWD', '/home/yfu/projects'), ('SSH_TTY', '/dev/pts/0'), ('JETSON_L4T', '35.4.1'), ('ROS_PYTHON_VERSION', '3'), ('JETSON_MODEL', 'NVIDIA Orin Nano Developer Kit'), ('DBUS_SESSION_BUS_ADDRESS', 'unix:path=/run/user/1001/bus'), ('COLCON_PREFIX_PATH', '/home/yfu/projects/ros2-picas/install'), ('ROS_DISTRO', 'galactic'), ('LOGNAME', 'yfu'), ('JETSON_MODULE', 'NVIDIA Jetson Orin Nano (Developer kit)'), ('JETSON_SERIAL_NUMBER', '1421523024361'), ('_', '/usr/bin/colcon'), ('ROS_VERSION', '2'), ('JETSON_CODENAME', 'P3768'), ('XDG_SESSION_CLASS', 'user'), ('TERM', 'xterm'), ('XDG_SESSION_ID', '656'), ('ROS_LOCALHOST_ONLY', '0'), ('PATH', '/usr/bin:/home/yfu/.local/bin:/opt/ros/galactic/bin:/home/yfu/Miniconda/ENTER/bin:/home/yfu/Miniconda/ENTER/condabin:$/home/yfu/Miniconda/ENTER/bin:/usr/local/sbin:/usr/local/bin:/usr/sbin:/usr/bin:/sbin:/bin:/usr/games:/usr/local/games:/snap/bin'), ('XDG_RUNTIME_DIR', '/run/user/1001'), ('DISPLAY', 'localhost:10.0'), ('LANG', 'en_US.UTF-8'), ('LS_COLORS', 'rs=0:di=01;34:ln=01;36:mh=00:pi=40;33:so=01;35:do=01;35:bd=40;33;01:cd=40;33;01:or=40;31;01:mi=00:su=37;41:sg=30;43:ca=30;41:tw=30;42:ow=34;42:st=37;44:ex=01;32:*.tar=01;31:*.tgz=01;31:*.arc=01;31:*.arj=01;31:*.taz=01;31:*.lha=01;31:*.lz4=01;31:*.lzh=01;31:*.lzma=01;31:*.tlz=01;31:*.txz=01;31:*.tzo=01;31:*.t7z=01;31:*.zip=01;31:*.z=01;31:*.dz=01;31:*.gz=01;31:*.lrz=01;31:*.lz=01;31:*.lzo=01;31:*.xz=01;31:*.zst=01;31:*.tzst=01;31:*.bz2=01;31:*.bz=01;31:*.tbz=01;31:*.tbz2=01;31:*.tz=01;31:*.deb=01;31:*.rpm=01;31:*.jar=01;31:*.war=01;31:*.ear=01;31:*.sar=01;31:*.rar=01;31:*.alz=01;31:*.ace=01;31:*.zoo=01;31:*.cpio=01;31:*.7z=01;31:*.rz=01;31:*.cab=01;31:*.wim=01;31:*.swm=01;31:*.dwm=01;31:*.esd=01;31:*.jpg=01;35:*.jpeg=01;35:*.mjpg=01;35:*.mjpeg=01;35:*.gif=01;35:*.bmp=01;35:*.pbm=01;35:*.pgm=01;35:*.ppm=01;35:*.tga=01;35:*.xbm=01;35:*.xpm=01;35:*.tif=01;35:*.tiff=01;35:*.png=01;35:*.svg=01;35:*.svgz=01;35:*.mng=01;35:*.pcx=01;35:*.mov=01;35:*.mpg=01;35:*.mpeg=01;35:*.m2v=01;35:*.mkv=01;35:*.webm=01;35:*.ogm=01;35:*.mp4=01;35:*.m4v=01;35:*.mp4v=01;35:*.vob=01;35:*.qt=01;35:*.nuv=01;35:*.wmv=01;35:*.asf=01;35:*.rm=01;35:*.rmvb=01;35:*.flc=01;35:*.avi=01;35:*.fli=01;35:*.flv=01;35:*.gl=01;35:*.dl=01;35:*.xcf=01;35:*.xwd=01;35:*.yuv=01;35:*.cgm=01;35:*.emf=01;35:*.ogv=01;35:*.ogx=01;35:*.aac=00;36:*.au=00;36:*.flac=00;36:*.m4a=00;36:*.mid=00;36:*.midi=00;36:*.mka=00;36:*.mp3=00;36:*.mpc=00;36:*.ogg=00;36:*.ra=00;36:*.wav=00;36:*.oga=00;36:*.opus=00;36:*.spx=00;36:*.xspf=00;36:'), ('JETSON_SOC', 'tegra23x'), ('AMENT_PREFIX_PATH', '/home/yfu/projects/ros2-picas/install/picas_example_mt:/home/yfu/projects/ros2-picas/install/picas_example:/home/yfu/projects/ros2-picas/install/trace_picas:/home/yfu/projects/ros2-picas/install/test_msgs:/home/yfu/projects/ros2-picas/install/rclcpp:/opt/ros/galactic'), ('CONDA_PYTHON_EXE', '/home/yfu/Miniconda/ENTER/bin/python'), ('SHELL', '/bin/bash'), ('LESSCLOSE', '/usr/bin/lesspipe %s %s'), ('CONDA_DEFAULT_ENV', 'base'), ('JETSON_CUDA_ARCH_BIN', '8.7'), ('PWD', '/home/yfu/projects/ros2-picas/build/test_msgs'), ('CONDA_EXE', '/home/yfu/Miniconda/ENTER/bin/conda'), ('SSH_CONNECTION', '172.19.37.200 13487 192.168.0.226 22'), ('XDG_DATA_DIRS', '/usr/local/share:/usr/share:/var/lib/snapd/desktop'), ('PYTHONPATH', '/home/yfu/projects/ros2-picas/install/test_msgs/lib/python3.8/site-packages:/opt/ros/galactic/lib/python3.8/site-packages'), ('CONDA_PREFIX', '/home/yfu/Miniconda/ENTER'), ('COLCON', '1'), ('JETSON_JETPACK', '5.1.2'), ('CMAKE_PREFIX_PATH', '/home/yfu/projects/ros2-picas/install/picas_example_mt:/home/yfu/projects/ros2-picas/install/picas_example:/home/yfu/projects/ros2-picas/install/trace_picas:/home/yfu/projects/ros2-picas/install/test_msgs:/home/yfu/projects/ros2-picas/install/rclcpp:/opt/ros/galactic'), ('JETSON_P_NUMBER', 'p3767-0005')]), 'shell': False}
[0.099194] (-) TimerEvent: {}
[0.165750] (test_msgs) StdoutLine: {'line': b'[  8%] Built target test_msgs__cpp\n'}
[0.166773] (test_msgs) StdoutLine: {'line': b'[ 17%] Built target test_msgs__rosidl_generator_c\n'}
[0.199452] (-) TimerEvent: {}
[0.222850] (test_msgs) StdoutLine: {'line': b'[ 45%] Built target test_msgs__rosidl_typesupport_introspection_c\n'}
[0.223684] (test_msgs) StdoutLine: {'line': b'[ 45%] Built target test_msgs__rosidl_typesupport_introspection_cpp\n'}
[0.279718] (test_msgs) StdoutLine: {'line': b'[ 62%] Built target test_msgs__rosidl_typesupport_c\n'}
[0.280556] (test_msgs) StdoutLine: {'line': b'[ 74%] Built target test_msgs__rosidl_typesupport_cpp\n'}
[0.299703] (-) TimerEvent: {}
[0.337430] (test_msgs) StdoutLine: {'line': b'[ 74%] Built target test_msgs\n'}
[0.387019] (test_msgs) StdoutLine: {'line': b'[ 77%] Built target test_msgs__py\n'}
[0.399891] (-) TimerEvent: {}
[0.447803] (test_msgs) StdoutLine: {'line': b'[ 88%] Built target test_msgs__python\n'}
[0.500185] (-) TimerEvent: {}
[0.509969] (test_msgs) StdoutLine: {'line': b'[100%] Built target test_msgs__rosidl_typesupport_introspection_c__pyext\n'}
[0.510997] (test_msgs) StdoutLine: {'line': b'[100%] Built target test_msgs__rosidl_typesupport_c__pyext\n'}
[0.542870] (test_msgs) CommandEnded: {'returncode': 0}
[0.545021] (test_msgs) JobProgress: {'identifier': 'test_msgs', 'progress': 'install'}
[0.578913] (test_msgs) Command: {'cmd': ['/usr/bin/cmake', '--install', '/home/yfu/projects/ros2-picas/build/test_msgs'], 'cwd': '/home/yfu/projects/ros2-picas/build/test_msgs', 'env': OrderedDict([('LESSOPEN', '| /usr/bin/lesspipe %s'), ('CONDA_PROMPT_MODIFIER', '(base)'), ('USER', 'yfu'), ('SSH_CLIENT', '172.19.37.200 13487 22'), ('XDG_SESSION_TYPE', 'tty'), ('SHLVL', '1'), ('LD_LIBRARY_PATH', '/home/yfu/projects/ros2-picas/install/trace_picas/lib:/home/yfu/projects/ros2-picas/install/test_msgs/lib:/home/yfu/projects/ros2-picas/install/rclcpp/lib:/opt/ros/galactic/opt/yaml_cpp_vendor/lib:/opt/ros/galactic/lib/aarch64-linux-gnu:/opt/ros/galactic/lib'), ('MOTD_SHOWN', 'pam'), ('HOME', '/home/yfu'), ('CONDA_SHLVL', '1'), ('OLDPWD', '/home/yfu/projects'), ('SSH_TTY', '/dev/pts/0'), ('JETSON_L4T', '35.4.1'), ('ROS_PYTHON_VERSION', '3'), ('JETSON_MODEL', 'NVIDIA Orin Nano Developer Kit'), ('DBUS_SESSION_BUS_ADDRESS', 'unix:path=/run/user/1001/bus'), ('COLCON_PREFIX_PATH', '/home/yfu/projects/ros2-picas/install'), ('ROS_DISTRO', 'galactic'), ('LOGNAME', 'yfu'), ('JETSON_MODULE', 'NVIDIA Jetson Orin Nano (Developer kit)'), ('JETSON_SERIAL_NUMBER', '1421523024361'), ('_', '/usr/bin/colcon'), ('ROS_VERSION', '2'), ('JETSON_CODENAME', 'P3768'), ('XDG_SESSION_CLASS', 'user'), ('TERM', 'xterm'), ('XDG_SESSION_ID', '656'), ('ROS_LOCALHOST_ONLY', '0'), ('PATH', '/usr/bin:/home/yfu/.local/bin:/opt/ros/galactic/bin:/home/yfu/Miniconda/ENTER/bin:/home/yfu/Miniconda/ENTER/condabin:$/home/yfu/Miniconda/ENTER/bin:/usr/local/sbin:/usr/local/bin:/usr/sbin:/usr/bin:/sbin:/bin:/usr/games:/usr/local/games:/snap/bin'), ('XDG_RUNTIME_DIR', '/run/user/1001'), ('DISPLAY', 'localhost:10.0'), ('LANG', 'en_US.UTF-8'), ('LS_COLORS', 'rs=0:di=01;34:ln=01;36:mh=00:pi=40;33:so=01;35:do=01;35:bd=40;33;01:cd=40;33;01:or=40;31;01:mi=00:su=37;41:sg=30;43:ca=30;41:tw=30;42:ow=34;42:st=37;44:ex=01;32:*.tar=01;31:*.tgz=01;31:*.arc=01;31:*.arj=01;31:*.taz=01;31:*.lha=01;31:*.lz4=01;31:*.lzh=01;31:*.lzma=01;31:*.tlz=01;31:*.txz=01;31:*.tzo=01;31:*.t7z=01;31:*.zip=01;31:*.z=01;31:*.dz=01;31:*.gz=01;31:*.lrz=01;31:*.lz=01;31:*.lzo=01;31:*.xz=01;31:*.zst=01;31:*.tzst=01;31:*.bz2=01;31:*.bz=01;31:*.tbz=01;31:*.tbz2=01;31:*.tz=01;31:*.deb=01;31:*.rpm=01;31:*.jar=01;31:*.war=01;31:*.ear=01;31:*.sar=01;31:*.rar=01;31:*.alz=01;31:*.ace=01;31:*.zoo=01;31:*.cpio=01;31:*.7z=01;31:*.rz=01;31:*.cab=01;31:*.wim=01;31:*.swm=01;31:*.dwm=01;31:*.esd=01;31:*.jpg=01;35:*.jpeg=01;35:*.mjpg=01;35:*.mjpeg=01;35:*.gif=01;35:*.bmp=01;35:*.pbm=01;35:*.pgm=01;35:*.ppm=01;35:*.tga=01;35:*.xbm=01;35:*.xpm=01;35:*.tif=01;35:*.tiff=01;35:*.png=01;35:*.svg=01;35:*.svgz=01;35:*.mng=01;35:*.pcx=01;35:*.mov=01;35:*.mpg=01;35:*.mpeg=01;35:*.m2v=01;35:*.mkv=01;35:*.webm=01;35:*.ogm=01;35:*.mp4=01;35:*.m4v=01;35:*.mp4v=01;35:*.vob=01;35:*.qt=01;35:*.nuv=01;35:*.wmv=01;35:*.asf=01;35:*.rm=01;35:*.rmvb=01;35:*.flc=01;35:*.avi=01;35:*.fli=01;35:*.flv=01;35:*.gl=01;35:*.dl=01;35:*.xcf=01;35:*.xwd=01;35:*.yuv=01;35:*.cgm=01;35:*.emf=01;35:*.ogv=01;35:*.ogx=01;35:*.aac=00;36:*.au=00;36:*.flac=00;36:*.m4a=00;36:*.mid=00;36:*.midi=00;36:*.mka=00;36:*.mp3=00;36:*.mpc=00;36:*.ogg=00;36:*.ra=00;36:*.wav=00;36:*.oga=00;36:*.opus=00;36:*.spx=00;36:*.xspf=00;36:'), ('JETSON_SOC', 'tegra23x'), ('AMENT_PREFIX_PATH', '/home/yfu/projects/ros2-picas/install/picas_example_mt:/home/yfu/projects/ros2-picas/install/picas_example:/home/yfu/projects/ros2-picas/install/trace_picas:/home/yfu/projects/ros2-picas/install/test_msgs:/home/yfu/projects/ros2-picas/install/rclcpp:/opt/ros/galactic'), ('CONDA_PYTHON_EXE', '/home/yfu/Miniconda/ENTER/bin/python'), ('SHELL', '/bin/bash'), ('LESSCLOSE', '/usr/bin/lesspipe %s %s'), ('CONDA_DEFAULT_ENV', 'base'), ('JETSON_CUDA_ARCH_BIN', '8.7'), ('PWD', '/home/yfu/projects/ros2-picas/build/test_msgs'), ('CONDA_EXE', '/home/yfu/Miniconda/ENTER/bin/conda'), ('SSH_CONNECTION', '172.19.37.200 13487 192.168.0.226 22'), ('XDG_DATA_DIRS', '/usr/local/share:/usr/share:/var/lib/snapd/desktop'), ('PYTHONPATH', '/home/yfu/projects/ros2-picas/install/test_msgs/lib/python3.8/site-packages:/opt/ros/galactic/lib/python3.8/site-packages'), ('CONDA_PREFIX', '/home/yfu/Miniconda/ENTER'), ('COLCON', '1'), ('JETSON_JETPACK', '5.1.2'), ('CMAKE_PREFIX_PATH', '/home/yfu/projects/ros2-picas/install/picas_example_mt:/home/yfu/projects/ros2-picas/install/picas_example:/home/yfu/projects/ros2-picas/install/trace_picas:/home/yfu/projects/ros2-picas/install/test_msgs:/home/yfu/projects/ros2-picas/install/rclcpp:/opt/ros/galactic'), ('JETSON_P_NUMBER', 'p3767-0005')]), 'shell': False}
[0.600362] (-) TimerEvent: {}
[0.612962] (test_msgs) StdoutLine: {'line': b'-- Install configuration: ""\n'}
[0.613983] (test_msgs) StdoutLine: {'line': b'-- Up-to-date: /home/yfu/projects/ros2-picas/install/test_msgs/share/ament_index/resource_index/rosidl_interfaces/test_msgs\n'}
[0.614587] (test_msgs) StdoutLine: {'line': b'-- Up-to-date: /home/yfu/projects/ros2-picas/install/test_msgs/include/test_msgs\n'}
[0.615003] (test_msgs) StdoutLine: {'line': b'-- Up-to-date: /home/yfu/projects/ros2-picas/install/test_msgs/include/test_msgs/msg\n'}
[0.615364] (test_msgs) StdoutLine: {'line': b'-- Up-to-date: /home/yfu/projects/ros2-picas/install/test_msgs/include/test_msgs/msg/u_time.h\n'}
[0.615771] (test_msgs) StdoutLine: {'line': b'-- Up-to-date: /home/yfu/projects/ros2-picas/install/test_msgs/include/test_msgs/msg/task_data.h\n'}
[0.616259] (test_msgs) StdoutLine: {'line': b'-- Up-to-date: /home/yfu/projects/ros2-picas/install/test_msgs/include/test_msgs/msg/rosidl_generator_c__visibility_control.h\n'}
[0.616575] (test_msgs) StdoutLine: {'line': b'-- Up-to-date: /home/yfu/projects/ros2-picas/install/test_msgs/include/test_msgs/msg/detail\n'}
[0.616856] (test_msgs) StdoutLine: {'line': b'-- Up-to-date: /home/yfu/projects/ros2-picas/install/test_msgs/include/test_msgs/msg/detail/u_time__functions.c\n'}
[0.617119] (test_msgs) StdoutLine: {'line': b'-- Up-to-date: /home/yfu/projects/ros2-picas/install/test_msgs/include/test_msgs/msg/detail/u_time__functions.h\n'}
[0.617433] (test_msgs) StdoutLine: {'line': b'-- Up-to-date: /home/yfu/projects/ros2-picas/install/test_msgs/include/test_msgs/msg/detail/test_string__functions.c\n'}
[0.617836] (test_msgs) StdoutLine: {'line': b'-- Up-to-date: /home/yfu/projects/ros2-picas/install/test_msgs/include/test_msgs/msg/detail/task_data__type_support.h\n'}
[0.618413] (test_msgs) StdoutLine: {'line': b'-- Up-to-date: /home/yfu/projects/ros2-picas/install/test_msgs/include/test_msgs/msg/detail/task_data__functions.c\n'}
[0.618894] (test_msgs) StdoutLine: {'line': b'-- Up-to-date: /home/yfu/projects/ros2-picas/install/test_msgs/include/test_msgs/msg/detail/test_string__type_support.h\n'}
[0.619252] (test_msgs) StdoutLine: {'line': b'-- Up-to-date: /home/yfu/projects/ros2-picas/install/test_msgs/include/test_msgs/msg/detail/test_string__functions.h\n'}
[0.619569] (test_msgs) StdoutLine: {'line': b'-- Up-to-date: /home/yfu/projects/ros2-picas/install/test_msgs/include/test_msgs/msg/detail/u_time__struct.h\n'}
[0.619832] (test_msgs) StdoutLine: {'line': b'-- Up-to-date: /home/yfu/projects/ros2-picas/install/test_msgs/include/test_msgs/msg/detail/task_data__struct.h\n'}
[0.620085] (test_msgs) StdoutLine: {'line': b'-- Up-to-date: /home/yfu/projects/ros2-picas/install/test_msgs/include/test_msgs/msg/detail/task_data__functions.h\n'}
[0.620392] (test_msgs) StdoutLine: {'line': b'-- Up-to-date: /home/yfu/projects/ros2-picas/install/test_msgs/include/test_msgs/msg/detail/u_time__type_support.h\n'}
[0.620742] (test_msgs) StdoutLine: {'line': b'-- Up-to-date: /home/yfu/projects/ros2-picas/install/test_msgs/include/test_msgs/msg/detail/test_string__struct.h\n'}
[0.621046] (test_msgs) StdoutLine: {'line': b'-- Up-to-date: /home/yfu/projects/ros2-picas/install/test_msgs/include/test_msgs/msg/test_string.h\n'}
[0.621300] (test_msgs) StdoutLine: {'line': b'-- Up-to-date: /home/yfu/projects/ros2-picas/install/test_msgs/share/test_msgs/environment/library_path.sh\n'}
[0.621556] (test_msgs) StdoutLine: {'line': b'-- Up-to-date: /home/yfu/projects/ros2-picas/install/test_msgs/share/test_msgs/environment/library_path.dsv\n'}
[0.621806] (test_msgs) StdoutLine: {'line': b'-- Up-to-date: /home/yfu/projects/ros2-picas/install/test_msgs/lib/libtest_msgs__rosidl_generator_c.so\n'}
[0.622099] (test_msgs) StdoutLine: {'line': b'-- Up-to-date: /home/yfu/projects/ros2-picas/install/test_msgs/include/test_msgs\n'}
[0.622370] (test_msgs) StdoutLine: {'line': b'-- Up-to-date: /home/yfu/projects/ros2-picas/install/test_msgs/include/test_msgs/msg\n'}
[0.622670] (test_msgs) StdoutLine: {'line': b'-- Up-to-date: /home/yfu/projects/ros2-picas/install/test_msgs/include/test_msgs/msg/rosidl_typesupport_introspection_c__visibility_control.h\n'}
[0.622945] (test_msgs) StdoutLine: {'line': b'-- Up-to-date: /home/yfu/projects/ros2-picas/install/test_msgs/include/test_msgs/msg/detail\n'}
[0.623193] (test_msgs) StdoutLine: {'line': b'-- Up-to-date: /home/yfu/projects/ros2-picas/install/test_msgs/include/test_msgs/msg/detail/task_data__type_support.c\n'}
[0.623487] (test_msgs) StdoutLine: {'line': b'-- Up-to-date: /home/yfu/projects/ros2-picas/install/test_msgs/include/test_msgs/msg/detail/u_time__type_support.c\n'}
[0.623745] (test_msgs) StdoutLine: {'line': b'-- Up-to-date: /home/yfu/projects/ros2-picas/install/test_msgs/include/test_msgs/msg/detail/test_string__type_support.c\n'}
[0.624005] (test_msgs) StdoutLine: {'line': b'-- Up-to-date: /home/yfu/projects/ros2-picas/install/test_msgs/include/test_msgs/msg/detail/test_string__rosidl_typesupport_introspection_c.h\n'}
[0.624260] (test_msgs) StdoutLine: {'line': b'-- Up-to-date: /home/yfu/projects/ros2-picas/install/test_msgs/include/test_msgs/msg/detail/u_time__rosidl_typesupport_introspection_c.h\n'}
[0.624582] (test_msgs) StdoutLine: {'line': b'-- Up-to-date: /home/yfu/projects/ros2-picas/install/test_msgs/include/test_msgs/msg/detail/task_data__rosidl_typesupport_introspection_c.h\n'}
[0.624843] (test_msgs) StdoutLine: {'line': b'-- Up-to-date: /home/yfu/projects/ros2-picas/install/test_msgs/lib/libtest_msgs__rosidl_typesupport_introspection_c.so\n'}
[0.625089] (test_msgs) StdoutLine: {'line': b'-- Up-to-date: /home/yfu/projects/ros2-picas/install/test_msgs/lib/libtest_msgs__rosidl_typesupport_c.so\n'}
[0.625335] (test_msgs) StdoutLine: {'line': b'-- Up-to-date: /home/yfu/projects/ros2-picas/install/test_msgs/include/test_msgs\n'}
[0.625578] (test_msgs) StdoutLine: {'line': b'-- Up-to-date: /home/yfu/projects/ros2-picas/install/test_msgs/include/test_msgs/msg\n'}
[0.625822] (test_msgs) StdoutLine: {'line': b'-- Up-to-date: /home/yfu/projects/ros2-picas/install/test_msgs/include/test_msgs/msg/u_time.hpp\n'}
[0.626070] (test_msgs) StdoutLine: {'line': b'-- Up-to-date: /home/yfu/projects/ros2-picas/install/test_msgs/include/test_msgs/msg/detail\n'}
[0.626322] (test_msgs) StdoutLine: {'line': b'-- Up-to-date: /home/yfu/projects/ros2-picas/install/test_msgs/include/test_msgs/msg/detail/task_data__struct.hpp\n'}
[0.626589] (test_msgs) StdoutLine: {'line': b'-- Up-to-date: /home/yfu/projects/ros2-picas/install/test_msgs/include/test_msgs/msg/detail/task_data__traits.hpp\n'}
[0.626858] (test_msgs) StdoutLine: {'line': b'-- Up-to-date: /home/yfu/projects/ros2-picas/install/test_msgs/include/test_msgs/msg/detail/u_time__traits.hpp\n'}
[0.627106] (test_msgs) StdoutLine: {'line': b'-- Up-to-date: /home/yfu/projects/ros2-picas/install/test_msgs/include/test_msgs/msg/detail/u_time__struct.hpp\n'}
[0.627350] (test_msgs) StdoutLine: {'line': b'-- Up-to-date: /home/yfu/projects/ros2-picas/install/test_msgs/include/test_msgs/msg/detail/test_string__struct.hpp\n'}
[0.627596] (test_msgs) StdoutLine: {'line': b'-- Up-to-date: /home/yfu/projects/ros2-picas/install/test_msgs/include/test_msgs/msg/detail/test_string__builder.hpp\n'}
[0.627846] (test_msgs) StdoutLine: {'line': b'-- Up-to-date: /home/yfu/projects/ros2-picas/install/test_msgs/include/test_msgs/msg/detail/test_string__traits.hpp\n'}
[0.628089] (test_msgs) StdoutLine: {'line': b'-- Up-to-date: /home/yfu/projects/ros2-picas/install/test_msgs/include/test_msgs/msg/detail/task_data__builder.hpp\n'}
[0.628331] (test_msgs) StdoutLine: {'line': b'-- Up-to-date: /home/yfu/projects/ros2-picas/install/test_msgs/include/test_msgs/msg/detail/u_time__builder.hpp\n'}
[0.628571] (test_msgs) StdoutLine: {'line': b'-- Up-to-date: /home/yfu/projects/ros2-picas/install/test_msgs/include/test_msgs/msg/test_string.hpp\n'}
[0.628814] (test_msgs) StdoutLine: {'line': b'-- Up-to-date: /home/yfu/projects/ros2-picas/install/test_msgs/include/test_msgs/msg/task_data.hpp\n'}
[0.629059] (test_msgs) StdoutLine: {'line': b'-- Up-to-date: /home/yfu/projects/ros2-picas/install/test_msgs/include/test_msgs\n'}
[0.629298] (test_msgs) StdoutLine: {'line': b'-- Up-to-date: /home/yfu/projects/ros2-picas/install/test_msgs/include/test_msgs/msg\n'}
[0.629537] (test_msgs) StdoutLine: {'line': b'-- Up-to-date: /home/yfu/projects/ros2-picas/install/test_msgs/include/test_msgs/msg/detail\n'}
[0.629782] (test_msgs) StdoutLine: {'line': b'-- Up-to-date: /home/yfu/projects/ros2-picas/install/test_msgs/include/test_msgs/msg/detail/test_string__type_support.cpp\n'}
[0.630075] (test_msgs) StdoutLine: {'line': b'-- Up-to-date: /home/yfu/projects/ros2-picas/install/test_msgs/include/test_msgs/msg/detail/u_time__rosidl_typesupport_introspection_cpp.hpp\n'}
[0.630336] (test_msgs) StdoutLine: {'line': b'-- Up-to-date: /home/yfu/projects/ros2-picas/install/test_msgs/include/test_msgs/msg/detail/test_string__rosidl_typesupport_introspection_cpp.hpp\n'}
[0.630644] (test_msgs) StdoutLine: {'line': b'-- Up-to-date: /home/yfu/projects/ros2-picas/install/test_msgs/include/test_msgs/msg/detail/task_data__rosidl_typesupport_introspection_cpp.hpp\n'}
[0.630950] (test_msgs) StdoutLine: {'line': b'-- Up-to-date: /home/yfu/projects/ros2-picas/install/test_msgs/include/test_msgs/msg/detail/u_time__type_support.cpp\n'}
[0.631215] (test_msgs) StdoutLine: {'line': b'-- Up-to-date: /home/yfu/projects/ros2-picas/install/test_msgs/include/test_msgs/msg/detail/task_data__type_support.cpp\n'}
[0.631484] (test_msgs) StdoutLine: {'line': b'-- Up-to-date: /home/yfu/projects/ros2-picas/install/test_msgs/lib/libtest_msgs__rosidl_typesupport_introspection_cpp.so\n'}
[0.631740] (test_msgs) StdoutLine: {'line': b'-- Up-to-date: /home/yfu/projects/ros2-picas/install/test_msgs/lib/libtest_msgs__rosidl_typesupport_cpp.so\n'}
[0.631991] (test_msgs) StdoutLine: {'line': b'-- Up-to-date: /home/yfu/projects/ros2-picas/install/test_msgs/share/test_msgs/environment/pythonpath.sh\n'}
[0.632246] (test_msgs) StdoutLine: {'line': b'-- Up-to-date: /home/yfu/projects/ros2-picas/install/test_msgs/share/test_msgs/environment/pythonpath.dsv\n'}
[0.632501] (test_msgs) StdoutLine: {'line': b'-- Up-to-date: /home/yfu/projects/ros2-picas/install/test_msgs/lib/python3.8/site-packages/test_msgs/__init__.py\n'}
[0.691888] (test_msgs) StdoutLine: {'line': b'-- Up-to-date: /home/yfu/projects/ros2-picas/install/test_msgs/lib/python3.8/site-packages/test_msgs/msg\n'}
[0.692791] (test_msgs) StdoutLine: {'line': b'-- Up-to-date: /home/yfu/projects/ros2-picas/install/test_msgs/lib/python3.8/site-packages/test_msgs/msg/_test_string.py\n'}
[0.693172] (test_msgs) StdoutLine: {'line': b'-- Up-to-date: /home/yfu/projects/ros2-picas/install/test_msgs/lib/python3.8/site-packages/test_msgs/msg/_test_string_s.c\n'}
[0.693448] (test_msgs) StdoutLine: {'line': b'-- Up-to-date: /home/yfu/projects/ros2-picas/install/test_msgs/lib/python3.8/site-packages/test_msgs/msg/_task_data.py\n'}
[0.693708] (test_msgs) StdoutLine: {'line': b'-- Up-to-date: /home/yfu/projects/ros2-picas/install/test_msgs/lib/python3.8/site-packages/test_msgs/msg/_task_data_s.c\n'}
[0.694123] (test_msgs) StdoutLine: {'line': b'-- Up-to-date: /home/yfu/projects/ros2-picas/install/test_msgs/lib/python3.8/site-packages/test_msgs/msg/_u_time_s.c\n'}
[0.694401] (test_msgs) StdoutLine: {'line': b'-- Up-to-date: /home/yfu/projects/ros2-picas/install/test_msgs/lib/python3.8/site-packages/test_msgs/msg/__init__.py\n'}
[0.694695] (test_msgs) StdoutLine: {'line': b'-- Up-to-date: /home/yfu/projects/ros2-picas/install/test_msgs/lib/python3.8/site-packages/test_msgs/msg/_u_time.py\n'}
[0.695020] (test_msgs) StdoutLine: {'line': b'-- Up-to-date: /home/yfu/projects/ros2-picas/install/test_msgs/lib/python3.8/site-packages/test_msgs/test_msgs_s__rosidl_typesupport_introspection_c.cpython-38-aarch64-linux-gnu.so\n'}
[0.695295] (test_msgs) StdoutLine: {'line': b'-- Up-to-date: /home/yfu/projects/ros2-picas/install/test_msgs/lib/python3.8/site-packages/test_msgs/test_msgs_s__rosidl_typesupport_c.cpython-38-aarch64-linux-gnu.so\n'}
[0.695737] (test_msgs) StdoutLine: {'line': b'-- Up-to-date: /home/yfu/projects/ros2-picas/install/test_msgs/lib/libtest_msgs__python.so\n'}
[0.696082] (test_msgs) StdoutLine: {'line': b'-- Up-to-date: /home/yfu/projects/ros2-picas/install/test_msgs/share/test_msgs/msg/TestString.idl\n'}
[0.696477] (test_msgs) StdoutLine: {'line': b'-- Up-to-date: /home/yfu/projects/ros2-picas/install/test_msgs/share/test_msgs/msg/UTime.idl\n'}
[0.696910] (test_msgs) StdoutLine: {'line': b'-- Up-to-date: /home/yfu/projects/ros2-picas/install/test_msgs/share/test_msgs/msg/TaskData.idl\n'}
[0.697325] (test_msgs) StdoutLine: {'line': b'-- Up-to-date: /home/yfu/projects/ros2-picas/install/test_msgs/share/test_msgs/msg/TestString.msg\n'}
[0.697646] (test_msgs) StdoutLine: {'line': b'-- Up-to-date: /home/yfu/projects/ros2-picas/install/test_msgs/share/test_msgs/msg/UTime.msg\n'}
[0.697914] (test_msgs) StdoutLine: {'line': b'-- Up-to-date: /home/yfu/projects/ros2-picas/install/test_msgs/share/test_msgs/msg/TaskData.msg\n'}
[0.698225] (test_msgs) StdoutLine: {'line': b'-- Up-to-date: /home/yfu/projects/ros2-picas/install/test_msgs/share/ament_index/resource_index/package_run_dependencies/test_msgs\n'}
[0.698608] (test_msgs) StdoutLine: {'line': b'-- Up-to-date: /home/yfu/projects/ros2-picas/install/test_msgs/share/ament_index/resource_index/parent_prefix_path/test_msgs\n'}
[0.698928] (test_msgs) StdoutLine: {'line': b'-- Up-to-date: /home/yfu/projects/ros2-picas/install/test_msgs/share/test_msgs/environment/ament_prefix_path.sh\n'}
[0.699250] (test_msgs) StdoutLine: {'line': b'-- Up-to-date: /home/yfu/projects/ros2-picas/install/test_msgs/share/test_msgs/environment/ament_prefix_path.dsv\n'}
[0.699548] (test_msgs) StdoutLine: {'line': b'-- Up-to-date: /home/yfu/projects/ros2-picas/install/test_msgs/share/test_msgs/environment/path.sh\n'}
[0.699867] (test_msgs) StdoutLine: {'line': b'-- Up-to-date: /home/yfu/projects/ros2-picas/install/test_msgs/share/test_msgs/environment/path.dsv\n'}
[0.700188] (test_msgs) StdoutLine: {'line': b'-- Up-to-date: /home/yfu/projects/ros2-picas/install/test_msgs/share/test_msgs/local_setup.bash\n'}
[0.700497] (-) TimerEvent: {}
[0.701062] (test_msgs) StdoutLine: {'line': b'-- Up-to-date: /home/yfu/projects/ros2-picas/install/test_msgs/share/test_msgs/local_setup.sh\n'}
[0.701556] (test_msgs) StdoutLine: {'line': b'-- Up-to-date: /home/yfu/projects/ros2-picas/install/test_msgs/share/test_msgs/local_setup.zsh\n'}
[0.701995] (test_msgs) StdoutLine: {'line': b'-- Up-to-date: /home/yfu/projects/ros2-picas/install/test_msgs/share/test_msgs/local_setup.dsv\n'}
[0.702379] (test_msgs) StdoutLine: {'line': b'-- Installing: /home/yfu/projects/ros2-picas/install/test_msgs/share/test_msgs/package.dsv\n'}
[0.702707] (test_msgs) StdoutLine: {'line': b'-- Up-to-date: /home/yfu/projects/ros2-picas/install/test_msgs/share/ament_index/resource_index/packages/test_msgs\n'}
[0.702990] (test_msgs) StdoutLine: {'line': b'-- Up-to-date: /home/yfu/projects/ros2-picas/install/test_msgs/share/test_msgs/cmake/test_msgs__rosidl_generator_cExport.cmake\n'}
[0.703249] (test_msgs) StdoutLine: {'line': b'-- Up-to-date: /home/yfu/projects/ros2-picas/install/test_msgs/share/test_msgs/cmake/test_msgs__rosidl_generator_cExport-noconfig.cmake\n'}
[0.703503] (test_msgs) StdoutLine: {'line': b'-- Up-to-date: /home/yfu/projects/ros2-picas/install/test_msgs/share/test_msgs/cmake/test_msgs__rosidl_typesupport_introspection_cExport.cmake\n'}
[0.703754] (test_msgs) StdoutLine: {'line': b'-- Up-to-date: /home/yfu/projects/ros2-picas/install/test_msgs/share/test_msgs/cmake/test_msgs__rosidl_typesupport_introspection_cExport-noconfig.cmake\n'}
[0.704005] (test_msgs) StdoutLine: {'line': b'-- Up-to-date: /home/yfu/projects/ros2-picas/install/test_msgs/share/test_msgs/cmake/test_msgs__rosidl_typesupport_cExport.cmake\n'}
[0.704260] (test_msgs) StdoutLine: {'line': b'-- Up-to-date: /home/yfu/projects/ros2-picas/install/test_msgs/share/test_msgs/cmake/test_msgs__rosidl_typesupport_cExport-noconfig.cmake\n'}
[0.704506] (test_msgs) StdoutLine: {'line': b'-- Up-to-date: /home/yfu/projects/ros2-picas/install/test_msgs/share/test_msgs/cmake/test_msgs__rosidl_generator_cppExport.cmake\n'}
[0.704756] (test_msgs) StdoutLine: {'line': b'-- Up-to-date: /home/yfu/projects/ros2-picas/install/test_msgs/share/test_msgs/cmake/test_msgs__rosidl_typesupport_introspection_cppExport.cmake\n'}
[0.705002] (test_msgs) StdoutLine: {'line': b'-- Up-to-date: /home/yfu/projects/ros2-picas/install/test_msgs/share/test_msgs/cmake/test_msgs__rosidl_typesupport_introspection_cppExport-noconfig.cmake\n'}
[0.705248] (test_msgs) StdoutLine: {'line': b'-- Up-to-date: /home/yfu/projects/ros2-picas/install/test_msgs/share/test_msgs/cmake/test_msgs__rosidl_typesupport_cppExport.cmake\n'}
[0.705540] (test_msgs) StdoutLine: {'line': b'-- Up-to-date: /home/yfu/projects/ros2-picas/install/test_msgs/share/test_msgs/cmake/test_msgs__rosidl_typesupport_cppExport-noconfig.cmake\n'}
[0.705846] (test_msgs) StdoutLine: {'line': b'-- Up-to-date: /home/yfu/projects/ros2-picas/install/test_msgs/share/test_msgs/cmake/rosidl_cmake-extras.cmake\n'}
[0.706107] (test_msgs) StdoutLine: {'line': b'-- Up-to-date: /home/yfu/projects/ros2-picas/install/test_msgs/share/test_msgs/cmake/ament_cmake_export_dependencies-extras.cmake\n'}
[0.706360] (test_msgs) StdoutLine: {'line': b'-- Up-to-date: /home/yfu/projects/ros2-picas/install/test_msgs/share/test_msgs/cmake/ament_cmake_export_libraries-extras.cmake\n'}
[0.706641] (test_msgs) StdoutLine: {'line': b'-- Up-to-date: /home/yfu/projects/ros2-picas/install/test_msgs/share/test_msgs/cmake/ament_cmake_export_targets-extras.cmake\n'}
[0.706906] (test_msgs) StdoutLine: {'line': b'-- Up-to-date: /home/yfu/projects/ros2-picas/install/test_msgs/share/test_msgs/cmake/ament_cmake_export_include_directories-extras.cmake\n'}
[0.707154] (test_msgs) StdoutLine: {'line': b'-- Up-to-date: /home/yfu/projects/ros2-picas/install/test_msgs/share/test_msgs/cmake/rosidl_cmake_export_typesupport_targets-extras.cmake\n'}
[0.707404] (test_msgs) StdoutLine: {'line': b'-- Up-to-date: /home/yfu/projects/ros2-picas/install/test_msgs/share/test_msgs/cmake/test_msgsConfig.cmake\n'}
[0.707659] (test_msgs) StdoutLine: {'line': b'-- Up-to-date: /home/yfu/projects/ros2-picas/install/test_msgs/share/test_msgs/cmake/test_msgsConfig-version.cmake\n'}
[0.707906] (test_msgs) StdoutLine: {'line': b'-- Up-to-date: /home/yfu/projects/ros2-picas/install/test_msgs/share/test_msgs/package.xml\n'}
[0.711680] (test_msgs) CommandEnded: {'returncode': 0}
[0.800816] (-) TimerEvent: {}
[0.864759] (test_msgs) JobEnded: {'identifier': 'test_msgs', 'rc': 0}
[0.867408] (rclcpp) JobStarted: {'identifier': 'rclcpp'}
[0.886985] (rclcpp) JobProgress: {'identifier': 'rclcpp', 'progress': 'cmake'}
[0.888530] (rclcpp) JobProgress: {'identifier': 'rclcpp', 'progress': 'build'}
[0.889197] (rclcpp) Command: {'cmd': ['/usr/bin/cmake', '--build', '/home/yfu/projects/ros2-picas/build/rclcpp', '--', '-j6', '-l6'], 'cwd': '/home/yfu/projects/ros2-picas/build/rclcpp', 'env': OrderedDict([('LESSOPEN', '| /usr/bin/lesspipe %s'), ('CONDA_PROMPT_MODIFIER', '(base)'), ('USER', 'yfu'), ('SSH_CLIENT', '172.19.37.200 13487 22'), ('XDG_SESSION_TYPE', 'tty'), ('SHLVL', '1'), ('LD_LIBRARY_PATH', '/home/yfu/projects/ros2-picas/install/test_msgs/lib:/home/yfu/projects/ros2-picas/install/trace_picas/lib:/home/yfu/projects/ros2-picas/install/rclcpp/lib:/opt/ros/galactic/opt/yaml_cpp_vendor/lib:/opt/ros/galactic/lib/aarch64-linux-gnu:/opt/ros/galactic/lib'), ('MOTD_SHOWN', 'pam'), ('HOME', '/home/yfu'), ('CONDA_SHLVL', '1'), ('OLDPWD', '/home/yfu/projects'), ('SSH_TTY', '/dev/pts/0'), ('JETSON_L4T', '35.4.1'), ('ROS_PYTHON_VERSION', '3'), ('JETSON_MODEL', 'NVIDIA Orin Nano Developer Kit'), ('DBUS_SESSION_BUS_ADDRESS', 'unix:path=/run/user/1001/bus'), ('COLCON_PREFIX_PATH', '/home/yfu/projects/ros2-picas/install'), ('ROS_DISTRO', 'galactic'), ('LOGNAME', 'yfu'), ('JETSON_MODULE', 'NVIDIA Jetson Orin Nano (Developer kit)'), ('JETSON_SERIAL_NUMBER', '1421523024361'), ('_', '/usr/bin/colcon'), ('ROS_VERSION', '2'), ('JETSON_CODENAME', 'P3768'), ('XDG_SESSION_CLASS', 'user'), ('TERM', 'xterm'), ('XDG_SESSION_ID', '656'), ('ROS_LOCALHOST_ONLY', '0'), ('PATH', '/usr/bin:/home/yfu/.local/bin:/opt/ros/galactic/bin:/home/yfu/Miniconda/ENTER/bin:/home/yfu/Miniconda/ENTER/condabin:$/home/yfu/Miniconda/ENTER/bin:/usr/local/sbin:/usr/local/bin:/usr/sbin:/usr/bin:/sbin:/bin:/usr/games:/usr/local/games:/snap/bin'), ('XDG_RUNTIME_DIR', '/run/user/1001'), ('DISPLAY', 'localhost:10.0'), ('LANG', 'en_US.UTF-8'), ('LS_COLORS', 'rs=0:di=01;34:ln=01;36:mh=00:pi=40;33:so=01;35:do=01;35:bd=40;33;01:cd=40;33;01:or=40;31;01:mi=00:su=37;41:sg=30;43:ca=30;41:tw=30;42:ow=34;42:st=37;44:ex=01;32:*.tar=01;31:*.tgz=01;31:*.arc=01;31:*.arj=01;31:*.taz=01;31:*.lha=01;31:*.lz4=01;31:*.lzh=01;31:*.lzma=01;31:*.tlz=01;31:*.txz=01;31:*.tzo=01;31:*.t7z=01;31:*.zip=01;31:*.z=01;31:*.dz=01;31:*.gz=01;31:*.lrz=01;31:*.lz=01;31:*.lzo=01;31:*.xz=01;31:*.zst=01;31:*.tzst=01;31:*.bz2=01;31:*.bz=01;31:*.tbz=01;31:*.tbz2=01;31:*.tz=01;31:*.deb=01;31:*.rpm=01;31:*.jar=01;31:*.war=01;31:*.ear=01;31:*.sar=01;31:*.rar=01;31:*.alz=01;31:*.ace=01;31:*.zoo=01;31:*.cpio=01;31:*.7z=01;31:*.rz=01;31:*.cab=01;31:*.wim=01;31:*.swm=01;31:*.dwm=01;31:*.esd=01;31:*.jpg=01;35:*.jpeg=01;35:*.mjpg=01;35:*.mjpeg=01;35:*.gif=01;35:*.bmp=01;35:*.pbm=01;35:*.pgm=01;35:*.ppm=01;35:*.tga=01;35:*.xbm=01;35:*.xpm=01;35:*.tif=01;35:*.tiff=01;35:*.png=01;35:*.svg=01;35:*.svgz=01;35:*.mng=01;35:*.pcx=01;35:*.mov=01;35:*.mpg=01;35:*.mpeg=01;35:*.m2v=01;35:*.mkv=01;35:*.webm=01;35:*.ogm=01;35:*.mp4=01;35:*.m4v=01;35:*.mp4v=01;35:*.vob=01;35:*.qt=01;35:*.nuv=01;35:*.wmv=01;35:*.asf=01;35:*.rm=01;35:*.rmvb=01;35:*.flc=01;35:*.avi=01;35:*.fli=01;35:*.flv=01;35:*.gl=01;35:*.dl=01;35:*.xcf=01;35:*.xwd=01;35:*.yuv=01;35:*.cgm=01;35:*.emf=01;35:*.ogv=01;35:*.ogx=01;35:*.aac=00;36:*.au=00;36:*.flac=00;36:*.m4a=00;36:*.mid=00;36:*.midi=00;36:*.mka=00;36:*.mp3=00;36:*.mpc=00;36:*.ogg=00;36:*.ra=00;36:*.wav=00;36:*.oga=00;36:*.opus=00;36:*.spx=00;36:*.xspf=00;36:'), ('JETSON_SOC', 'tegra23x'), ('AMENT_PREFIX_PATH', '/home/yfu/projects/ros2-picas/install/picas_example_mt:/home/yfu/projects/ros2-picas/install/picas_example:/home/yfu/projects/ros2-picas/install/trace_picas:/home/yfu/projects/ros2-picas/install/test_msgs:/home/yfu/projects/ros2-picas/install/rclcpp:/opt/ros/galactic'), ('CONDA_PYTHON_EXE', '/home/yfu/Miniconda/ENTER/bin/python'), ('SHELL', '/bin/bash'), ('LESSCLOSE', '/usr/bin/lesspipe %s %s'), ('CONDA_DEFAULT_ENV', 'base'), ('JETSON_CUDA_ARCH_BIN', '8.7'), ('PWD', '/home/yfu/projects/ros2-picas/build/rclcpp'), ('CONDA_EXE', '/home/yfu/Miniconda/ENTER/bin/conda'), ('SSH_CONNECTION', '172.19.37.200 13487 192.168.0.226 22'), ('XDG_DATA_DIRS', '/usr/local/share:/usr/share:/var/lib/snapd/desktop'), ('PYTHONPATH', '/home/yfu/projects/ros2-picas/install/test_msgs/lib/python3.8/site-packages:/opt/ros/galactic/lib/python3.8/site-packages'), ('CONDA_PREFIX', '/home/yfu/Miniconda/ENTER'), ('COLCON', '1'), ('JETSON_JETPACK', '5.1.2'), ('CMAKE_PREFIX_PATH', '/home/yfu/projects/ros2-picas/install/test_msgs:/home/yfu/projects/ros2-picas/install/picas_example_mt:/home/yfu/projects/ros2-picas/install/picas_example:/home/yfu/projects/ros2-picas/install/trace_picas:/home/yfu/projects/ros2-picas/install/rclcpp:/opt/ros/galactic'), ('JETSON_P_NUMBER', 'p3767-0005')]), 'shell': False}
[0.901241] (-) TimerEvent: {}
[1.002876] (-) TimerEvent: {}
[1.103860] (-) TimerEvent: {}
[1.150877] (rclcpp) StdoutLine: {'line': b'[100%] Built target rclcpp\n'}
[1.185551] (rclcpp) CommandEnded: {'returncode': 0}
[1.188111] (rclcpp) JobProgress: {'identifier': 'rclcpp', 'progress': 'install'}
[1.188681] (rclcpp) Command: {'cmd': ['/usr/bin/cmake', '--install', '/home/yfu/projects/ros2-picas/build/rclcpp'], 'cwd': '/home/yfu/projects/ros2-picas/build/rclcpp', 'env': OrderedDict([('LESSOPEN', '| /usr/bin/lesspipe %s'), ('CONDA_PROMPT_MODIFIER', '(base)'), ('USER', 'yfu'), ('SSH_CLIENT', '172.19.37.200 13487 22'), ('XDG_SESSION_TYPE', 'tty'), ('SHLVL', '1'), ('LD_LIBRARY_PATH', '/home/yfu/projects/ros2-picas/install/test_msgs/lib:/home/yfu/projects/ros2-picas/install/trace_picas/lib:/home/yfu/projects/ros2-picas/install/rclcpp/lib:/opt/ros/galactic/opt/yaml_cpp_vendor/lib:/opt/ros/galactic/lib/aarch64-linux-gnu:/opt/ros/galactic/lib'), ('MOTD_SHOWN', 'pam'), ('HOME', '/home/yfu'), ('CONDA_SHLVL', '1'), ('OLDPWD', '/home/yfu/projects'), ('SSH_TTY', '/dev/pts/0'), ('JETSON_L4T', '35.4.1'), ('ROS_PYTHON_VERSION', '3'), ('JETSON_MODEL', 'NVIDIA Orin Nano Developer Kit'), ('DBUS_SESSION_BUS_ADDRESS', 'unix:path=/run/user/1001/bus'), ('COLCON_PREFIX_PATH', '/home/yfu/projects/ros2-picas/install'), ('ROS_DISTRO', 'galactic'), ('LOGNAME', 'yfu'), ('JETSON_MODULE', 'NVIDIA Jetson Orin Nano (Developer kit)'), ('JETSON_SERIAL_NUMBER', '1421523024361'), ('_', '/usr/bin/colcon'), ('ROS_VERSION', '2'), ('JETSON_CODENAME', 'P3768'), ('XDG_SESSION_CLASS', 'user'), ('TERM', 'xterm'), ('XDG_SESSION_ID', '656'), ('ROS_LOCALHOST_ONLY', '0'), ('PATH', '/usr/bin:/home/yfu/.local/bin:/opt/ros/galactic/bin:/home/yfu/Miniconda/ENTER/bin:/home/yfu/Miniconda/ENTER/condabin:$/home/yfu/Miniconda/ENTER/bin:/usr/local/sbin:/usr/local/bin:/usr/sbin:/usr/bin:/sbin:/bin:/usr/games:/usr/local/games:/snap/bin'), ('XDG_RUNTIME_DIR', '/run/user/1001'), ('DISPLAY', 'localhost:10.0'), ('LANG', 'en_US.UTF-8'), ('LS_COLORS', 'rs=0:di=01;34:ln=01;36:mh=00:pi=40;33:so=01;35:do=01;35:bd=40;33;01:cd=40;33;01:or=40;31;01:mi=00:su=37;41:sg=30;43:ca=30;41:tw=30;42:ow=34;42:st=37;44:ex=01;32:*.tar=01;31:*.tgz=01;31:*.arc=01;31:*.arj=01;31:*.taz=01;31:*.lha=01;31:*.lz4=01;31:*.lzh=01;31:*.lzma=01;31:*.tlz=01;31:*.txz=01;31:*.tzo=01;31:*.t7z=01;31:*.zip=01;31:*.z=01;31:*.dz=01;31:*.gz=01;31:*.lrz=01;31:*.lz=01;31:*.lzo=01;31:*.xz=01;31:*.zst=01;31:*.tzst=01;31:*.bz2=01;31:*.bz=01;31:*.tbz=01;31:*.tbz2=01;31:*.tz=01;31:*.deb=01;31:*.rpm=01;31:*.jar=01;31:*.war=01;31:*.ear=01;31:*.sar=01;31:*.rar=01;31:*.alz=01;31:*.ace=01;31:*.zoo=01;31:*.cpio=01;31:*.7z=01;31:*.rz=01;31:*.cab=01;31:*.wim=01;31:*.swm=01;31:*.dwm=01;31:*.esd=01;31:*.jpg=01;35:*.jpeg=01;35:*.mjpg=01;35:*.mjpeg=01;35:*.gif=01;35:*.bmp=01;35:*.pbm=01;35:*.pgm=01;35:*.ppm=01;35:*.tga=01;35:*.xbm=01;35:*.xpm=01;35:*.tif=01;35:*.tiff=01;35:*.png=01;35:*.svg=01;35:*.svgz=01;35:*.mng=01;35:*.pcx=01;35:*.mov=01;35:*.mpg=01;35:*.mpeg=01;35:*.m2v=01;35:*.mkv=01;35:*.webm=01;35:*.ogm=01;35:*.mp4=01;35:*.m4v=01;35:*.mp4v=01;35:*.vob=01;35:*.qt=01;35:*.nuv=01;35:*.wmv=01;35:*.asf=01;35:*.rm=01;35:*.rmvb=01;35:*.flc=01;35:*.avi=01;35:*.fli=01;35:*.flv=01;35:*.gl=01;35:*.dl=01;35:*.xcf=01;35:*.xwd=01;35:*.yuv=01;35:*.cgm=01;35:*.emf=01;35:*.ogv=01;35:*.ogx=01;35:*.aac=00;36:*.au=00;36:*.flac=00;36:*.m4a=00;36:*.mid=00;36:*.midi=00;36:*.mka=00;36:*.mp3=00;36:*.mpc=00;36:*.ogg=00;36:*.ra=00;36:*.wav=00;36:*.oga=00;36:*.opus=00;36:*.spx=00;36:*.xspf=00;36:'), ('JETSON_SOC', 'tegra23x'), ('AMENT_PREFIX_PATH', '/home/yfu/projects/ros2-picas/install/picas_example_mt:/home/yfu/projects/ros2-picas/install/picas_example:/home/yfu/projects/ros2-picas/install/trace_picas:/home/yfu/projects/ros2-picas/install/test_msgs:/home/yfu/projects/ros2-picas/install/rclcpp:/opt/ros/galactic'), ('CONDA_PYTHON_EXE', '/home/yfu/Miniconda/ENTER/bin/python'), ('SHELL', '/bin/bash'), ('LESSCLOSE', '/usr/bin/lesspipe %s %s'), ('CONDA_DEFAULT_ENV', 'base'), ('JETSON_CUDA_ARCH_BIN', '8.7'), ('PWD', '/home/yfu/projects/ros2-picas/build/rclcpp'), ('CONDA_EXE', '/home/yfu/Miniconda/ENTER/bin/conda'), ('SSH_CONNECTION', '172.19.37.200 13487 192.168.0.226 22'), ('XDG_DATA_DIRS', '/usr/local/share:/usr/share:/var/lib/snapd/desktop'), ('PYTHONPATH', '/home/yfu/projects/ros2-picas/install/test_msgs/lib/python3.8/site-packages:/opt/ros/galactic/lib/python3.8/site-packages'), ('CONDA_PREFIX', '/home/yfu/Miniconda/ENTER'), ('COLCON', '1'), ('JETSON_JETPACK', '5.1.2'), ('CMAKE_PREFIX_PATH', '/home/yfu/projects/ros2-picas/install/test_msgs:/home/yfu/projects/ros2-picas/install/picas_example_mt:/home/yfu/projects/ros2-picas/install/picas_example:/home/yfu/projects/ros2-picas/install/trace_picas:/home/yfu/projects/ros2-picas/install/rclcpp:/opt/ros/galactic'), ('JETSON_P_NUMBER', 'p3767-0005')]), 'shell': False}
[1.203992] (-) TimerEvent: {}
[1.221379] (rclcpp) StdoutLine: {'line': b'-- Install configuration: ""\n'}
[1.222003] (rclcpp) StdoutLine: {'line': b'-- Up-to-date: /home/yfu/projects/ros2-picas/install/rclcpp/lib/librclcpp.so\n'}
[1.222240] (rclcpp) StdoutLine: {'line': b'-- Up-to-date: /home/yfu/projects/ros2-picas/install/rclcpp/share/rclcpp/environment/library_path.sh\n'}
[1.222452] (rclcpp) StdoutLine: {'line': b'-- Up-to-date: /home/yfu/projects/ros2-picas/install/rclcpp/share/rclcpp/environment/library_path.dsv\n'}
[1.222668] (rclcpp) StdoutLine: {'line': b'-- Up-to-date: /home/yfu/projects/ros2-picas/install/rclcpp/share/ament_index/resource_index/package_run_dependencies/rclcpp\n'}
[1.222901] (rclcpp) StdoutLine: {'line': b'-- Up-to-date: /home/yfu/projects/ros2-picas/install/rclcpp/share/ament_index/resource_index/parent_prefix_path/rclcpp\n'}
[1.223105] (rclcpp) StdoutLine: {'line': b'-- Up-to-date: /home/yfu/projects/ros2-picas/install/rclcpp/share/rclcpp/environment/ament_prefix_path.sh\n'}
[1.223305] (rclcpp) StdoutLine: {'line': b'-- Up-to-date: /home/yfu/projects/ros2-picas/install/rclcpp/share/rclcpp/environment/ament_prefix_path.dsv\n'}
[1.223475] (rclcpp) StdoutLine: {'line': b'-- Up-to-date: /home/yfu/projects/ros2-picas/install/rclcpp/share/rclcpp/environment/path.sh\n'}
[1.223651] (rclcpp) StdoutLine: {'line': b'-- Up-to-date: /home/yfu/projects/ros2-picas/install/rclcpp/share/rclcpp/environment/path.dsv\n'}
[1.223815] (rclcpp) StdoutLine: {'line': b'-- Up-to-date: /home/yfu/projects/ros2-picas/install/rclcpp/share/rclcpp/local_setup.bash\n'}
[1.223957] (rclcpp) StdoutLine: {'line': b'-- Up-to-date: /home/yfu/projects/ros2-picas/install/rclcpp/share/rclcpp/local_setup.sh\n'}
[1.224096] (rclcpp) StdoutLine: {'line': b'-- Up-to-date: /home/yfu/projects/ros2-picas/install/rclcpp/share/rclcpp/local_setup.zsh\n'}
[1.224235] (rclcpp) StdoutLine: {'line': b'-- Up-to-date: /home/yfu/projects/ros2-picas/install/rclcpp/share/rclcpp/local_setup.dsv\n'}
[1.224399] (rclcpp) StdoutLine: {'line': b'-- Installing: /home/yfu/projects/ros2-picas/install/rclcpp/share/rclcpp/package.dsv\n'}
[1.224545] (rclcpp) StdoutLine: {'line': b'-- Up-to-date: /home/yfu/projects/ros2-picas/install/rclcpp/share/ament_index/resource_index/packages/rclcpp\n'}
[1.224708] (rclcpp) StdoutLine: {'line': b'-- Up-to-date: /home/yfu/projects/ros2-picas/install/rclcpp/share/rclcpp/cmake/rclcppExport.cmake\n'}
[1.224871] (rclcpp) StdoutLine: {'line': b'-- Up-to-date: /home/yfu/projects/ros2-picas/install/rclcpp/share/rclcpp/cmake/rclcppExport-noconfig.cmake\n'}
[1.225063] (rclcpp) StdoutLine: {'line': b'-- Up-to-date: /home/yfu/projects/ros2-picas/install/rclcpp/share/rclcpp/cmake/ament_cmake_export_include_directories-extras.cmake\n'}
[1.225248] (rclcpp) StdoutLine: {'line': b'-- Up-to-date: /home/yfu/projects/ros2-picas/install/rclcpp/share/rclcpp/cmake/ament_cmake_export_libraries-extras.cmake\n'}
[1.225460] (rclcpp) StdoutLine: {'line': b'-- Up-to-date: /home/yfu/projects/ros2-picas/install/rclcpp/share/rclcpp/cmake/ament_cmake_export_targets-extras.cmake\n'}
[1.225630] (rclcpp) StdoutLine: {'line': b'-- Up-to-date: /home/yfu/projects/ros2-picas/install/rclcpp/share/rclcpp/cmake/ament_cmake_export_dependencies-extras.cmake\n'}
[1.225812] (rclcpp) StdoutLine: {'line': b'-- Up-to-date: /home/yfu/projects/ros2-picas/install/rclcpp/share/rclcpp/cmake/rclcppConfig.cmake\n'}
[1.225972] (rclcpp) StdoutLine: {'line': b'-- Up-to-date: /home/yfu/projects/ros2-picas/install/rclcpp/share/rclcpp/cmake/rclcppConfig-version.cmake\n'}
[1.226202] (rclcpp) StdoutLine: {'line': b'-- Up-to-date: /home/yfu/projects/ros2-picas/install/rclcpp/share/rclcpp/package.xml\n'}
[1.226419] (rclcpp) StdoutLine: {'line': b'-- Up-to-date: /home/yfu/projects/ros2-picas/install/rclcpp/include\n'}
[1.226658] (rclcpp) StdoutLine: {'line': b'-- Up-to-date: /home/yfu/projects/ros2-picas/install/rclcpp/include/rclcpp\n'}
[1.226942] (rclcpp) StdoutLine: {'line': b'-- Up-to-date: /home/yfu/projects/ros2-picas/install/rclcpp/include/rclcpp/function_traits.hpp\n'}
[1.227205] (rclcpp) StdoutLine: {'line': b'-- Up-to-date: /home/yfu/projects/ros2-picas/install/rclcpp/include/rclcpp/node_impl.hpp\n'}
[1.227424] (rclcpp) StdoutLine: {'line': b'-- Up-to-date: /home/yfu/projects/ros2-picas/install/rclcpp/include/rclcpp/typesupport_helpers.hpp\n'}
[1.227655] (rclcpp) StdoutLine: {'line': b'-- Up-to-date: /home/yfu/projects/ros2-picas/install/rclcpp/include/rclcpp/publisher_factory.hpp\n'}
[1.227881] (rclcpp) StdoutLine: {'line': b'-- Up-to-date: /home/yfu/projects/ros2-picas/install/rclcpp/include/rclcpp/timer.hpp\n'}
[1.228124] (rclcpp) StdoutLine: {'line': b'-- Up-to-date: /home/yfu/projects/ros2-picas/install/rclcpp/include/rclcpp/parameter_map.hpp\n'}
[1.228365] (rclcpp) StdoutLine: {'line': b'-- Up-to-date: /home/yfu/projects/ros2-picas/install/rclcpp/include/rclcpp/experimental\n'}
[1.228588] (rclcpp) StdoutLine: {'line': b'-- Up-to-date: /home/yfu/projects/ros2-picas/install/rclcpp/include/rclcpp/experimental/subscription_intra_process_base.hpp\n'}
[1.228822] (rclcpp) StdoutLine: {'line': b'-- Up-to-date: /home/yfu/projects/ros2-picas/install/rclcpp/include/rclcpp/experimental/README.md\n'}
[1.229038] (rclcpp) StdoutLine: {'line': b'-- Up-to-date: /home/yfu/projects/ros2-picas/install/rclcpp/include/rclcpp/experimental/intra_process_manager.hpp\n'}
[1.229259] (rclcpp) StdoutLine: {'line': b'-- Up-to-date: /home/yfu/projects/ros2-picas/install/rclcpp/include/rclcpp/experimental/subscription_intra_process.hpp\n'}
[1.229470] (rclcpp) StdoutLine: {'line': b'-- Up-to-date: /home/yfu/projects/ros2-picas/install/rclcpp/include/rclcpp/experimental/buffers\n'}
[1.229694] (rclcpp) StdoutLine: {'line': b'-- Up-to-date: /home/yfu/projects/ros2-picas/install/rclcpp/include/rclcpp/experimental/buffers/intra_process_buffer.hpp\n'}
[1.229907] (rclcpp) StdoutLine: {'line': b'-- Up-to-date: /home/yfu/projects/ros2-picas/install/rclcpp/include/rclcpp/experimental/buffers/ring_buffer_implementation.hpp\n'}
[1.230153] (rclcpp) StdoutLine: {'line': b'-- Up-to-date: /home/yfu/projects/ros2-picas/install/rclcpp/include/rclcpp/experimental/buffers/buffer_implementation_base.hpp\n'}
[1.230381] (rclcpp) StdoutLine: {'line': b'-- Up-to-date: /home/yfu/projects/ros2-picas/install/rclcpp/include/rclcpp/experimental/create_intra_process_buffer.hpp\n'}
[1.230629] (rclcpp) StdoutLine: {'line': b'-- Up-to-date: /home/yfu/projects/ros2-picas/install/rclcpp/include/rclcpp/experimental/executable_list.hpp\n'}
[1.230852] (rclcpp) StdoutLine: {'line': b'-- Up-to-date: /home/yfu/projects/ros2-picas/install/rclcpp/include/rclcpp/macros.hpp\n'}
[1.231084] (rclcpp) StdoutLine: {'line': b'-- Up-to-date: /home/yfu/projects/ros2-picas/install/rclcpp/include/rclcpp/strategies\n'}
[1.231268] (rclcpp) StdoutLine: {'line': b'-- Up-to-date: /home/yfu/projects/ros2-picas/install/rclcpp/include/rclcpp/strategies/allocator_memory_strategy.hpp\n'}
[1.231414] (rclcpp) StdoutLine: {'line': b'-- Up-to-date: /home/yfu/projects/ros2-picas/install/rclcpp/include/rclcpp/strategies/message_pool_memory_strategy.hpp\n'}
[1.231550] (rclcpp) StdoutLine: {'line': b'-- Up-to-date: /home/yfu/projects/ros2-picas/install/rclcpp/include/rclcpp/any_service_callback.hpp\n'}
[1.231685] (rclcpp) StdoutLine: {'line': b'-- Up-to-date: /home/yfu/projects/ros2-picas/install/rclcpp/include/rclcpp/executors.hpp\n'}
[1.231819] (rclcpp) StdoutLine: {'line': b'-- Up-to-date: /home/yfu/projects/ros2-picas/install/rclcpp/include/rclcpp/parameter.hpp\n'}
[1.231950] (rclcpp) StdoutLine: {'line': b'-- Up-to-date: /home/yfu/projects/ros2-picas/install/rclcpp/include/rclcpp/generic_publisher.hpp\n'}
[1.232083] (rclcpp) StdoutLine: {'line': b'-- Up-to-date: /home/yfu/projects/ros2-picas/install/rclcpp/include/rclcpp/parameter_events_filter.hpp\n'}
[1.232215] (rclcpp) StdoutLine: {'line': b'-- Up-to-date: /home/yfu/projects/ros2-picas/install/rclcpp/include/rclcpp/wait_set.hpp\n'}
[1.232344] (rclcpp) StdoutLine: {'line': b'-- Up-to-date: /home/yfu/projects/ros2-picas/install/rclcpp/include/rclcpp/parameter_service.hpp\n'}
[1.232733] (rclcpp) StdoutLine: {'line': b'-- Up-to-date: /home/yfu/projects/ros2-picas/install/rclcpp/include/rclcpp/topic_statistics\n'}
[1.232933] (rclcpp) StdoutLine: {'line': b'-- Up-to-date: /home/yfu/projects/ros2-picas/install/rclcpp/include/rclcpp/topic_statistics/subscription_topic_statistics.hpp\n'}
[1.233168] (rclcpp) StdoutLine: {'line': b'-- Up-to-date: /home/yfu/projects/ros2-picas/install/rclcpp/include/rclcpp/wait_for_message.hpp\n'}
[1.233413] (rclcpp) StdoutLine: {'line': b'-- Up-to-date: /home/yfu/projects/ros2-picas/install/rclcpp/include/rclcpp/exceptions\n'}
[1.233596] (rclcpp) StdoutLine: {'line': b'-- Up-to-date: /home/yfu/projects/ros2-picas/install/rclcpp/include/rclcpp/exceptions/exceptions.hpp\n'}
[1.234002] (rclcpp) StdoutLine: {'line': b'-- Up-to-date: /home/yfu/projects/ros2-picas/install/rclcpp/include/rclcpp/future_return_code.hpp\n'}
[1.235256] (rclcpp) StdoutLine: {'line': b'-- Up-to-date: /home/yfu/projects/ros2-picas/install/rclcpp/include/rclcpp/intra_process_buffer_type.hpp\n'}
[1.235444] (rclcpp) StdoutLine: {'line': b'-- Up-to-date: /home/yfu/projects/ros2-picas/install/rclcpp/include/rclcpp/create_generic_subscription.hpp\n'}
[1.235600] (rclcpp) StdoutLine: {'line': b'-- Up-to-date: /home/yfu/projects/ros2-picas/install/rclcpp/include/rclcpp/event.hpp\n'}
[1.235753] (rclcpp) StdoutLine: {'line': b'-- Up-to-date: /home/yfu/projects/ros2-picas/install/rclcpp/include/rclcpp/qos_overriding_options.hpp\n'}
[1.235896] (rclcpp) StdoutLine: {'line': b'-- Up-to-date: /home/yfu/projects/ros2-picas/install/rclcpp/include/rclcpp/type_support_decl.hpp\n'}
[1.236038] (rclcpp) StdoutLine: {'line': b'-- Up-to-date: /home/yfu/projects/ros2-picas/install/rclcpp/include/rclcpp/topic_statistics_state.hpp\n'}
[1.236171] (rclcpp) StdoutLine: {'line': b'-- Up-to-date: /home/yfu/projects/ros2-picas/install/rclcpp/include/rclcpp/scheduler.hpp\n'}
[1.236303] (rclcpp) StdoutLine: {'line': b'-- Up-to-date: /home/yfu/projects/ros2-picas/install/rclcpp/include/rclcpp/publisher.hpp\n'}
[1.236439] (rclcpp) StdoutLine: {'line': b'-- Up-to-date: /home/yfu/projects/ros2-picas/install/rclcpp/include/rclcpp/exceptions.hpp\n'}
[1.236570] (rclcpp) StdoutLine: {'line': b'-- Up-to-date: /home/yfu/projects/ros2-picas/install/rclcpp/include/rclcpp/create_subscription.hpp\n'}
[1.236703] (rclcpp) StdoutLine: {'line': b'-- Up-to-date: /home/yfu/projects/ros2-picas/install/rclcpp/include/rclcpp/callback_group.hpp\n'}
[1.236834] (rclcpp) StdoutLine: {'line': b'-- Up-to-date: /home/yfu/projects/ros2-picas/install/rclcpp/include/rclcpp/visibility_control.hpp\n'}
[1.236964] (rclcpp) StdoutLine: {'line': b'-- Up-to-date: /home/yfu/projects/ros2-picas/install/rclcpp/include/rclcpp/node.hpp\n'}
[1.237092] (rclcpp) StdoutLine: {'line': b'-- Up-to-date: /home/yfu/projects/ros2-picas/install/rclcpp/include/rclcpp/client.hpp\n'}
[1.237223] (rclcpp) StdoutLine: {'line': b'-- Up-to-date: /home/yfu/projects/ros2-picas/install/rclcpp/include/rclcpp/duration.hpp\n'}
[1.237350] (rclcpp) StdoutLine: {'line': b'-- Up-to-date: /home/yfu/projects/ros2-picas/install/rclcpp/include/rclcpp/parameter_event_handler.hpp\n'}
[1.237477] (rclcpp) StdoutLine: {'line': b'-- Up-to-date: /home/yfu/projects/ros2-picas/install/rclcpp/include/rclcpp/clock.hpp\n'}
[1.237605] (rclcpp) StdoutLine: {'line': b'-- Up-to-date: /home/yfu/projects/ros2-picas/install/rclcpp/include/rclcpp/expand_topic_or_service_name.hpp\n'}
[1.237736] (rclcpp) StdoutLine: {'line': b'-- Up-to-date: /home/yfu/projects/ros2-picas/install/rclcpp/include/rclcpp/parameter_value.hpp\n'}
[1.237863] (rclcpp) StdoutLine: {'line': b'-- Up-to-date: /home/yfu/projects/ros2-picas/install/rclcpp/include/rclcpp/subscription_base.hpp\n'}
[1.237988] (rclcpp) StdoutLine: {'line': b'-- Up-to-date: /home/yfu/projects/ros2-picas/install/rclcpp/include/rclcpp/subscription_traits.hpp\n'}
[1.238116] (rclcpp) StdoutLine: {'line': b'-- Up-to-date: /home/yfu/projects/ros2-picas/install/rclcpp/include/rclcpp/cb_sched.hpp\n'}
[1.238286] (rclcpp) StdoutLine: {'line': b'-- Up-to-date: /home/yfu/projects/ros2-picas/install/rclcpp/include/rclcpp/memory_strategies.hpp\n'}
[1.238422] (rclcpp) StdoutLine: {'line': b'-- Up-to-date: /home/yfu/projects/ros2-picas/install/rclcpp/include/rclcpp/publisher_options.hpp\n'}
[1.238557] (rclcpp) StdoutLine: {'line': b'-- Up-to-date: /home/yfu/projects/ros2-picas/install/rclcpp/include/rclcpp/executor.hpp\n'}
[1.238731] (rclcpp) StdoutLine: {'line': b'-- Up-to-date: /home/yfu/projects/ros2-picas/install/rclcpp/include/rclcpp/rate.hpp\n'}
[1.238875] (rclcpp) StdoutLine: {'line': b'-- Up-to-date: /home/yfu/projects/ros2-picas/install/rclcpp/include/rclcpp/node_interfaces\n'}
[1.239010] (rclcpp) StdoutLine: {'line': b'-- Up-to-date: /home/yfu/projects/ros2-picas/install/rclcpp/include/rclcpp/node_interfaces/node_logging_interface.hpp\n'}
[1.239164] (rclcpp) StdoutLine: {'line': b'-- Up-to-date: /home/yfu/projects/ros2-picas/install/rclcpp/include/rclcpp/node_interfaces/node_time_source.hpp\n'}
[1.239297] (rclcpp) StdoutLine: {'line': b'-- Up-to-date: /home/yfu/projects/ros2-picas/install/rclcpp/include/rclcpp/node_interfaces/node_services_interface.hpp\n'}
[1.239429] (rclcpp) StdoutLine: {'line': b'-- Up-to-date: /home/yfu/projects/ros2-picas/install/rclcpp/include/rclcpp/node_interfaces/node_time_source_interface.hpp\n'}
[1.239560] (rclcpp) StdoutLine: {'line': b'-- Up-to-date: /home/yfu/projects/ros2-picas/install/rclcpp/include/rclcpp/node_interfaces/node_timers_interface.hpp\n'}
[1.239706] (rclcpp) StdoutLine: {'line': b'-- Up-to-date: /home/yfu/projects/ros2-picas/install/rclcpp/include/rclcpp/node_interfaces/node_parameters.hpp\n'}
[1.239842] (rclcpp) StdoutLine: {'line': b'-- Up-to-date: /home/yfu/projects/ros2-picas/install/rclcpp/include/rclcpp/node_interfaces/node_services.hpp\n'}
[1.239976] (rclcpp) StdoutLine: {'line': b'-- Up-to-date: /home/yfu/projects/ros2-picas/install/rclcpp/include/rclcpp/node_interfaces/node_waitables.hpp\n'}
[1.240109] (rclcpp) StdoutLine: {'line': b'-- Up-to-date: /home/yfu/projects/ros2-picas/install/rclcpp/include/rclcpp/node_interfaces/node_graph.hpp\n'}
[1.240241] (rclcpp) StdoutLine: {'line': b'-- Up-to-date: /home/yfu/projects/ros2-picas/install/rclcpp/include/rclcpp/node_interfaces/node_parameters_interface.hpp\n'}
[1.240368] (rclcpp) StdoutLine: {'line': b'-- Up-to-date: /home/yfu/projects/ros2-picas/install/rclcpp/include/rclcpp/node_interfaces/node_topics_interface.hpp\n'}
[1.240496] (rclcpp) StdoutLine: {'line': b'-- Up-to-date: /home/yfu/projects/ros2-picas/install/rclcpp/include/rclcpp/node_interfaces/node_base.hpp\n'}
[1.240624] (rclcpp) StdoutLine: {'line': b'-- Up-to-date: /home/yfu/projects/ros2-picas/install/rclcpp/include/rclcpp/node_interfaces/node_clock.hpp\n'}
[1.240749] (rclcpp) StdoutLine: {'line': b'-- Up-to-date: /home/yfu/projects/ros2-picas/install/rclcpp/include/rclcpp/node_interfaces/node_topics.hpp\n'}
[1.240875] (rclcpp) StdoutLine: {'line': b'-- Up-to-date: /home/yfu/projects/ros2-picas/install/rclcpp/include/rclcpp/node_interfaces/node_waitables_interface.hpp\n'}
[1.241001] (rclcpp) StdoutLine: {'line': b'-- Up-to-date: /home/yfu/projects/ros2-picas/install/rclcpp/include/rclcpp/node_interfaces/node_base_interface.hpp\n'}
[1.241126] (rclcpp) StdoutLine: {'line': b'-- Up-to-date: /home/yfu/projects/ros2-picas/install/rclcpp/include/rclcpp/node_interfaces/node_timers.hpp\n'}
[1.241252] (rclcpp) StdoutLine: {'line': b'-- Up-to-date: /home/yfu/projects/ros2-picas/install/rclcpp/include/rclcpp/node_interfaces/node_logging.hpp\n'}
[1.241378] (rclcpp) StdoutLine: {'line': b'-- Up-to-date: /home/yfu/projects/ros2-picas/install/rclcpp/include/rclcpp/node_interfaces/node_graph_interface.hpp\n'}
[1.241505] (rclcpp) StdoutLine: {'line': b'-- Up-to-date: /home/yfu/projects/ros2-picas/install/rclcpp/include/rclcpp/node_interfaces/node_clock_interface.hpp\n'}
[1.241629] (rclcpp) StdoutLine: {'line': b'-- Up-to-date: /home/yfu/projects/ros2-picas/install/rclcpp/include/rclcpp/loaned_message.hpp\n'}
[1.241756] (rclcpp) StdoutLine: {'line': b'-- Up-to-date: /home/yfu/projects/ros2-picas/install/rclcpp/include/rclcpp/serialized_message.hpp\n'}
[1.241882] (rclcpp) StdoutLine: {'line': b'-- Up-to-date: /home/yfu/projects/ros2-picas/install/rclcpp/include/rclcpp/time.hpp\n'}
[1.242009] (rclcpp) StdoutLine: {'line': b'-- Up-to-date: /home/yfu/projects/ros2-picas/install/rclcpp/include/rclcpp/parameter_client.hpp\n'}
[1.242138] (rclcpp) StdoutLine: {'line': b'-- Up-to-date: /home/yfu/projects/ros2-picas/install/rclcpp/include/rclcpp/wait_result_kind.hpp\n'}
[1.242265] (rclcpp) StdoutLine: {'line': b'-- Up-to-date: /home/yfu/projects/ros2-picas/install/rclcpp/include/rclcpp/guard_condition.hpp\n'}
[1.242393] (rclcpp) StdoutLine: {'line': b'-- Up-to-date: /home/yfu/projects/ros2-picas/install/rclcpp/include/rclcpp/subscription.hpp\n'}
[1.242547] (rclcpp) StdoutLine: {'line': b'-- Up-to-date: /home/yfu/projects/ros2-picas/install/rclcpp/include/rclcpp/subscription_wait_set_mask.hpp\n'}
[1.242709] (rclcpp) StdoutLine: {'line': b'-- Up-to-date: /home/yfu/projects/ros2-picas/install/rclcpp/include/rclcpp/logger.hpp\n'}
[1.242857] (rclcpp) StdoutLine: {'line': b'-- Up-to-date: /home/yfu/projects/ros2-picas/install/rclcpp/include/rclcpp/utilities.hpp\n'}
[1.243001] (rclcpp) StdoutLine: {'line': b'-- Up-to-date: /home/yfu/projects/ros2-picas/install/rclcpp/include/rclcpp/publisher_base.hpp\n'}
[1.243145] (rclcpp) StdoutLine: {'line': b'-- Up-to-date: /home/yfu/projects/ros2-picas/install/rclcpp/include/rclcpp/service.hpp\n'}
[1.243280] (rclcpp) StdoutLine: {'line': b'-- Up-to-date: /home/yfu/projects/ros2-picas/install/rclcpp/include/rclcpp/memory_strategy.hpp\n'}
[1.243415] (rclcpp) StdoutLine: {'line': b'-- Up-to-date: /home/yfu/projects/ros2-picas/install/rclcpp/include/rclcpp/qos_event.hpp\n'}
[1.243552] (rclcpp) StdoutLine: {'line': b'-- Up-to-date: /home/yfu/projects/ros2-picas/install/rclcpp/include/rclcpp/node_options.hpp\n'}
[1.243731] (rclcpp) StdoutLine: {'line': b'-- Up-to-date: /home/yfu/projects/ros2-picas/install/rclcpp/include/rclcpp/graph_listener.hpp\n'}
[1.243876] (rclcpp) StdoutLine: {'line': b'-- Up-to-date: /home/yfu/projects/ros2-picas/install/rclcpp/include/rclcpp/network_flow_endpoint.hpp\n'}
[1.244461] (rclcpp) StdoutLine: {'line': b'-- Up-to-date: /home/yfu/projects/ros2-picas/install/rclcpp/include/rclcpp/message_info.hpp\n'}
[1.245416] (rclcpp) StdoutLine: {'line': b'-- Up-to-date: /home/yfu/projects/ros2-picas/install/rclcpp/include/rclcpp/create_generic_publisher.hpp\n'}
[1.247568] (rclcpp) StdoutLine: {'line': b'-- Up-to-date: /home/yfu/projects/ros2-picas/install/rclcpp/include/rclcpp/wait_set_template.hpp\n'}
[1.248244] (rclcpp) StdoutLine: {'line': b'-- Up-to-date: /home/yfu/projects/ros2-picas/install/rclcpp/include/rclcpp/contexts\n'}
[1.248537] (rclcpp) StdoutLine: {'line': b'-- Up-to-date: /home/yfu/projects/ros2-picas/install/rclcpp/include/rclcpp/contexts/default_context.hpp\n'}
[1.248878] (rclcpp) StdoutLine: {'line': b'-- Up-to-date: /home/yfu/projects/ros2-picas/install/rclcpp/include/rclcpp/any_subscription_callback.hpp\n'}
[1.249196] (rclcpp) StdoutLine: {'line': b'-- Up-to-date: /home/yfu/projects/ros2-picas/install/rclcpp/include/rclcpp/wait_set_policies\n'}
[1.249475] (rclcpp) StdoutLine: {'line': b'-- Up-to-date: /home/yfu/projects/ros2-picas/install/rclcpp/include/rclcpp/wait_set_policies/thread_safe_synchronization.hpp\n'}
[1.249749] (rclcpp) StdoutLine: {'line': b'-- Up-to-date: /home/yfu/projects/ros2-picas/install/rclcpp/include/rclcpp/wait_set_policies/detail\n'}
[1.250073] (rclcpp) StdoutLine: {'line': b'-- Up-to-date: /home/yfu/projects/ros2-picas/install/rclcpp/include/rclcpp/wait_set_policies/detail/write_preferring_read_write_lock.hpp\n'}
[1.250307] (rclcpp) StdoutLine: {'line': b'-- Up-to-date: /home/yfu/projects/ros2-picas/install/rclcpp/include/rclcpp/wait_set_policies/detail/synchronization_policy_common.hpp\n'}
[1.250616] (rclcpp) StdoutLine: {'line': b'-- Up-to-date: /home/yfu/projects/ros2-picas/install/rclcpp/include/rclcpp/wait_set_policies/detail/storage_policy_common.hpp\n'}
[1.251057] (rclcpp) StdoutLine: {'line': b'-- Up-to-date: /home/yfu/projects/ros2-picas/install/rclcpp/include/rclcpp/wait_set_policies/static_storage.hpp\n'}
[1.251377] (rclcpp) StdoutLine: {'line': b'-- Up-to-date: /home/yfu/projects/ros2-picas/install/rclcpp/include/rclcpp/wait_set_policies/dynamic_storage.hpp\n'}
[1.251640] (rclcpp) StdoutLine: {'line': b'-- Up-to-date: /home/yfu/projects/ros2-picas/install/rclcpp/include/rclcpp/wait_set_policies/sequential_synchronization.hpp\n'}
[1.251886] (rclcpp) StdoutLine: {'line': b'-- Up-to-date: /home/yfu/projects/ros2-picas/install/rclcpp/include/rclcpp/rclcpp.hpp\n'}
[1.252118] (rclcpp) StdoutLine: {'line': b'-- Up-to-date: /home/yfu/projects/ros2-picas/install/rclcpp/include/rclcpp/subscription_factory.hpp\n'}
[1.252348] (rclcpp) StdoutLine: {'line': b'-- Up-to-date: /home/yfu/projects/ros2-picas/install/rclcpp/include/rclcpp/generic_subscription.hpp\n'}
[1.252586] (rclcpp) StdoutLine: {'line': b'-- Up-to-date: /home/yfu/projects/ros2-picas/install/rclcpp/include/rclcpp/qos.hpp\n'}
[1.253906] (rclcpp) StdoutLine: {'line': b'-- Up-to-date: /home/yfu/projects/ros2-picas/install/rclcpp/include/rclcpp/executors\n'}
[1.255025] (rclcpp) StdoutLine: {'line': b'-- Up-to-date: /home/yfu/projects/ros2-picas/install/rclcpp/include/rclcpp/executors/single_threaded_executor.hpp\n'}
[1.255287] (rclcpp) StdoutLine: {'line': b'-- Up-to-date: /home/yfu/projects/ros2-picas/install/rclcpp/include/rclcpp/executors/multi_threaded_executor.hpp\n'}
[1.255601] (rclcpp) StdoutLine: {'line': b'-- Up-to-date: /home/yfu/projects/ros2-picas/install/rclcpp/include/rclcpp/executors/static_single_threaded_executor.hpp\n'}
[1.255819] (rclcpp) StdoutLine: {'line': b'-- Up-to-date: /home/yfu/projects/ros2-picas/install/rclcpp/include/rclcpp/executors/static_executor_entities_collector.hpp\n'}
[1.256468] (rclcpp) StdoutLine: {'line': b'-- Up-to-date: /home/yfu/projects/ros2-picas/install/rclcpp/include/rclcpp/detail\n'}
[1.257159] (rclcpp) StdoutLine: {'line': b'-- Up-to-date: /home/yfu/projects/ros2-picas/install/rclcpp/include/rclcpp/detail/rmw_implementation_specific_payload.hpp\n'}
[1.257393] (rclcpp) StdoutLine: {'line': b'-- Up-to-date: /home/yfu/projects/ros2-picas/install/rclcpp/include/rclcpp/detail/resolve_enable_topic_statistics.hpp\n'}
[1.257665] (rclcpp) StdoutLine: {'line': b'-- Up-to-date: /home/yfu/projects/ros2-picas/install/rclcpp/include/rclcpp/detail/README.md\n'}
[1.258220] (rclcpp) StdoutLine: {'line': b'-- Up-to-date: /home/yfu/projects/ros2-picas/install/rclcpp/include/rclcpp/detail/resolve_use_intra_process.hpp\n'}
[1.259070] (rclcpp) StdoutLine: {'line': b'-- Up-to-date: /home/yfu/projects/ros2-picas/install/rclcpp/include/rclcpp/detail/subscription_callback_type_helper.hpp\n'}
[1.259309] (rclcpp) StdoutLine: {'line': b'-- Up-to-date: /home/yfu/projects/ros2-picas/install/rclcpp/include/rclcpp/detail/qos_parameters.hpp\n'}
[1.259572] (rclcpp) StdoutLine: {'line': b'-- Up-to-date: /home/yfu/projects/ros2-picas/install/rclcpp/include/rclcpp/detail/utilities.hpp\n'}
[1.260661] (rclcpp) StdoutLine: {'line': b'-- Up-to-date: /home/yfu/projects/ros2-picas/install/rclcpp/include/rclcpp/detail/mutex_two_priorities.hpp\n'}
[1.261244] (rclcpp) StdoutLine: {'line': b'-- Up-to-date: /home/yfu/projects/ros2-picas/install/rclcpp/include/rclcpp/detail/rmw_implementation_specific_subscription_payload.hpp\n'}
[1.262364] (rclcpp) StdoutLine: {'line': b'-- Up-to-date: /home/yfu/projects/ros2-picas/install/rclcpp/include/rclcpp/detail/rmw_implementation_specific_publisher_payload.hpp\n'}
[1.263013] (rclcpp) StdoutLine: {'line': b'-- Up-to-date: /home/yfu/projects/ros2-picas/install/rclcpp/include/rclcpp/detail/resolve_intra_process_buffer_type.hpp\n'}
[1.263290] (rclcpp) StdoutLine: {'line': b'-- Up-to-date: /home/yfu/projects/ros2-picas/install/rclcpp/include/rclcpp/create_publisher.hpp\n'}
[1.263718] (rclcpp) StdoutLine: {'line': b'-- Up-to-date: /home/yfu/projects/ros2-picas/install/rclcpp/include/rclcpp/allocator\n'}
[1.264398] (rclcpp) StdoutLine: {'line': b'-- Up-to-date: /home/yfu/projects/ros2-picas/install/rclcpp/include/rclcpp/allocator/allocator_deleter.hpp\n'}
[1.264665] (rclcpp) StdoutLine: {'line': b'-- Up-to-date: /home/yfu/projects/ros2-picas/install/rclcpp/include/rclcpp/allocator/allocator_common.hpp\n'}
[1.264936] (rclcpp) StdoutLine: {'line': b'-- Up-to-date: /home/yfu/projects/ros2-picas/install/rclcpp/include/rclcpp/any_executable.hpp\n'}
[1.265494] (rclcpp) StdoutLine: {'line': b'-- Up-to-date: /home/yfu/projects/ros2-picas/install/rclcpp/include/rclcpp/create_timer.hpp\n'}
[1.266105] (rclcpp) StdoutLine: {'line': b'-- Up-to-date: /home/yfu/projects/ros2-picas/install/rclcpp/include/rclcpp/intra_process_setting.hpp\n'}
[1.266512] (rclcpp) StdoutLine: {'line': b'-- Up-to-date: /home/yfu/projects/ros2-picas/install/rclcpp/include/rclcpp/time_source.hpp\n'}
[1.267587] (rclcpp) StdoutLine: {'line': b'-- Up-to-date: /home/yfu/projects/ros2-picas/install/rclcpp/include/rclcpp/scope_exit.hpp\n'}
[1.269315] (rclcpp) StdoutLine: {'line': b'-- Up-to-date: /home/yfu/projects/ros2-picas/install/rclcpp/include/rclcpp/create_client.hpp\n'}
[1.269588] (rclcpp) StdoutLine: {'line': b'-- Up-to-date: /home/yfu/projects/ros2-picas/install/rclcpp/include/rclcpp/serialization.hpp\n'}
[1.270497] (rclcpp) StdoutLine: {'line': b'-- Up-to-date: /home/yfu/projects/ros2-picas/install/rclcpp/include/rclcpp/waitable.hpp\n'}
[1.270794] (rclcpp) StdoutLine: {'line': b'-- Up-to-date: /home/yfu/projects/ros2-picas/install/rclcpp/include/rclcpp/wait_result.hpp\n'}
[1.271317] (rclcpp) StdoutLine: {'line': b'-- Up-to-date: /home/yfu/projects/ros2-picas/install/rclcpp/include/rclcpp/message_memory_strategy.hpp\n'}
[1.272011] (rclcpp) StdoutLine: {'line': b'-- Up-to-date: /home/yfu/projects/ros2-picas/install/rclcpp/include/rclcpp/subscription_options.hpp\n'}
[1.272263] (rclcpp) StdoutLine: {'line': b'-- Up-to-date: /home/yfu/projects/ros2-picas/install/rclcpp/include/rclcpp/executor_options.hpp\n'}
[1.272754] (rclcpp) StdoutLine: {'line': b'-- Up-to-date: /home/yfu/projects/ros2-picas/install/rclcpp/include/rclcpp/init_options.hpp\n'}
[1.273431] (rclcpp) StdoutLine: {'line': b'-- Up-to-date: /home/yfu/projects/ros2-picas/install/rclcpp/include/rclcpp/create_service.hpp\n'}
[1.273658] (rclcpp) StdoutLine: {'line': b'-- Up-to-date: /home/yfu/projects/ros2-picas/install/rclcpp/include/rclcpp/context.hpp\n'}
[1.273901] (rclcpp) StdoutLine: {'line': b'-- Up-to-date: /home/yfu/projects/ros2-picas/install/rclcpp/include\n'}
[1.274369] (rclcpp) StdoutLine: {'line': b'-- Up-to-date: /home/yfu/projects/ros2-picas/install/rclcpp/include/rclcpp\n'}
[1.274956] (rclcpp) StdoutLine: {'line': b'-- Up-to-date: /home/yfu/projects/ros2-picas/install/rclcpp/include/rclcpp/logging.hpp\n'}
[1.275164] (rclcpp) StdoutLine: {'line': b'-- Up-to-date: /home/yfu/projects/ros2-picas/install/rclcpp/include/rclcpp/node_interfaces\n'}
[1.275409] (rclcpp) StdoutLine: {'line': b'-- Up-to-date: /home/yfu/projects/ros2-picas/install/rclcpp/include/rclcpp/node_interfaces/get_node_timers_interface.hpp\n'}
[1.276183] (rclcpp) StdoutLine: {'line': b'-- Up-to-date: /home/yfu/projects/ros2-picas/install/rclcpp/include/rclcpp/node_interfaces/node_timers_interface_traits.hpp\n'}
[1.276411] (rclcpp) StdoutLine: {'line': b'-- Up-to-date: /home/yfu/projects/ros2-picas/install/rclcpp/include/rclcpp/node_interfaces/get_node_clock_interface.hpp\n'}
[1.276817] (rclcpp) StdoutLine: {'line': b'-- Up-to-date: /home/yfu/projects/ros2-picas/install/rclcpp/include/rclcpp/node_interfaces/node_services_interface_traits.hpp\n'}
[1.277117] (rclcpp) StdoutLine: {'line': b'-- Up-to-date: /home/yfu/projects/ros2-picas/install/rclcpp/include/rclcpp/node_interfaces/get_node_topics_interface.hpp\n'}
[1.277477] (rclcpp) StdoutLine: {'line': b'-- Up-to-date: /home/yfu/projects/ros2-picas/install/rclcpp/include/rclcpp/node_interfaces/node_waitables_interface_traits.hpp\n'}
[1.277670] (rclcpp) StdoutLine: {'line': b'-- Up-to-date: /home/yfu/projects/ros2-picas/install/rclcpp/include/rclcpp/node_interfaces/node_logging_interface_traits.hpp\n'}
[1.278117] (rclcpp) StdoutLine: {'line': b'-- Up-to-date: /home/yfu/projects/ros2-picas/install/rclcpp/include/rclcpp/node_interfaces/get_node_graph_interface.hpp\n'}
[1.279343] (rclcpp) StdoutLine: {'line': b'-- Up-to-date: /home/yfu/projects/ros2-picas/install/rclcpp/include/rclcpp/node_interfaces/get_node_services_interface.hpp\n'}
[1.279860] (rclcpp) StdoutLine: {'line': b'-- Up-to-date: /home/yfu/projects/ros2-picas/install/rclcpp/include/rclcpp/node_interfaces/get_node_waitables_interface.hpp\n'}
[1.280117] (rclcpp) StdoutLine: {'line': b'-- Up-to-date: /home/yfu/projects/ros2-picas/install/rclcpp/include/rclcpp/node_interfaces/get_node_time_source_interface.hpp\n'}
[1.280336] (rclcpp) StdoutLine: {'line': b'-- Up-to-date: /home/yfu/projects/ros2-picas/install/rclcpp/include/rclcpp/node_interfaces/node_base_interface_traits.hpp\n'}
[1.280583] (rclcpp) StdoutLine: {'line': b'-- Up-to-date: /home/yfu/projects/ros2-picas/install/rclcpp/include/rclcpp/node_interfaces/node_clock_interface_traits.hpp\n'}
[1.280837] (rclcpp) StdoutLine: {'line': b'-- Up-to-date: /home/yfu/projects/ros2-picas/install/rclcpp/include/rclcpp/node_interfaces/node_graph_interface_traits.hpp\n'}
[1.281101] (rclcpp) StdoutLine: {'line': b'-- Up-to-date: /home/yfu/projects/ros2-picas/install/rclcpp/include/rclcpp/node_interfaces/node_parameters_interface_traits.hpp\n'}
[1.281296] (rclcpp) StdoutLine: {'line': b'-- Up-to-date: /home/yfu/projects/ros2-picas/install/rclcpp/include/rclcpp/node_interfaces/get_node_parameters_interface.hpp\n'}
[1.281602] (rclcpp) StdoutLine: {'line': b'-- Up-to-date: /home/yfu/projects/ros2-picas/install/rclcpp/include/rclcpp/node_interfaces/get_node_base_interface.hpp\n'}
[1.281913] (rclcpp) StdoutLine: {'line': b'-- Up-to-date: /home/yfu/projects/ros2-picas/install/rclcpp/include/rclcpp/node_interfaces/node_time_source_interface_traits.hpp\n'}
[1.282130] (rclcpp) StdoutLine: {'line': b'-- Up-to-date: /home/yfu/projects/ros2-picas/install/rclcpp/include/rclcpp/node_interfaces/node_topics_interface_traits.hpp\n'}
[1.282314] (rclcpp) StdoutLine: {'line': b'-- Up-to-date: /home/yfu/projects/ros2-picas/install/rclcpp/include/rclcpp/node_interfaces/get_node_logging_interface.hpp\n'}
[1.282509] (rclcpp) CommandEnded: {'returncode': 0}
[1.304104] (-) TimerEvent: {}
[1.393974] (rclcpp) JobEnded: {'identifier': 'rclcpp', 'rc': 0}
[1.397322] (trace_picas) JobStarted: {'identifier': 'trace_picas'}
[1.407624] (-) TimerEvent: {}
[1.422718] (trace_picas) JobProgress: {'identifier': 'trace_picas', 'progress': 'cmake'}
[1.426765] (trace_picas) JobProgress: {'identifier': 'trace_picas', 'progress': 'build'}
[1.427688] (trace_picas) Command: {'cmd': ['/usr/bin/cmake', '--build', '/home/yfu/projects/ros2-picas/build/trace_picas', '--', '-j6', '-l6'], 'cwd': '/home/yfu/projects/ros2-picas/build/trace_picas', 'env': OrderedDict([('LESSOPEN', '| /usr/bin/lesspipe %s'), ('CONDA_PROMPT_MODIFIER', '(base)'), ('USER', 'yfu'), ('SSH_CLIENT', '172.19.37.200 13487 22'), ('XDG_SESSION_TYPE', 'tty'), ('SHLVL', '1'), ('LD_LIBRARY_PATH', '/home/yfu/projects/ros2-picas/install/rclcpp/lib:/home/yfu/projects/ros2-picas/install/test_msgs/lib:/home/yfu/projects/ros2-picas/install/trace_picas/lib:/opt/ros/galactic/opt/yaml_cpp_vendor/lib:/opt/ros/galactic/lib/aarch64-linux-gnu:/opt/ros/galactic/lib'), ('MOTD_SHOWN', 'pam'), ('HOME', '/home/yfu'), ('CONDA_SHLVL', '1'), ('OLDPWD', '/home/yfu/projects'), ('SSH_TTY', '/dev/pts/0'), ('JETSON_L4T', '35.4.1'), ('ROS_PYTHON_VERSION', '3'), ('JETSON_MODEL', 'NVIDIA Orin Nano Developer Kit'), ('DBUS_SESSION_BUS_ADDRESS', 'unix:path=/run/user/1001/bus'), ('COLCON_PREFIX_PATH', '/home/yfu/projects/ros2-picas/install'), ('ROS_DISTRO', 'galactic'), ('LOGNAME', 'yfu'), ('JETSON_MODULE', 'NVIDIA Jetson Orin Nano (Developer kit)'), ('JETSON_SERIAL_NUMBER', '1421523024361'), ('_', '/usr/bin/colcon'), ('ROS_VERSION', '2'), ('JETSON_CODENAME', 'P3768'), ('XDG_SESSION_CLASS', 'user'), ('TERM', 'xterm'), ('XDG_SESSION_ID', '656'), ('ROS_LOCALHOST_ONLY', '0'), ('PATH', '/usr/bin:/home/yfu/.local/bin:/opt/ros/galactic/bin:/home/yfu/Miniconda/ENTER/bin:/home/yfu/Miniconda/ENTER/condabin:$/home/yfu/Miniconda/ENTER/bin:/usr/local/sbin:/usr/local/bin:/usr/sbin:/usr/bin:/sbin:/bin:/usr/games:/usr/local/games:/snap/bin'), ('XDG_RUNTIME_DIR', '/run/user/1001'), ('DISPLAY', 'localhost:10.0'), ('LANG', 'en_US.UTF-8'), ('LS_COLORS', 'rs=0:di=01;34:ln=01;36:mh=00:pi=40;33:so=01;35:do=01;35:bd=40;33;01:cd=40;33;01:or=40;31;01:mi=00:su=37;41:sg=30;43:ca=30;41:tw=30;42:ow=34;42:st=37;44:ex=01;32:*.tar=01;31:*.tgz=01;31:*.arc=01;31:*.arj=01;31:*.taz=01;31:*.lha=01;31:*.lz4=01;31:*.lzh=01;31:*.lzma=01;31:*.tlz=01;31:*.txz=01;31:*.tzo=01;31:*.t7z=01;31:*.zip=01;31:*.z=01;31:*.dz=01;31:*.gz=01;31:*.lrz=01;31:*.lz=01;31:*.lzo=01;31:*.xz=01;31:*.zst=01;31:*.tzst=01;31:*.bz2=01;31:*.bz=01;31:*.tbz=01;31:*.tbz2=01;31:*.tz=01;31:*.deb=01;31:*.rpm=01;31:*.jar=01;31:*.war=01;31:*.ear=01;31:*.sar=01;31:*.rar=01;31:*.alz=01;31:*.ace=01;31:*.zoo=01;31:*.cpio=01;31:*.7z=01;31:*.rz=01;31:*.cab=01;31:*.wim=01;31:*.swm=01;31:*.dwm=01;31:*.esd=01;31:*.jpg=01;35:*.jpeg=01;35:*.mjpg=01;35:*.mjpeg=01;35:*.gif=01;35:*.bmp=01;35:*.pbm=01;35:*.pgm=01;35:*.ppm=01;35:*.tga=01;35:*.xbm=01;35:*.xpm=01;35:*.tif=01;35:*.tiff=01;35:*.png=01;35:*.svg=01;35:*.svgz=01;35:*.mng=01;35:*.pcx=01;35:*.mov=01;35:*.mpg=01;35:*.mpeg=01;35:*.m2v=01;35:*.mkv=01;35:*.webm=01;35:*.ogm=01;35:*.mp4=01;35:*.m4v=01;35:*.mp4v=01;35:*.vob=01;35:*.qt=01;35:*.nuv=01;35:*.wmv=01;35:*.asf=01;35:*.rm=01;35:*.rmvb=01;35:*.flc=01;35:*.avi=01;35:*.fli=01;35:*.flv=01;35:*.gl=01;35:*.dl=01;35:*.xcf=01;35:*.xwd=01;35:*.yuv=01;35:*.cgm=01;35:*.emf=01;35:*.ogv=01;35:*.ogx=01;35:*.aac=00;36:*.au=00;36:*.flac=00;36:*.m4a=00;36:*.mid=00;36:*.midi=00;36:*.mka=00;36:*.mp3=00;36:*.mpc=00;36:*.ogg=00;36:*.ra=00;36:*.wav=00;36:*.oga=00;36:*.opus=00;36:*.spx=00;36:*.xspf=00;36:'), ('JETSON_SOC', 'tegra23x'), ('AMENT_PREFIX_PATH', '/home/yfu/projects/ros2-picas/install/picas_example_mt:/home/yfu/projects/ros2-picas/install/picas_example:/home/yfu/projects/ros2-picas/install/trace_picas:/home/yfu/projects/ros2-picas/install/test_msgs:/home/yfu/projects/ros2-picas/install/rclcpp:/opt/ros/galactic'), ('CONDA_PYTHON_EXE', '/home/yfu/Miniconda/ENTER/bin/python'), ('SHELL', '/bin/bash'), ('LESSCLOSE', '/usr/bin/lesspipe %s %s'), ('CONDA_DEFAULT_ENV', 'base'), ('JETSON_CUDA_ARCH_BIN', '8.7'), ('PWD', '/home/yfu/projects/ros2-picas/build/trace_picas'), ('CONDA_EXE', '/home/yfu/Miniconda/ENTER/bin/conda'), ('SSH_CONNECTION', '172.19.37.200 13487 192.168.0.226 22'), ('XDG_DATA_DIRS', '/usr/local/share:/usr/share:/var/lib/snapd/desktop'), ('PYTHONPATH', '/home/yfu/projects/ros2-picas/install/test_msgs/lib/python3.8/site-packages:/opt/ros/galactic/lib/python3.8/site-packages'), ('CONDA_PREFIX', '/home/yfu/Miniconda/ENTER'), ('COLCON', '1'), ('JETSON_JETPACK', '5.1.2'), ('CMAKE_PREFIX_PATH', '/home/yfu/projects/ros2-picas/install/rclcpp:/home/yfu/projects/ros2-picas/install/test_msgs:/home/yfu/projects/ros2-picas/install/picas_example_mt:/home/yfu/projects/ros2-picas/install/picas_example:/home/yfu/projects/ros2-picas/install/trace_picas:/opt/ros/galactic'), ('JETSON_P_NUMBER', 'p3767-0005')]), 'shell': False}
[1.507843] (-) TimerEvent: {}
[1.562268] (trace_picas) StdoutLine: {'line': b'[100%] Built target trace_picas\n'}
[1.590427] (trace_picas) CommandEnded: {'returncode': 0}
[1.592892] (trace_picas) JobProgress: {'identifier': 'trace_picas', 'progress': 'install'}
[1.593830] (trace_picas) Command: {'cmd': ['/usr/bin/cmake', '--install', '/home/yfu/projects/ros2-picas/build/trace_picas'], 'cwd': '/home/yfu/projects/ros2-picas/build/trace_picas', 'env': OrderedDict([('LESSOPEN', '| /usr/bin/lesspipe %s'), ('CONDA_PROMPT_MODIFIER', '(base)'), ('USER', 'yfu'), ('SSH_CLIENT', '172.19.37.200 13487 22'), ('XDG_SESSION_TYPE', 'tty'), ('SHLVL', '1'), ('LD_LIBRARY_PATH', '/home/yfu/projects/ros2-picas/install/rclcpp/lib:/home/yfu/projects/ros2-picas/install/test_msgs/lib:/home/yfu/projects/ros2-picas/install/trace_picas/lib:/opt/ros/galactic/opt/yaml_cpp_vendor/lib:/opt/ros/galactic/lib/aarch64-linux-gnu:/opt/ros/galactic/lib'), ('MOTD_SHOWN', 'pam'), ('HOME', '/home/yfu'), ('CONDA_SHLVL', '1'), ('OLDPWD', '/home/yfu/projects'), ('SSH_TTY', '/dev/pts/0'), ('JETSON_L4T', '35.4.1'), ('ROS_PYTHON_VERSION', '3'), ('JETSON_MODEL', 'NVIDIA Orin Nano Developer Kit'), ('DBUS_SESSION_BUS_ADDRESS', 'unix:path=/run/user/1001/bus'), ('COLCON_PREFIX_PATH', '/home/yfu/projects/ros2-picas/install'), ('ROS_DISTRO', 'galactic'), ('LOGNAME', 'yfu'), ('JETSON_MODULE', 'NVIDIA Jetson Orin Nano (Developer kit)'), ('JETSON_SERIAL_NUMBER', '1421523024361'), ('_', '/usr/bin/colcon'), ('ROS_VERSION', '2'), ('JETSON_CODENAME', 'P3768'), ('XDG_SESSION_CLASS', 'user'), ('TERM', 'xterm'), ('XDG_SESSION_ID', '656'), ('ROS_LOCALHOST_ONLY', '0'), ('PATH', '/usr/bin:/home/yfu/.local/bin:/opt/ros/galactic/bin:/home/yfu/Miniconda/ENTER/bin:/home/yfu/Miniconda/ENTER/condabin:$/home/yfu/Miniconda/ENTER/bin:/usr/local/sbin:/usr/local/bin:/usr/sbin:/usr/bin:/sbin:/bin:/usr/games:/usr/local/games:/snap/bin'), ('XDG_RUNTIME_DIR', '/run/user/1001'), ('DISPLAY', 'localhost:10.0'), ('LANG', 'en_US.UTF-8'), ('LS_COLORS', 'rs=0:di=01;34:ln=01;36:mh=00:pi=40;33:so=01;35:do=01;35:bd=40;33;01:cd=40;33;01:or=40;31;01:mi=00:su=37;41:sg=30;43:ca=30;41:tw=30;42:ow=34;42:st=37;44:ex=01;32:*.tar=01;31:*.tgz=01;31:*.arc=01;31:*.arj=01;31:*.taz=01;31:*.lha=01;31:*.lz4=01;31:*.lzh=01;31:*.lzma=01;31:*.tlz=01;31:*.txz=01;31:*.tzo=01;31:*.t7z=01;31:*.zip=01;31:*.z=01;31:*.dz=01;31:*.gz=01;31:*.lrz=01;31:*.lz=01;31:*.lzo=01;31:*.xz=01;31:*.zst=01;31:*.tzst=01;31:*.bz2=01;31:*.bz=01;31:*.tbz=01;31:*.tbz2=01;31:*.tz=01;31:*.deb=01;31:*.rpm=01;31:*.jar=01;31:*.war=01;31:*.ear=01;31:*.sar=01;31:*.rar=01;31:*.alz=01;31:*.ace=01;31:*.zoo=01;31:*.cpio=01;31:*.7z=01;31:*.rz=01;31:*.cab=01;31:*.wim=01;31:*.swm=01;31:*.dwm=01;31:*.esd=01;31:*.jpg=01;35:*.jpeg=01;35:*.mjpg=01;35:*.mjpeg=01;35:*.gif=01;35:*.bmp=01;35:*.pbm=01;35:*.pgm=01;35:*.ppm=01;35:*.tga=01;35:*.xbm=01;35:*.xpm=01;35:*.tif=01;35:*.tiff=01;35:*.png=01;35:*.svg=01;35:*.svgz=01;35:*.mng=01;35:*.pcx=01;35:*.mov=01;35:*.mpg=01;35:*.mpeg=01;35:*.m2v=01;35:*.mkv=01;35:*.webm=01;35:*.ogm=01;35:*.mp4=01;35:*.m4v=01;35:*.mp4v=01;35:*.vob=01;35:*.qt=01;35:*.nuv=01;35:*.wmv=01;35:*.asf=01;35:*.rm=01;35:*.rmvb=01;35:*.flc=01;35:*.avi=01;35:*.fli=01;35:*.flv=01;35:*.gl=01;35:*.dl=01;35:*.xcf=01;35:*.xwd=01;35:*.yuv=01;35:*.cgm=01;35:*.emf=01;35:*.ogv=01;35:*.ogx=01;35:*.aac=00;36:*.au=00;36:*.flac=00;36:*.m4a=00;36:*.mid=00;36:*.midi=00;36:*.mka=00;36:*.mp3=00;36:*.mpc=00;36:*.ogg=00;36:*.ra=00;36:*.wav=00;36:*.oga=00;36:*.opus=00;36:*.spx=00;36:*.xspf=00;36:'), ('JETSON_SOC', 'tegra23x'), ('AMENT_PREFIX_PATH', '/home/yfu/projects/ros2-picas/install/picas_example_mt:/home/yfu/projects/ros2-picas/install/picas_example:/home/yfu/projects/ros2-picas/install/trace_picas:/home/yfu/projects/ros2-picas/install/test_msgs:/home/yfu/projects/ros2-picas/install/rclcpp:/opt/ros/galactic'), ('CONDA_PYTHON_EXE', '/home/yfu/Miniconda/ENTER/bin/python'), ('SHELL', '/bin/bash'), ('LESSCLOSE', '/usr/bin/lesspipe %s %s'), ('CONDA_DEFAULT_ENV', 'base'), ('JETSON_CUDA_ARCH_BIN', '8.7'), ('PWD', '/home/yfu/projects/ros2-picas/build/trace_picas'), ('CONDA_EXE', '/home/yfu/Miniconda/ENTER/bin/conda'), ('SSH_CONNECTION', '172.19.37.200 13487 192.168.0.226 22'), ('XDG_DATA_DIRS', '/usr/local/share:/usr/share:/var/lib/snapd/desktop'), ('PYTHONPATH', '/home/yfu/projects/ros2-picas/install/test_msgs/lib/python3.8/site-packages:/opt/ros/galactic/lib/python3.8/site-packages'), ('CONDA_PREFIX', '/home/yfu/Miniconda/ENTER'), ('COLCON', '1'), ('JETSON_JETPACK', '5.1.2'), ('CMAKE_PREFIX_PATH', '/home/yfu/projects/ros2-picas/install/rclcpp:/home/yfu/projects/ros2-picas/install/test_msgs:/home/yfu/projects/ros2-picas/install/picas_example_mt:/home/yfu/projects/ros2-picas/install/picas_example:/home/yfu/projects/ros2-picas/install/trace_picas:/opt/ros/galactic'), ('JETSON_P_NUMBER', 'p3767-0005')]), 'shell': False}
[1.607986] (-) TimerEvent: {}
[1.622014] (trace_picas) StdoutLine: {'line': b'-- Install configuration: ""\n'}
[1.623254] (trace_picas) StdoutLine: {'line': b'-- Up-to-date: /home/yfu/projects/ros2-picas/install/trace_picas/share/trace_picas/environment/library_path.sh\n'}
[1.623531] (trace_picas) StdoutLine: {'line': b'-- Up-to-date: /home/yfu/projects/ros2-picas/install/trace_picas/share/trace_picas/environment/library_path.dsv\n'}
[1.623846] (trace_picas) StdoutLine: {'line': b'-- Up-to-date: /home/yfu/projects/ros2-picas/install/trace_picas/include/trace_picas/\n'}
[1.624027] (trace_picas) StdoutLine: {'line': b'-- Up-to-date: /home/yfu/projects/ros2-picas/install/trace_picas/include/trace_picas//trace.hpp\n'}
[1.624195] (trace_picas) StdoutLine: {'line': b'-- Up-to-date: /home/yfu/projects/ros2-picas/install/trace_picas/lib/libtrace_picas.a\n'}
[1.624393] (trace_picas) StdoutLine: {'line': b'-- Up-to-date: /home/yfu/projects/ros2-picas/install/trace_picas/share/ament_index/resource_index/package_run_dependencies/trace_picas\n'}
[1.624559] (trace_picas) StdoutLine: {'line': b'-- Up-to-date: /home/yfu/projects/ros2-picas/install/trace_picas/share/ament_index/resource_index/parent_prefix_path/trace_picas\n'}
[1.624815] (trace_picas) StdoutLine: {'line': b'-- Up-to-date: /home/yfu/projects/ros2-picas/install/trace_picas/share/trace_picas/environment/ament_prefix_path.sh\n'}
[1.625068] (trace_picas) StdoutLine: {'line': b'-- Up-to-date: /home/yfu/projects/ros2-picas/install/trace_picas/share/trace_picas/environment/ament_prefix_path.dsv\n'}
[1.625316] (trace_picas) StdoutLine: {'line': b'-- Up-to-date: /home/yfu/projects/ros2-picas/install/trace_picas/share/trace_picas/environment/path.sh\n'}
[1.625582] (trace_picas) StdoutLine: {'line': b'-- Up-to-date: /home/yfu/projects/ros2-picas/install/trace_picas/share/trace_picas/environment/path.dsv\n'}
[1.625786] (trace_picas) StdoutLine: {'line': b'-- Up-to-date: /home/yfu/projects/ros2-picas/install/trace_picas/share/trace_picas/local_setup.bash\n'}
[1.625943] (trace_picas) StdoutLine: {'line': b'-- Up-to-date: /home/yfu/projects/ros2-picas/install/trace_picas/share/trace_picas/local_setup.sh\n'}
[1.626094] (trace_picas) StdoutLine: {'line': b'-- Up-to-date: /home/yfu/projects/ros2-picas/install/trace_picas/share/trace_picas/local_setup.zsh\n'}
[1.626242] (trace_picas) StdoutLine: {'line': b'-- Up-to-date: /home/yfu/projects/ros2-picas/install/trace_picas/share/trace_picas/local_setup.dsv\n'}
[1.626385] (trace_picas) StdoutLine: {'line': b'-- Installing: /home/yfu/projects/ros2-picas/install/trace_picas/share/trace_picas/package.dsv\n'}
[1.626579] (trace_picas) StdoutLine: {'line': b'-- Up-to-date: /home/yfu/projects/ros2-picas/install/trace_picas/share/ament_index/resource_index/packages/trace_picas\n'}
[1.626762] (trace_picas) StdoutLine: {'line': b'-- Up-to-date: /home/yfu/projects/ros2-picas/install/trace_picas/share/trace_picas/cmake/export_traceExport.cmake\n'}
[1.626928] (trace_picas) StdoutLine: {'line': b'-- Up-to-date: /home/yfu/projects/ros2-picas/install/trace_picas/share/trace_picas/cmake/export_traceExport-noconfig.cmake\n'}
[1.627087] (trace_picas) StdoutLine: {'line': b'-- Up-to-date: /home/yfu/projects/ros2-picas/install/trace_picas/share/trace_picas/cmake/ament_cmake_export_dependencies-extras.cmake\n'}
[1.627244] (trace_picas) StdoutLine: {'line': b'-- Up-to-date: /home/yfu/projects/ros2-picas/install/trace_picas/share/trace_picas/cmake/ament_cmake_export_targets-extras.cmake\n'}
[1.627402] (trace_picas) StdoutLine: {'line': b'-- Up-to-date: /home/yfu/projects/ros2-picas/install/trace_picas/share/trace_picas/cmake/ament_cmake_export_include_directories-extras.cmake\n'}
[1.627562] (trace_picas) StdoutLine: {'line': b'-- Up-to-date: /home/yfu/projects/ros2-picas/install/trace_picas/share/trace_picas/cmake/ament_cmake_export_libraries-extras.cmake\n'}
[1.627713] (trace_picas) StdoutLine: {'line': b'-- Up-to-date: /home/yfu/projects/ros2-picas/install/trace_picas/share/trace_picas/cmake/trace_picasConfig.cmake\n'}
[1.627863] (trace_picas) StdoutLine: {'line': b'-- Up-to-date: /home/yfu/projects/ros2-picas/install/trace_picas/share/trace_picas/cmake/trace_picasConfig-version.cmake\n'}
[1.628011] (trace_picas) StdoutLine: {'line': b'-- Up-to-date: /home/yfu/projects/ros2-picas/install/trace_picas/share/trace_picas/package.xml\n'}
[1.636170] (trace_picas) CommandEnded: {'returncode': 0}
[1.708082] (-) TimerEvent: {}
[1.779467] (trace_picas) JobEnded: {'identifier': 'trace_picas', 'rc': 0}
[1.783617] (picas_example) JobStarted: {'identifier': 'picas_example'}
[1.799131] (picas_example_mt) JobStarted: {'identifier': 'picas_example_mt'}
[1.808396] (-) TimerEvent: {}
[1.824121] (picas_example) JobProgress: {'identifier': 'picas_example', 'progress': 'cmake'}
[1.826010] (picas_example) JobProgress: {'identifier': 'picas_example', 'progress': 'build'}
[1.826786] (picas_example) Command: {'cmd': ['/usr/bin/cmake', '--build', '/home/yfu/projects/ros2-picas/build/picas_example', '--', '-j6', '-l6'], 'cwd': '/home/yfu/projects/ros2-picas/build/picas_example', 'env': OrderedDict([('LESSOPEN', '| /usr/bin/lesspipe %s'), ('CONDA_PROMPT_MODIFIER', '(base)'), ('USER', 'yfu'), ('SSH_CLIENT', '172.19.37.200 13487 22'), ('XDG_SESSION_TYPE', 'tty'), ('SHLVL', '1'), ('LD_LIBRARY_PATH', '/home/yfu/projects/ros2-picas/install/rclcpp/lib:/home/yfu/projects/ros2-picas/install/test_msgs/lib:/home/yfu/projects/ros2-picas/install/trace_picas/lib:/opt/ros/galactic/opt/yaml_cpp_vendor/lib:/opt/ros/galactic/lib/aarch64-linux-gnu:/opt/ros/galactic/lib'), ('MOTD_SHOWN', 'pam'), ('HOME', '/home/yfu'), ('CONDA_SHLVL', '1'), ('OLDPWD', '/home/yfu/projects'), ('SSH_TTY', '/dev/pts/0'), ('JETSON_L4T', '35.4.1'), ('ROS_PYTHON_VERSION', '3'), ('JETSON_MODEL', 'NVIDIA Orin Nano Developer Kit'), ('DBUS_SESSION_BUS_ADDRESS', 'unix:path=/run/user/1001/bus'), ('COLCON_PREFIX_PATH', '/home/yfu/projects/ros2-picas/install'), ('ROS_DISTRO', 'galactic'), ('LOGNAME', 'yfu'), ('JETSON_MODULE', 'NVIDIA Jetson Orin Nano (Developer kit)'), ('JETSON_SERIAL_NUMBER', '1421523024361'), ('_', '/usr/bin/colcon'), ('ROS_VERSION', '2'), ('JETSON_CODENAME', 'P3768'), ('XDG_SESSION_CLASS', 'user'), ('TERM', 'xterm'), ('XDG_SESSION_ID', '656'), ('ROS_LOCALHOST_ONLY', '0'), ('PATH', '/usr/bin:/home/yfu/.local/bin:/opt/ros/galactic/bin:/home/yfu/Miniconda/ENTER/bin:/home/yfu/Miniconda/ENTER/condabin:$/home/yfu/Miniconda/ENTER/bin:/usr/local/sbin:/usr/local/bin:/usr/sbin:/usr/bin:/sbin:/bin:/usr/games:/usr/local/games:/snap/bin'), ('XDG_RUNTIME_DIR', '/run/user/1001'), ('DISPLAY', 'localhost:10.0'), ('LANG', 'en_US.UTF-8'), ('LS_COLORS', 'rs=0:di=01;34:ln=01;36:mh=00:pi=40;33:so=01;35:do=01;35:bd=40;33;01:cd=40;33;01:or=40;31;01:mi=00:su=37;41:sg=30;43:ca=30;41:tw=30;42:ow=34;42:st=37;44:ex=01;32:*.tar=01;31:*.tgz=01;31:*.arc=01;31:*.arj=01;31:*.taz=01;31:*.lha=01;31:*.lz4=01;31:*.lzh=01;31:*.lzma=01;31:*.tlz=01;31:*.txz=01;31:*.tzo=01;31:*.t7z=01;31:*.zip=01;31:*.z=01;31:*.dz=01;31:*.gz=01;31:*.lrz=01;31:*.lz=01;31:*.lzo=01;31:*.xz=01;31:*.zst=01;31:*.tzst=01;31:*.bz2=01;31:*.bz=01;31:*.tbz=01;31:*.tbz2=01;31:*.tz=01;31:*.deb=01;31:*.rpm=01;31:*.jar=01;31:*.war=01;31:*.ear=01;31:*.sar=01;31:*.rar=01;31:*.alz=01;31:*.ace=01;31:*.zoo=01;31:*.cpio=01;31:*.7z=01;31:*.rz=01;31:*.cab=01;31:*.wim=01;31:*.swm=01;31:*.dwm=01;31:*.esd=01;31:*.jpg=01;35:*.jpeg=01;35:*.mjpg=01;35:*.mjpeg=01;35:*.gif=01;35:*.bmp=01;35:*.pbm=01;35:*.pgm=01;35:*.ppm=01;35:*.tga=01;35:*.xbm=01;35:*.xpm=01;35:*.tif=01;35:*.tiff=01;35:*.png=01;35:*.svg=01;35:*.svgz=01;35:*.mng=01;35:*.pcx=01;35:*.mov=01;35:*.mpg=01;35:*.mpeg=01;35:*.m2v=01;35:*.mkv=01;35:*.webm=01;35:*.ogm=01;35:*.mp4=01;35:*.m4v=01;35:*.mp4v=01;35:*.vob=01;35:*.qt=01;35:*.nuv=01;35:*.wmv=01;35:*.asf=01;35:*.rm=01;35:*.rmvb=01;35:*.flc=01;35:*.avi=01;35:*.fli=01;35:*.flv=01;35:*.gl=01;35:*.dl=01;35:*.xcf=01;35:*.xwd=01;35:*.yuv=01;35:*.cgm=01;35:*.emf=01;35:*.ogv=01;35:*.ogx=01;35:*.aac=00;36:*.au=00;36:*.flac=00;36:*.m4a=00;36:*.mid=00;36:*.midi=00;36:*.mka=00;36:*.mp3=00;36:*.mpc=00;36:*.ogg=00;36:*.ra=00;36:*.wav=00;36:*.oga=00;36:*.opus=00;36:*.spx=00;36:*.xspf=00;36:'), ('JETSON_SOC', 'tegra23x'), ('AMENT_PREFIX_PATH', '/home/yfu/projects/ros2-picas/install/picas_example_mt:/home/yfu/projects/ros2-picas/install/picas_example:/home/yfu/projects/ros2-picas/install/trace_picas:/home/yfu/projects/ros2-picas/install/test_msgs:/home/yfu/projects/ros2-picas/install/rclcpp:/opt/ros/galactic'), ('CONDA_PYTHON_EXE', '/home/yfu/Miniconda/ENTER/bin/python'), ('SHELL', '/bin/bash'), ('LESSCLOSE', '/usr/bin/lesspipe %s %s'), ('CONDA_DEFAULT_ENV', 'base'), ('JETSON_CUDA_ARCH_BIN', '8.7'), ('PWD', '/home/yfu/projects/ros2-picas/build/picas_example'), ('CONDA_EXE', '/home/yfu/Miniconda/ENTER/bin/conda'), ('SSH_CONNECTION', '172.19.37.200 13487 192.168.0.226 22'), ('XDG_DATA_DIRS', '/usr/local/share:/usr/share:/var/lib/snapd/desktop'), ('PYTHONPATH', '/home/yfu/projects/ros2-picas/install/test_msgs/lib/python3.8/site-packages:/opt/ros/galactic/lib/python3.8/site-packages'), ('CONDA_PREFIX', '/home/yfu/Miniconda/ENTER'), ('COLCON', '1'), ('JETSON_JETPACK', '5.1.2'), ('CMAKE_PREFIX_PATH', '/home/yfu/projects/ros2-picas/install/trace_picas:/home/yfu/projects/ros2-picas/install/rclcpp:/home/yfu/projects/ros2-picas/install/test_msgs:/home/yfu/projects/ros2-picas/install/picas_example_mt:/home/yfu/projects/ros2-picas/install/picas_example:/opt/ros/galactic'), ('JETSON_P_NUMBER', 'p3767-0005')]), 'shell': False}
[1.838776] (picas_example_mt) JobProgress: {'identifier': 'picas_example_mt', 'progress': 'cmake'}
[1.840382] (picas_example_mt) JobProgress: {'identifier': 'picas_example_mt', 'progress': 'build'}
[1.840968] (picas_example_mt) Command: {'cmd': ['/usr/bin/cmake', '--build', '/home/yfu/projects/ros2-picas/build/picas_example_mt', '--', '-j6', '-l6'], 'cwd': '/home/yfu/projects/ros2-picas/build/picas_example_mt', 'env': OrderedDict([('LESSOPEN', '| /usr/bin/lesspipe %s'), ('CONDA_PROMPT_MODIFIER', '(base)'), ('USER', 'yfu'), ('SSH_CLIENT', '172.19.37.200 13487 22'), ('XDG_SESSION_TYPE', 'tty'), ('SHLVL', '1'), ('LD_LIBRARY_PATH', '/home/yfu/projects/ros2-picas/install/rclcpp/lib:/home/yfu/projects/ros2-picas/install/test_msgs/lib:/home/yfu/projects/ros2-picas/install/trace_picas/lib:/opt/ros/galactic/opt/yaml_cpp_vendor/lib:/opt/ros/galactic/lib/aarch64-linux-gnu:/opt/ros/galactic/lib'), ('MOTD_SHOWN', 'pam'), ('HOME', '/home/yfu'), ('CONDA_SHLVL', '1'), ('OLDPWD', '/home/yfu/projects'), ('SSH_TTY', '/dev/pts/0'), ('JETSON_L4T', '35.4.1'), ('ROS_PYTHON_VERSION', '3'), ('JETSON_MODEL', 'NVIDIA Orin Nano Developer Kit'), ('DBUS_SESSION_BUS_ADDRESS', 'unix:path=/run/user/1001/bus'), ('COLCON_PREFIX_PATH', '/home/yfu/projects/ros2-picas/install'), ('ROS_DISTRO', 'galactic'), ('LOGNAME', 'yfu'), ('JETSON_MODULE', 'NVIDIA Jetson Orin Nano (Developer kit)'), ('JETSON_SERIAL_NUMBER', '1421523024361'), ('_', '/usr/bin/colcon'), ('ROS_VERSION', '2'), ('JETSON_CODENAME', 'P3768'), ('XDG_SESSION_CLASS', 'user'), ('TERM', 'xterm'), ('XDG_SESSION_ID', '656'), ('ROS_LOCALHOST_ONLY', '0'), ('PATH', '/usr/bin:/home/yfu/.local/bin:/opt/ros/galactic/bin:/home/yfu/Miniconda/ENTER/bin:/home/yfu/Miniconda/ENTER/condabin:$/home/yfu/Miniconda/ENTER/bin:/usr/local/sbin:/usr/local/bin:/usr/sbin:/usr/bin:/sbin:/bin:/usr/games:/usr/local/games:/snap/bin'), ('XDG_RUNTIME_DIR', '/run/user/1001'), ('DISPLAY', 'localhost:10.0'), ('LANG', 'en_US.UTF-8'), ('LS_COLORS', 'rs=0:di=01;34:ln=01;36:mh=00:pi=40;33:so=01;35:do=01;35:bd=40;33;01:cd=40;33;01:or=40;31;01:mi=00:su=37;41:sg=30;43:ca=30;41:tw=30;42:ow=34;42:st=37;44:ex=01;32:*.tar=01;31:*.tgz=01;31:*.arc=01;31:*.arj=01;31:*.taz=01;31:*.lha=01;31:*.lz4=01;31:*.lzh=01;31:*.lzma=01;31:*.tlz=01;31:*.txz=01;31:*.tzo=01;31:*.t7z=01;31:*.zip=01;31:*.z=01;31:*.dz=01;31:*.gz=01;31:*.lrz=01;31:*.lz=01;31:*.lzo=01;31:*.xz=01;31:*.zst=01;31:*.tzst=01;31:*.bz2=01;31:*.bz=01;31:*.tbz=01;31:*.tbz2=01;31:*.tz=01;31:*.deb=01;31:*.rpm=01;31:*.jar=01;31:*.war=01;31:*.ear=01;31:*.sar=01;31:*.rar=01;31:*.alz=01;31:*.ace=01;31:*.zoo=01;31:*.cpio=01;31:*.7z=01;31:*.rz=01;31:*.cab=01;31:*.wim=01;31:*.swm=01;31:*.dwm=01;31:*.esd=01;31:*.jpg=01;35:*.jpeg=01;35:*.mjpg=01;35:*.mjpeg=01;35:*.gif=01;35:*.bmp=01;35:*.pbm=01;35:*.pgm=01;35:*.ppm=01;35:*.tga=01;35:*.xbm=01;35:*.xpm=01;35:*.tif=01;35:*.tiff=01;35:*.png=01;35:*.svg=01;35:*.svgz=01;35:*.mng=01;35:*.pcx=01;35:*.mov=01;35:*.mpg=01;35:*.mpeg=01;35:*.m2v=01;35:*.mkv=01;35:*.webm=01;35:*.ogm=01;35:*.mp4=01;35:*.m4v=01;35:*.mp4v=01;35:*.vob=01;35:*.qt=01;35:*.nuv=01;35:*.wmv=01;35:*.asf=01;35:*.rm=01;35:*.rmvb=01;35:*.flc=01;35:*.avi=01;35:*.fli=01;35:*.flv=01;35:*.gl=01;35:*.dl=01;35:*.xcf=01;35:*.xwd=01;35:*.yuv=01;35:*.cgm=01;35:*.emf=01;35:*.ogv=01;35:*.ogx=01;35:*.aac=00;36:*.au=00;36:*.flac=00;36:*.m4a=00;36:*.mid=00;36:*.midi=00;36:*.mka=00;36:*.mp3=00;36:*.mpc=00;36:*.ogg=00;36:*.ra=00;36:*.wav=00;36:*.oga=00;36:*.opus=00;36:*.spx=00;36:*.xspf=00;36:'), ('JETSON_SOC', 'tegra23x'), ('AMENT_PREFIX_PATH', '/home/yfu/projects/ros2-picas/install/picas_example_mt:/home/yfu/projects/ros2-picas/install/picas_example:/home/yfu/projects/ros2-picas/install/trace_picas:/home/yfu/projects/ros2-picas/install/test_msgs:/home/yfu/projects/ros2-picas/install/rclcpp:/opt/ros/galactic'), ('CONDA_PYTHON_EXE', '/home/yfu/Miniconda/ENTER/bin/python'), ('SHELL', '/bin/bash'), ('LESSCLOSE', '/usr/bin/lesspipe %s %s'), ('CONDA_DEFAULT_ENV', 'base'), ('JETSON_CUDA_ARCH_BIN', '8.7'), ('PWD', '/home/yfu/projects/ros2-picas/build/picas_example_mt'), ('CONDA_EXE', '/home/yfu/Miniconda/ENTER/bin/conda'), ('SSH_CONNECTION', '172.19.37.200 13487 192.168.0.226 22'), ('XDG_DATA_DIRS', '/usr/local/share:/usr/share:/var/lib/snapd/desktop'), ('PYTHONPATH', '/home/yfu/projects/ros2-picas/install/test_msgs/lib/python3.8/site-packages:/opt/ros/galactic/lib/python3.8/site-packages'), ('CONDA_PREFIX', '/home/yfu/Miniconda/ENTER'), ('COLCON', '1'), ('JETSON_JETPACK', '5.1.2'), ('CMAKE_PREFIX_PATH', '/home/yfu/projects/ros2-picas/install/trace_picas:/home/yfu/projects/ros2-picas/install/rclcpp:/home/yfu/projects/ros2-picas/install/test_msgs:/home/yfu/projects/ros2-picas/install/picas_example_mt:/home/yfu/projects/ros2-picas/install/picas_example:/opt/ros/galactic'), ('JETSON_P_NUMBER', 'p3767-0005')]), 'shell': False}
[1.908757] (-) TimerEvent: {}
[1.937817] (picas_example) StdoutLine: {'line': b'\x1b[35m\x1b[1mScanning dependencies of target sstest\x1b[0m\n'}
[1.973263] (picas_example) StdoutLine: {'line': b'[ 66%] Built target example\n'}
[1.974074] (picas_example) StdoutLine: {'line': b'[ 66%] Built target case_study\n'}
[1.986238] (picas_example_mt) StdoutLine: {'line': b'[100%] Built target example_mt\n'}
[2.006425] (picas_example) StdoutLine: {'line': b'[ 83%] \x1b[32mBuilding CXX object CMakeFiles/sstest.dir/src/sstest.cpp.o\x1b[0m\n'}
[2.008853] (-) TimerEvent: {}
[2.015102] (picas_example_mt) CommandEnded: {'returncode': 0}
[2.017439] (picas_example_mt) JobProgress: {'identifier': 'picas_example_mt', 'progress': 'install'}
[2.018108] (picas_example_mt) Command: {'cmd': ['/usr/bin/cmake', '--install', '/home/yfu/projects/ros2-picas/build/picas_example_mt'], 'cwd': '/home/yfu/projects/ros2-picas/build/picas_example_mt', 'env': OrderedDict([('LESSOPEN', '| /usr/bin/lesspipe %s'), ('CONDA_PROMPT_MODIFIER', '(base)'), ('USER', 'yfu'), ('SSH_CLIENT', '172.19.37.200 13487 22'), ('XDG_SESSION_TYPE', 'tty'), ('SHLVL', '1'), ('LD_LIBRARY_PATH', '/home/yfu/projects/ros2-picas/install/rclcpp/lib:/home/yfu/projects/ros2-picas/install/test_msgs/lib:/home/yfu/projects/ros2-picas/install/trace_picas/lib:/opt/ros/galactic/opt/yaml_cpp_vendor/lib:/opt/ros/galactic/lib/aarch64-linux-gnu:/opt/ros/galactic/lib'), ('MOTD_SHOWN', 'pam'), ('HOME', '/home/yfu'), ('CONDA_SHLVL', '1'), ('OLDPWD', '/home/yfu/projects'), ('SSH_TTY', '/dev/pts/0'), ('JETSON_L4T', '35.4.1'), ('ROS_PYTHON_VERSION', '3'), ('JETSON_MODEL', 'NVIDIA Orin Nano Developer Kit'), ('DBUS_SESSION_BUS_ADDRESS', 'unix:path=/run/user/1001/bus'), ('COLCON_PREFIX_PATH', '/home/yfu/projects/ros2-picas/install'), ('ROS_DISTRO', 'galactic'), ('LOGNAME', 'yfu'), ('JETSON_MODULE', 'NVIDIA Jetson Orin Nano (Developer kit)'), ('JETSON_SERIAL_NUMBER', '1421523024361'), ('_', '/usr/bin/colcon'), ('ROS_VERSION', '2'), ('JETSON_CODENAME', 'P3768'), ('XDG_SESSION_CLASS', 'user'), ('TERM', 'xterm'), ('XDG_SESSION_ID', '656'), ('ROS_LOCALHOST_ONLY', '0'), ('PATH', '/usr/bin:/home/yfu/.local/bin:/opt/ros/galactic/bin:/home/yfu/Miniconda/ENTER/bin:/home/yfu/Miniconda/ENTER/condabin:$/home/yfu/Miniconda/ENTER/bin:/usr/local/sbin:/usr/local/bin:/usr/sbin:/usr/bin:/sbin:/bin:/usr/games:/usr/local/games:/snap/bin'), ('XDG_RUNTIME_DIR', '/run/user/1001'), ('DISPLAY', 'localhost:10.0'), ('LANG', 'en_US.UTF-8'), ('LS_COLORS', 'rs=0:di=01;34:ln=01;36:mh=00:pi=40;33:so=01;35:do=01;35:bd=40;33;01:cd=40;33;01:or=40;31;01:mi=00:su=37;41:sg=30;43:ca=30;41:tw=30;42:ow=34;42:st=37;44:ex=01;32:*.tar=01;31:*.tgz=01;31:*.arc=01;31:*.arj=01;31:*.taz=01;31:*.lha=01;31:*.lz4=01;31:*.lzh=01;31:*.lzma=01;31:*.tlz=01;31:*.txz=01;31:*.tzo=01;31:*.t7z=01;31:*.zip=01;31:*.z=01;31:*.dz=01;31:*.gz=01;31:*.lrz=01;31:*.lz=01;31:*.lzo=01;31:*.xz=01;31:*.zst=01;31:*.tzst=01;31:*.bz2=01;31:*.bz=01;31:*.tbz=01;31:*.tbz2=01;31:*.tz=01;31:*.deb=01;31:*.rpm=01;31:*.jar=01;31:*.war=01;31:*.ear=01;31:*.sar=01;31:*.rar=01;31:*.alz=01;31:*.ace=01;31:*.zoo=01;31:*.cpio=01;31:*.7z=01;31:*.rz=01;31:*.cab=01;31:*.wim=01;31:*.swm=01;31:*.dwm=01;31:*.esd=01;31:*.jpg=01;35:*.jpeg=01;35:*.mjpg=01;35:*.mjpeg=01;35:*.gif=01;35:*.bmp=01;35:*.pbm=01;35:*.pgm=01;35:*.ppm=01;35:*.tga=01;35:*.xbm=01;35:*.xpm=01;35:*.tif=01;35:*.tiff=01;35:*.png=01;35:*.svg=01;35:*.svgz=01;35:*.mng=01;35:*.pcx=01;35:*.mov=01;35:*.mpg=01;35:*.mpeg=01;35:*.m2v=01;35:*.mkv=01;35:*.webm=01;35:*.ogm=01;35:*.mp4=01;35:*.m4v=01;35:*.mp4v=01;35:*.vob=01;35:*.qt=01;35:*.nuv=01;35:*.wmv=01;35:*.asf=01;35:*.rm=01;35:*.rmvb=01;35:*.flc=01;35:*.avi=01;35:*.fli=01;35:*.flv=01;35:*.gl=01;35:*.dl=01;35:*.xcf=01;35:*.xwd=01;35:*.yuv=01;35:*.cgm=01;35:*.emf=01;35:*.ogv=01;35:*.ogx=01;35:*.aac=00;36:*.au=00;36:*.flac=00;36:*.m4a=00;36:*.mid=00;36:*.midi=00;36:*.mka=00;36:*.mp3=00;36:*.mpc=00;36:*.ogg=00;36:*.ra=00;36:*.wav=00;36:*.oga=00;36:*.opus=00;36:*.spx=00;36:*.xspf=00;36:'), ('JETSON_SOC', 'tegra23x'), ('AMENT_PREFIX_PATH', '/home/yfu/projects/ros2-picas/install/picas_example_mt:/home/yfu/projects/ros2-picas/install/picas_example:/home/yfu/projects/ros2-picas/install/trace_picas:/home/yfu/projects/ros2-picas/install/test_msgs:/home/yfu/projects/ros2-picas/install/rclcpp:/opt/ros/galactic'), ('CONDA_PYTHON_EXE', '/home/yfu/Miniconda/ENTER/bin/python'), ('SHELL', '/bin/bash'), ('LESSCLOSE', '/usr/bin/lesspipe %s %s'), ('CONDA_DEFAULT_ENV', 'base'), ('JETSON_CUDA_ARCH_BIN', '8.7'), ('PWD', '/home/yfu/projects/ros2-picas/build/picas_example_mt'), ('CONDA_EXE', '/home/yfu/Miniconda/ENTER/bin/conda'), ('SSH_CONNECTION', '172.19.37.200 13487 192.168.0.226 22'), ('XDG_DATA_DIRS', '/usr/local/share:/usr/share:/var/lib/snapd/desktop'), ('PYTHONPATH', '/home/yfu/projects/ros2-picas/install/test_msgs/lib/python3.8/site-packages:/opt/ros/galactic/lib/python3.8/site-packages'), ('CONDA_PREFIX', '/home/yfu/Miniconda/ENTER'), ('COLCON', '1'), ('JETSON_JETPACK', '5.1.2'), ('CMAKE_PREFIX_PATH', '/home/yfu/projects/ros2-picas/install/trace_picas:/home/yfu/projects/ros2-picas/install/rclcpp:/home/yfu/projects/ros2-picas/install/test_msgs:/home/yfu/projects/ros2-picas/install/picas_example_mt:/home/yfu/projects/ros2-picas/install/picas_example:/opt/ros/galactic'), ('JETSON_P_NUMBER', 'p3767-0005')]), 'shell': False}
[2.045957] (picas_example_mt) StdoutLine: {'line': b'-- Install configuration: ""\n'}
[2.046788] (picas_example_mt) StdoutLine: {'line': b'-- Up-to-date: /home/yfu/projects/ros2-picas/install/picas_example_mt/lib/picas_example_mt/example_mt\n'}
[2.047260] (picas_example_mt) StdoutLine: {'line': b'-- Up-to-date: /home/yfu/projects/ros2-picas/install/picas_example_mt/share/ament_index/resource_index/package_run_dependencies/picas_example_mt\n'}
[2.047537] (picas_example_mt) StdoutLine: {'line': b'-- Up-to-date: /home/yfu/projects/ros2-picas/install/picas_example_mt/share/ament_index/resource_index/parent_prefix_path/picas_example_mt\n'}
[2.047798] (picas_example_mt) StdoutLine: {'line': b'-- Up-to-date: /home/yfu/projects/ros2-picas/install/picas_example_mt/share/picas_example_mt/environment/ament_prefix_path.sh\n'}
[2.048047] (picas_example_mt) StdoutLine: {'line': b'-- Up-to-date: /home/yfu/projects/ros2-picas/install/picas_example_mt/share/picas_example_mt/environment/ament_prefix_path.dsv\n'}
[2.048253] (picas_example_mt) StdoutLine: {'line': b'-- Up-to-date: /home/yfu/projects/ros2-picas/install/picas_example_mt/share/picas_example_mt/environment/path.sh\n'}
[2.048418] (picas_example_mt) StdoutLine: {'line': b'-- Up-to-date: /home/yfu/projects/ros2-picas/install/picas_example_mt/share/picas_example_mt/environment/path.dsv\n'}
[2.048573] (picas_example_mt) StdoutLine: {'line': b'-- Up-to-date: /home/yfu/projects/ros2-picas/install/picas_example_mt/share/picas_example_mt/local_setup.bash\n'}
[2.048762] (picas_example_mt) StdoutLine: {'line': b'-- Up-to-date: /home/yfu/projects/ros2-picas/install/picas_example_mt/share/picas_example_mt/local_setup.sh\n'}
[2.049010] (picas_example_mt) StdoutLine: {'line': b'-- Up-to-date: /home/yfu/projects/ros2-picas/install/picas_example_mt/share/picas_example_mt/local_setup.zsh\n'}
[2.049210] (picas_example_mt) StdoutLine: {'line': b'-- Up-to-date: /home/yfu/projects/ros2-picas/install/picas_example_mt/share/picas_example_mt/local_setup.dsv\n'}
[2.049400] (picas_example_mt) StdoutLine: {'line': b'-- Installing: /home/yfu/projects/ros2-picas/install/picas_example_mt/share/picas_example_mt/package.dsv\n'}
[2.049542] (picas_example_mt) StdoutLine: {'line': b'-- Up-to-date: /home/yfu/projects/ros2-picas/install/picas_example_mt/share/ament_index/resource_index/packages/picas_example_mt\n'}
[2.049681] (picas_example_mt) StdoutLine: {'line': b'-- Up-to-date: /home/yfu/projects/ros2-picas/install/picas_example_mt/share/picas_example_mt/cmake/picas_example_mtConfig.cmake\n'}
[2.049841] (picas_example_mt) StdoutLine: {'line': b'-- Up-to-date: /home/yfu/projects/ros2-picas/install/picas_example_mt/share/picas_example_mt/cmake/picas_example_mtConfig-version.cmake\n'}
[2.049987] (picas_example_mt) StdoutLine: {'line': b'-- Up-to-date: /home/yfu/projects/ros2-picas/install/picas_example_mt/share/picas_example_mt/package.xml\n'}
[2.054552] (picas_example_mt) CommandEnded: {'returncode': 0}
[2.109170] (-) TimerEvent: {}
[2.128681] (picas_example_mt) JobEnded: {'identifier': 'picas_example_mt', 'rc': 0}
[2.209387] (-) TimerEvent: {}
[2.310454] (-) TimerEvent: {}
[2.411559] (-) TimerEvent: {}
[2.512679] (-) TimerEvent: {}
[2.613799] (-) TimerEvent: {}
[2.715000] (-) TimerEvent: {}
[2.863215] (-) TimerEvent: {}
[2.964317] (-) TimerEvent: {}
[3.065441] (-) TimerEvent: {}
[3.166616] (-) TimerEvent: {}
[3.267728] (-) TimerEvent: {}
[3.368898] (-) TimerEvent: {}
[3.470037] (-) TimerEvent: {}
[3.571236] (-) TimerEvent: {}
[3.672363] (-) TimerEvent: {}
[3.773522] (-) TimerEvent: {}
[3.874666] (-) TimerEvent: {}
[3.975796] (-) TimerEvent: {}
[4.076928] (-) TimerEvent: {}
[4.178080] (-) TimerEvent: {}
[4.279260] (-) TimerEvent: {}
[4.380406] (-) TimerEvent: {}
[4.481549] (-) TimerEvent: {}
[4.582762] (-) TimerEvent: {}
[4.683863] (-) TimerEvent: {}
[4.784963] (-) TimerEvent: {}
[4.886084] (-) TimerEvent: {}
[4.987238] (-) TimerEvent: {}
[5.088393] (-) TimerEvent: {}
[5.189552] (-) TimerEvent: {}
[5.290728] (-) TimerEvent: {}
[5.391875] (-) TimerEvent: {}
[5.493021] (-) TimerEvent: {}
[5.594154] (-) TimerEvent: {}
[5.695319] (-) TimerEvent: {}
[5.796450] (-) TimerEvent: {}
[5.897604] (-) TimerEvent: {}
[5.998752] (-) TimerEvent: {}
[6.099870] (-) TimerEvent: {}
[6.201005] (-) TimerEvent: {}
[6.302154] (-) TimerEvent: {}
[6.403301] (-) TimerEvent: {}
[6.504403] (-) TimerEvent: {}
[6.605495] (-) TimerEvent: {}
[6.706592] (-) TimerEvent: {}
[6.807654] (-) TimerEvent: {}
[6.908785] (-) TimerEvent: {}
[7.009917] (-) TimerEvent: {}
[7.111082] (-) TimerEvent: {}
[7.212208] (-) TimerEvent: {}
[7.313330] (-) TimerEvent: {}
[7.414445] (-) TimerEvent: {}
[7.515591] (-) TimerEvent: {}
[7.616671] (-) TimerEvent: {}
[7.717766] (-) TimerEvent: {}
[7.818893] (-) TimerEvent: {}
[7.958136] (-) TimerEvent: {}
[8.059275] (-) TimerEvent: {}
[8.160399] (-) TimerEvent: {}
[8.261759] (-) TimerEvent: {}
[8.362871] (-) TimerEvent: {}
[8.464215] (-) TimerEvent: {}
[8.565354] (-) TimerEvent: {}
[8.666682] (-) TimerEvent: {}
[8.767767] (-) TimerEvent: {}
[8.869093] (-) TimerEvent: {}
[8.970204] (-) TimerEvent: {}
[9.071325] (-) TimerEvent: {}
[9.172446] (-) TimerEvent: {}
[9.273561] (-) TimerEvent: {}
[9.374701] (-) TimerEvent: {}
[9.475784] (-) TimerEvent: {}
[9.576867] (-) TimerEvent: {}
[9.677980] (-) TimerEvent: {}
[9.779161] (-) TimerEvent: {}
[9.879966] (-) TimerEvent: {}
[9.980819] (-) TimerEvent: {}
[10.081851] (-) TimerEvent: {}
[10.182538] (-) TimerEvent: {}
[10.283118] (-) TimerEvent: {}
[10.383651] (-) TimerEvent: {}
[10.484172] (-) TimerEvent: {}
[10.584740] (-) TimerEvent: {}
[10.685324] (-) TimerEvent: {}
[10.785913] (-) TimerEvent: {}
[10.886464] (-) TimerEvent: {}
[10.987218] (-) TimerEvent: {}
[11.088253] (-) TimerEvent: {}
[11.189004] (-) TimerEvent: {}
[11.289626] (-) TimerEvent: {}
[11.390238] (-) TimerEvent: {}
[11.490854] (-) TimerEvent: {}
[11.591443] (-) TimerEvent: {}
[11.692037] (-) TimerEvent: {}
[11.792809] (-) TimerEvent: {}
[11.893911] (-) TimerEvent: {}
[11.995006] (-) TimerEvent: {}
[12.096131] (-) TimerEvent: {}
[12.197299] (-) TimerEvent: {}
[12.232078] (picas_example) StdoutLine: {'line': b'[100%] \x1b[32m\x1b[1mLinking CXX executable sstest\x1b[0m\n'}
[12.297594] (-) TimerEvent: {}
[12.398555] (-) TimerEvent: {}
[12.499406] (-) TimerEvent: {}
[12.600676] (-) TimerEvent: {}
[12.701877] (-) TimerEvent: {}
[12.803177] (-) TimerEvent: {}
[12.987589] (-) TimerEvent: {}
[13.088774] (-) TimerEvent: {}
[13.190111] (-) TimerEvent: {}
[13.291638] (-) TimerEvent: {}
[13.393178] (-) TimerEvent: {}
[13.494742] (-) TimerEvent: {}
[13.596011] (-) TimerEvent: {}
[13.697286] (-) TimerEvent: {}
[13.798605] (-) TimerEvent: {}
[13.899750] (-) TimerEvent: {}
[14.000749] (-) TimerEvent: {}
[14.101854] (-) TimerEvent: {}
[14.203070] (-) TimerEvent: {}
[14.304311] (-) TimerEvent: {}
[14.405914] (-) TimerEvent: {}
[14.424299] (picas_example) StdoutLine: {'line': b'[100%] Built target sstest\n'}
[14.505908] (-) TimerEvent: {}
[14.574486] (picas_example) CommandEnded: {'returncode': 0}
[14.577353] (picas_example) JobProgress: {'identifier': 'picas_example', 'progress': 'install'}
[14.578154] (picas_example) Command: {'cmd': ['/usr/bin/cmake', '--install', '/home/yfu/projects/ros2-picas/build/picas_example'], 'cwd': '/home/yfu/projects/ros2-picas/build/picas_example', 'env': OrderedDict([('LESSOPEN', '| /usr/bin/lesspipe %s'), ('CONDA_PROMPT_MODIFIER', '(base)'), ('USER', 'yfu'), ('SSH_CLIENT', '172.19.37.200 13487 22'), ('XDG_SESSION_TYPE', 'tty'), ('SHLVL', '1'), ('LD_LIBRARY_PATH', '/home/yfu/projects/ros2-picas/install/rclcpp/lib:/home/yfu/projects/ros2-picas/install/test_msgs/lib:/home/yfu/projects/ros2-picas/install/trace_picas/lib:/opt/ros/galactic/opt/yaml_cpp_vendor/lib:/opt/ros/galactic/lib/aarch64-linux-gnu:/opt/ros/galactic/lib'), ('MOTD_SHOWN', 'pam'), ('HOME', '/home/yfu'), ('CONDA_SHLVL', '1'), ('OLDPWD', '/home/yfu/projects'), ('SSH_TTY', '/dev/pts/0'), ('JETSON_L4T', '35.4.1'), ('ROS_PYTHON_VERSION', '3'), ('JETSON_MODEL', 'NVIDIA Orin Nano Developer Kit'), ('DBUS_SESSION_BUS_ADDRESS', 'unix:path=/run/user/1001/bus'), ('COLCON_PREFIX_PATH', '/home/yfu/projects/ros2-picas/install'), ('ROS_DISTRO', 'galactic'), ('LOGNAME', 'yfu'), ('JETSON_MODULE', 'NVIDIA Jetson Orin Nano (Developer kit)'), ('JETSON_SERIAL_NUMBER', '1421523024361'), ('_', '/usr/bin/colcon'), ('ROS_VERSION', '2'), ('JETSON_CODENAME', 'P3768'), ('XDG_SESSION_CLASS', 'user'), ('TERM', 'xterm'), ('XDG_SESSION_ID', '656'), ('ROS_LOCALHOST_ONLY', '0'), ('PATH', '/usr/bin:/home/yfu/.local/bin:/opt/ros/galactic/bin:/home/yfu/Miniconda/ENTER/bin:/home/yfu/Miniconda/ENTER/condabin:$/home/yfu/Miniconda/ENTER/bin:/usr/local/sbin:/usr/local/bin:/usr/sbin:/usr/bin:/sbin:/bin:/usr/games:/usr/local/games:/snap/bin'), ('XDG_RUNTIME_DIR', '/run/user/1001'), ('DISPLAY', 'localhost:10.0'), ('LANG', 'en_US.UTF-8'), ('LS_COLORS', 'rs=0:di=01;34:ln=01;36:mh=00:pi=40;33:so=01;35:do=01;35:bd=40;33;01:cd=40;33;01:or=40;31;01:mi=00:su=37;41:sg=30;43:ca=30;41:tw=30;42:ow=34;42:st=37;44:ex=01;32:*.tar=01;31:*.tgz=01;31:*.arc=01;31:*.arj=01;31:*.taz=01;31:*.lha=01;31:*.lz4=01;31:*.lzh=01;31:*.lzma=01;31:*.tlz=01;31:*.txz=01;31:*.tzo=01;31:*.t7z=01;31:*.zip=01;31:*.z=01;31:*.dz=01;31:*.gz=01;31:*.lrz=01;31:*.lz=01;31:*.lzo=01;31:*.xz=01;31:*.zst=01;31:*.tzst=01;31:*.bz2=01;31:*.bz=01;31:*.tbz=01;31:*.tbz2=01;31:*.tz=01;31:*.deb=01;31:*.rpm=01;31:*.jar=01;31:*.war=01;31:*.ear=01;31:*.sar=01;31:*.rar=01;31:*.alz=01;31:*.ace=01;31:*.zoo=01;31:*.cpio=01;31:*.7z=01;31:*.rz=01;31:*.cab=01;31:*.wim=01;31:*.swm=01;31:*.dwm=01;31:*.esd=01;31:*.jpg=01;35:*.jpeg=01;35:*.mjpg=01;35:*.mjpeg=01;35:*.gif=01;35:*.bmp=01;35:*.pbm=01;35:*.pgm=01;35:*.ppm=01;35:*.tga=01;35:*.xbm=01;35:*.xpm=01;35:*.tif=01;35:*.tiff=01;35:*.png=01;35:*.svg=01;35:*.svgz=01;35:*.mng=01;35:*.pcx=01;35:*.mov=01;35:*.mpg=01;35:*.mpeg=01;35:*.m2v=01;35:*.mkv=01;35:*.webm=01;35:*.ogm=01;35:*.mp4=01;35:*.m4v=01;35:*.mp4v=01;35:*.vob=01;35:*.qt=01;35:*.nuv=01;35:*.wmv=01;35:*.asf=01;35:*.rm=01;35:*.rmvb=01;35:*.flc=01;35:*.avi=01;35:*.fli=01;35:*.flv=01;35:*.gl=01;35:*.dl=01;35:*.xcf=01;35:*.xwd=01;35:*.yuv=01;35:*.cgm=01;35:*.emf=01;35:*.ogv=01;35:*.ogx=01;35:*.aac=00;36:*.au=00;36:*.flac=00;36:*.m4a=00;36:*.mid=00;36:*.midi=00;36:*.mka=00;36:*.mp3=00;36:*.mpc=00;36:*.ogg=00;36:*.ra=00;36:*.wav=00;36:*.oga=00;36:*.opus=00;36:*.spx=00;36:*.xspf=00;36:'), ('JETSON_SOC', 'tegra23x'), ('AMENT_PREFIX_PATH', '/home/yfu/projects/ros2-picas/install/picas_example_mt:/home/yfu/projects/ros2-picas/install/picas_example:/home/yfu/projects/ros2-picas/install/trace_picas:/home/yfu/projects/ros2-picas/install/test_msgs:/home/yfu/projects/ros2-picas/install/rclcpp:/opt/ros/galactic'), ('CONDA_PYTHON_EXE', '/home/yfu/Miniconda/ENTER/bin/python'), ('SHELL', '/bin/bash'), ('LESSCLOSE', '/usr/bin/lesspipe %s %s'), ('CONDA_DEFAULT_ENV', 'base'), ('JETSON_CUDA_ARCH_BIN', '8.7'), ('PWD', '/home/yfu/projects/ros2-picas/build/picas_example'), ('CONDA_EXE', '/home/yfu/Miniconda/ENTER/bin/conda'), ('SSH_CONNECTION', '172.19.37.200 13487 192.168.0.226 22'), ('XDG_DATA_DIRS', '/usr/local/share:/usr/share:/var/lib/snapd/desktop'), ('PYTHONPATH', '/home/yfu/projects/ros2-picas/install/test_msgs/lib/python3.8/site-packages:/opt/ros/galactic/lib/python3.8/site-packages'), ('CONDA_PREFIX', '/home/yfu/Miniconda/ENTER'), ('COLCON', '1'), ('JETSON_JETPACK', '5.1.2'), ('CMAKE_PREFIX_PATH', '/home/yfu/projects/ros2-picas/install/trace_picas:/home/yfu/projects/ros2-picas/install/rclcpp:/home/yfu/projects/ros2-picas/install/test_msgs:/home/yfu/projects/ros2-picas/install/picas_example_mt:/home/yfu/projects/ros2-picas/install/picas_example:/opt/ros/galactic'), ('JETSON_P_NUMBER', 'p3767-0005')]), 'shell': False}
[14.606133] (-) TimerEvent: {}
[14.607910] (picas_example) StdoutLine: {'line': b'-- Install configuration: ""\n'}
[14.608876] (picas_example) StdoutLine: {'line': b'-- Installing: /home/yfu/projects/ros2-picas/install/picas_example/lib/picas_example/sstest\n'}
[14.614419] (picas_example) StdoutLine: {'line': b'-- Set runtime path of "/home/yfu/projects/ros2-picas/install/picas_example/lib/picas_example/sstest" to ""\n'}
[14.614881] (picas_example) StdoutLine: {'line': b'-- Up-to-date: /home/yfu/projects/ros2-picas/install/picas_example/lib/picas_example/example\n'}
[14.615303] (picas_example) StdoutLine: {'line': b'-- Up-to-date: /home/yfu/projects/ros2-picas/install/picas_example/lib/picas_example/case_study\n'}
[14.615709] (picas_example) StdoutLine: {'line': b'-- Up-to-date: /home/yfu/projects/ros2-picas/install/picas_example/share/ament_index/resource_index/package_run_dependencies/picas_example\n'}
[14.616095] (picas_example) StdoutLine: {'line': b'-- Up-to-date: /home/yfu/projects/ros2-picas/install/picas_example/share/ament_index/resource_index/parent_prefix_path/picas_example\n'}
[14.616530] (picas_example) StdoutLine: {'line': b'-- Up-to-date: /home/yfu/projects/ros2-picas/install/picas_example/share/picas_example/environment/ament_prefix_path.sh\n'}
[14.616985] (picas_example) StdoutLine: {'line': b'-- Up-to-date: /home/yfu/projects/ros2-picas/install/picas_example/share/picas_example/environment/ament_prefix_path.dsv\n'}
[14.617272] (picas_example) StdoutLine: {'line': b'-- Up-to-date: /home/yfu/projects/ros2-picas/install/picas_example/share/picas_example/environment/path.sh\n'}
[14.617603] (picas_example) StdoutLine: {'line': b'-- Up-to-date: /home/yfu/projects/ros2-picas/install/picas_example/share/picas_example/environment/path.dsv\n'}
[14.617975] (picas_example) StdoutLine: {'line': b'-- Up-to-date: /home/yfu/projects/ros2-picas/install/picas_example/share/picas_example/local_setup.bash\n'}
[14.618247] (picas_example) StdoutLine: {'line': b'-- Up-to-date: /home/yfu/projects/ros2-picas/install/picas_example/share/picas_example/local_setup.sh\n'}
[14.618509] (picas_example) StdoutLine: {'line': b'-- Up-to-date: /home/yfu/projects/ros2-picas/install/picas_example/share/picas_example/local_setup.zsh\n'}
[14.618876] (picas_example) StdoutLine: {'line': b'-- Up-to-date: /home/yfu/projects/ros2-picas/install/picas_example/share/picas_example/local_setup.dsv\n'}
[14.619158] (picas_example) StdoutLine: {'line': b'-- Installing: /home/yfu/projects/ros2-picas/install/picas_example/share/picas_example/package.dsv\n'}
[14.619460] (picas_example) StdoutLine: {'line': b'-- Up-to-date: /home/yfu/projects/ros2-picas/install/picas_example/share/ament_index/resource_index/packages/picas_example\n'}
[14.619728] (picas_example) StdoutLine: {'line': b'-- Up-to-date: /home/yfu/projects/ros2-picas/install/picas_example/share/picas_example/cmake/picas_exampleConfig.cmake\n'}
[14.619988] (picas_example) StdoutLine: {'line': b'-- Up-to-date: /home/yfu/projects/ros2-picas/install/picas_example/share/picas_example/cmake/picas_exampleConfig-version.cmake\n'}
[14.620244] (picas_example) StdoutLine: {'line': b'-- Up-to-date: /home/yfu/projects/ros2-picas/install/picas_example/share/picas_example/package.xml\n'}
[14.626130] (picas_example) CommandEnded: {'returncode': 0}
[14.706241] (-) TimerEvent: {}
[14.770526] (picas_example) JobEnded: {'identifier': 'picas_example', 'rc': 0}
[14.773154] (-) EventReactorShutdown: {}
