[0.000000] (-) TimerEvent: {}
[0.000917] (test_msgs) JobQueued: {'identifier': 'test_msgs', 'dependencies': OrderedDict()}
[0.001184] (rclcpp) JobQueued: {'identifier': 'rclcpp', 'dependencies': OrderedDict([('test_msgs', '/home/yfu/projects/ros2-picas/install/test_msgs')])}
[0.001713] (trace_picas) JobQueued: {'identifier': 'trace_picas', 'dependencies': OrderedDict([('test_msgs', '/home/yfu/projects/ros2-picas/install/test_msgs'), ('rclcpp', '/home/yfu/projects/ros2-picas/install/rclcpp')])}
[0.002031] (picas_example) JobQueued: {'identifier': 'picas_example', 'dependencies': OrderedDict([('test_msgs', '/home/yfu/projects/ros2-picas/install/test_msgs'), ('rclcpp', '/home/yfu/projects/ros2-picas/install/rclcpp'), ('trace_picas', '/home/yfu/projects/ros2-picas/install/trace_picas')])}
[0.002425] (picas_example_mt) JobQueued: {'identifier': 'picas_example_mt', 'dependencies': OrderedDict([('test_msgs', '/home/yfu/projects/ros2-picas/install/test_msgs'), ('rclcpp', '/home/yfu/projects/ros2-picas/install/rclcpp'), ('trace_picas', '/home/yfu/projects/ros2-picas/install/trace_picas')])}
[0.002575] (test_msgs) JobStarted: {'identifier': 'test_msgs'}
[0.028562] (test_msgs) JobProgress: {'identifier': 'test_msgs', 'progress': 'cmake'}
[0.031056] (test_msgs) JobProgress: {'identifier': 'test_msgs', 'progress': 'build'}
[0.033423] (test_msgs) Command: {'cmd': ['/usr/bin/cmake', '--build', '/home/yfu/projects/ros2-picas/build/test_msgs', '--', '-j6', '-l6'], 'cwd': '/home/yfu/projects/ros2-picas/build/test_msgs', 'env': OrderedDict([('LESSOPEN', '| /usr/bin/lesspipe %s'), ('CONDA_PROMPT_MODIFIER', '(base)'), ('USER', 'yfu'), ('SSH_CLIENT', '172.19.37.200 13487 22'), ('XDG_SESSION_TYPE', 'tty'), ('SHLVL', '1'), ('LD_LIBRARY_PATH', '/home/yfu/projects/ros2-picas/install/trace_picas/lib:/home/yfu/projects/ros2-picas/install/test_msgs/lib:/home/yfu/projects/ros2-picas/install/rclcpp/lib:/opt/ros/galactic/opt/yaml_cpp_vendor/lib:/opt/ros/galactic/lib/aarch64-linux-gnu:/opt/ros/galactic/lib'), ('MOTD_SHOWN', 'pam'), ('HOME', '/home/yfu'), ('CONDA_SHLVL', '1'), ('OLDPWD', '/home/yfu/projects'), ('SSH_TTY', '/dev/pts/0'), ('JETSON_L4T', '35.4.1'), ('ROS_PYTHON_VERSION', '3'), ('JETSON_MODEL', 'NVIDIA Orin Nano Developer Kit'), ('DBUS_SESSION_BUS_ADDRESS', 'unix:path=/run/user/1001/bus'), ('COLCON_PREFIX_PATH', '/home/yfu/projects/ros2-picas/install'), ('ROS_DISTRO', 'galactic'), ('LOGNAME', 'yfu'), ('JETSON_MODULE', 'NVIDIA Jetson Orin Nano (Developer kit)'), ('JETSON_SERIAL_NUMBER', '1421523024361'), ('_', '/usr/bin/colcon'), ('ROS_VERSION', '2'), ('JETSON_CODENAME', 'P3768'), ('XDG_SESSION_CLASS', 'user'), ('TERM', 'xterm'), ('XDG_SESSION_ID', '656'), ('ROS_LOCALHOST_ONLY', '0'), ('PATH', '/usr/bin:/home/yfu/.local/bin:/opt/ros/galactic/bin:/home/yfu/Miniconda/ENTER/bin:/home/yfu/Miniconda/ENTER/condabin:$/home/yfu/Miniconda/ENTER/bin:/usr/local/sbin:/usr/local/bin:/usr/sbin:/usr/bin:/sbin:/bin:/usr/games:/usr/local/games:/snap/bin'), ('XDG_RUNTIME_DIR', '/run/user/1001'), ('DISPLAY', 'localhost:10.0'), ('LANG', 'en_US.UTF-8'), ('LS_COLORS', 'rs=0:di=01;34:ln=01;36:mh=00:pi=40;33:so=01;35:do=01;35:bd=40;33;01:cd=40;33;01:or=40;31;01:mi=00:su=37;41:sg=30;43:ca=30;41:tw=30;42:ow=34;42:st=37;44:ex=01;32:*.tar=01;31:*.tgz=01;31:*.arc=01;31:*.arj=01;31:*.taz=01;31:*.lha=01;31:*.lz4=01;31:*.lzh=01;31:*.lzma=01;31:*.tlz=01;31:*.txz=01;31:*.tzo=01;31:*.t7z=01;31:*.zip=01;31:*.z=01;31:*.dz=01;31:*.gz=01;31:*.lrz=01;31:*.lz=01;31:*.lzo=01;31:*.xz=01;31:*.zst=01;31:*.tzst=01;31:*.bz2=01;31:*.bz=01;31:*.tbz=01;31:*.tbz2=01;31:*.tz=01;31:*.deb=01;31:*.rpm=01;31:*.jar=01;31:*.war=01;31:*.ear=01;31:*.sar=01;31:*.rar=01;31:*.alz=01;31:*.ace=01;31:*.zoo=01;31:*.cpio=01;31:*.7z=01;31:*.rz=01;31:*.cab=01;31:*.wim=01;31:*.swm=01;31:*.dwm=01;31:*.esd=01;31:*.jpg=01;35:*.jpeg=01;35:*.mjpg=01;35:*.mjpeg=01;35:*.gif=01;35:*.bmp=01;35:*.pbm=01;35:*.pgm=01;35:*.ppm=01;35:*.tga=01;35:*.xbm=01;35:*.xpm=01;35:*.tif=01;35:*.tiff=01;35:*.png=01;35:*.svg=01;35:*.svgz=01;35:*.mng=01;35:*.pcx=01;35:*.mov=01;35:*.mpg=01;35:*.mpeg=01;35:*.m2v=01;35:*.mkv=01;35:*.webm=01;35:*.ogm=01;35:*.mp4=01;35:*.m4v=01;35:*.mp4v=01;35:*.vob=01;35:*.qt=01;35:*.nuv=01;35:*.wmv=01;35:*.asf=01;35:*.rm=01;35:*.rmvb=01;35:*.flc=01;35:*.avi=01;35:*.fli=01;35:*.flv=01;35:*.gl=01;35:*.dl=01;35:*.xcf=01;35:*.xwd=01;35:*.yuv=01;35:*.cgm=01;35:*.emf=01;35:*.ogv=01;35:*.ogx=01;35:*.aac=00;36:*.au=00;36:*.flac=00;36:*.m4a=00;36:*.mid=00;36:*.midi=00;36:*.mka=00;36:*.mp3=00;36:*.mpc=00;36:*.ogg=00;36:*.ra=00;36:*.wav=00;36:*.oga=00;36:*.opus=00;36:*.spx=00;36:*.xspf=00;36:'), ('JETSON_SOC', 'tegra23x'), ('AMENT_PREFIX_PATH', '/home/yfu/projects/ros2-picas/install/picas_example_mt:/home/yfu/projects/ros2-picas/install/picas_example:/home/yfu/projects/ros2-picas/install/trace_picas:/home/yfu/projects/ros2-picas/install/test_msgs:/home/yfu/projects/ros2-picas/install/rclcpp:/opt/ros/galactic'), ('CONDA_PYTHON_EXE', '/home/yfu/Miniconda/ENTER/bin/python'), ('SHELL', '/bin/bash'), ('LESSCLOSE', '/usr/bin/lesspipe %s %s'), ('CONDA_DEFAULT_ENV', 'base'), ('JETSON_CUDA_ARCH_BIN', '8.7'), ('PWD', '/home/yfu/projects/ros2-picas/build/test_msgs'), ('CONDA_EXE', '/home/yfu/Miniconda/ENTER/bin/conda'), ('SSH_CONNECTION', '172.19.37.200 13487 192.168.0.226 22'), ('XDG_DATA_DIRS', '/usr/local/share:/usr/share:/var/lib/snapd/desktop'), ('PYTHONPATH', '/home/yfu/projects/ros2-picas/install/test_msgs/lib/python3.8/site-packages:/opt/ros/galactic/lib/python3.8/site-packages'), ('CONDA_PREFIX', '/home/yfu/Miniconda/ENTER'), ('COLCON', '1'), ('JETSON_JETPACK', '5.1.2'), ('CMAKE_PREFIX_PATH', '/home/yfu/projects/ros2-picas/install/picas_example_mt:/home/yfu/projects/ros2-picas/install/picas_example:/home/yfu/projects/ros2-picas/install/trace_picas:/home/yfu/projects/ros2-picas/install/test_msgs:/home/yfu/projects/ros2-picas/install/rclcpp:/opt/ros/galactic'), ('JETSON_P_NUMBER', 'p3767-0005')]), 'shell': False}
[0.099123] (-) TimerEvent: {}
[0.167745] (test_msgs) StdoutLine: {'line': b'[  5%] Built target test_msgs__cpp\n'}
[0.168892] (test_msgs) StdoutLine: {'line': b'[ 17%] Built target test_msgs__rosidl_generator_c\n'}
[0.199244] (-) TimerEvent: {}
[0.228682] (test_msgs) StdoutLine: {'line': b'[ 45%] Built target test_msgs__rosidl_typesupport_introspection_cpp\n'}
[0.229467] (test_msgs) StdoutLine: {'line': b'[ 45%] Built target test_msgs__rosidl_typesupport_introspection_c\n'}
[0.285577] (test_msgs) StdoutLine: {'line': b'[ 71%] Built target test_msgs__rosidl_typesupport_cpp\n'}
[0.286461] (test_msgs) StdoutLine: {'line': b'[ 74%] Built target test_msgs__rosidl_typesupport_c\n'}
[0.299353] (-) TimerEvent: {}
[0.336004] (test_msgs) StdoutLine: {'line': b'[ 74%] Built target test_msgs\n'}
[0.386591] (test_msgs) StdoutLine: {'line': b'[ 77%] Built target test_msgs__py\n'}
[0.399570] (-) TimerEvent: {}
[0.445419] (test_msgs) StdoutLine: {'line': b'[ 88%] Built target test_msgs__python\n'}
[0.499877] (-) TimerEvent: {}
[0.502481] (test_msgs) StdoutLine: {'line': b'[100%] Built target test_msgs__rosidl_typesupport_introspection_c__pyext\n'}
[0.503177] (test_msgs) StdoutLine: {'line': b'[100%] Built target test_msgs__rosidl_typesupport_c__pyext\n'}
[0.538298] (test_msgs) CommandEnded: {'returncode': 0}
[0.542757] (test_msgs) JobProgress: {'identifier': 'test_msgs', 'progress': 'install'}
[0.579549] (test_msgs) Command: {'cmd': ['/usr/bin/cmake', '--install', '/home/yfu/projects/ros2-picas/build/test_msgs'], 'cwd': '/home/yfu/projects/ros2-picas/build/test_msgs', 'env': OrderedDict([('LESSOPEN', '| /usr/bin/lesspipe %s'), ('CONDA_PROMPT_MODIFIER', '(base)'), ('USER', 'yfu'), ('SSH_CLIENT', '172.19.37.200 13487 22'), ('XDG_SESSION_TYPE', 'tty'), ('SHLVL', '1'), ('LD_LIBRARY_PATH', '/home/yfu/projects/ros2-picas/install/trace_picas/lib:/home/yfu/projects/ros2-picas/install/test_msgs/lib:/home/yfu/projects/ros2-picas/install/rclcpp/lib:/opt/ros/galactic/opt/yaml_cpp_vendor/lib:/opt/ros/galactic/lib/aarch64-linux-gnu:/opt/ros/galactic/lib'), ('MOTD_SHOWN', 'pam'), ('HOME', '/home/yfu'), ('CONDA_SHLVL', '1'), ('OLDPWD', '/home/yfu/projects'), ('SSH_TTY', '/dev/pts/0'), ('JETSON_L4T', '35.4.1'), ('ROS_PYTHON_VERSION', '3'), ('JETSON_MODEL', 'NVIDIA Orin Nano Developer Kit'), ('DBUS_SESSION_BUS_ADDRESS', 'unix:path=/run/user/1001/bus'), ('COLCON_PREFIX_PATH', '/home/yfu/projects/ros2-picas/install'), ('ROS_DISTRO', 'galactic'), ('LOGNAME', 'yfu'), ('JETSON_MODULE', 'NVIDIA Jetson Orin Nano (Developer kit)'), ('JETSON_SERIAL_NUMBER', '1421523024361'), ('_', '/usr/bin/colcon'), ('ROS_VERSION', '2'), ('JETSON_CODENAME', 'P3768'), ('XDG_SESSION_CLASS', 'user'), ('TERM', 'xterm'), ('XDG_SESSION_ID', '656'), ('ROS_LOCALHOST_ONLY', '0'), ('PATH', '/usr/bin:/home/yfu/.local/bin:/opt/ros/galactic/bin:/home/yfu/Miniconda/ENTER/bin:/home/yfu/Miniconda/ENTER/condabin:$/home/yfu/Miniconda/ENTER/bin:/usr/local/sbin:/usr/local/bin:/usr/sbin:/usr/bin:/sbin:/bin:/usr/games:/usr/local/games:/snap/bin'), ('XDG_RUNTIME_DIR', '/run/user/1001'), ('DISPLAY', 'localhost:10.0'), ('LANG', 'en_US.UTF-8'), ('LS_COLORS', 'rs=0:di=01;34:ln=01;36:mh=00:pi=40;33:so=01;35:do=01;35:bd=40;33;01:cd=40;33;01:or=40;31;01:mi=00:su=37;41:sg=30;43:ca=30;41:tw=30;42:ow=34;42:st=37;44:ex=01;32:*.tar=01;31:*.tgz=01;31:*.arc=01;31:*.arj=01;31:*.taz=01;31:*.lha=01;31:*.lz4=01;31:*.lzh=01;31:*.lzma=01;31:*.tlz=01;31:*.txz=01;31:*.tzo=01;31:*.t7z=01;31:*.zip=01;31:*.z=01;31:*.dz=01;31:*.gz=01;31:*.lrz=01;31:*.lz=01;31:*.lzo=01;31:*.xz=01;31:*.zst=01;31:*.tzst=01;31:*.bz2=01;31:*.bz=01;31:*.tbz=01;31:*.tbz2=01;31:*.tz=01;31:*.deb=01;31:*.rpm=01;31:*.jar=01;31:*.war=01;31:*.ear=01;31:*.sar=01;31:*.rar=01;31:*.alz=01;31:*.ace=01;31:*.zoo=01;31:*.cpio=01;31:*.7z=01;31:*.rz=01;31:*.cab=01;31:*.wim=01;31:*.swm=01;31:*.dwm=01;31:*.esd=01;31:*.jpg=01;35:*.jpeg=01;35:*.mjpg=01;35:*.mjpeg=01;35:*.gif=01;35:*.bmp=01;35:*.pbm=01;35:*.pgm=01;35:*.ppm=01;35:*.tga=01;35:*.xbm=01;35:*.xpm=01;35:*.tif=01;35:*.tiff=01;35:*.png=01;35:*.svg=01;35:*.svgz=01;35:*.mng=01;35:*.pcx=01;35:*.mov=01;35:*.mpg=01;35:*.mpeg=01;35:*.m2v=01;35:*.mkv=01;35:*.webm=01;35:*.ogm=01;35:*.mp4=01;35:*.m4v=01;35:*.mp4v=01;35:*.vob=01;35:*.qt=01;35:*.nuv=01;35:*.wmv=01;35:*.asf=01;35:*.rm=01;35:*.rmvb=01;35:*.flc=01;35:*.avi=01;35:*.fli=01;35:*.flv=01;35:*.gl=01;35:*.dl=01;35:*.xcf=01;35:*.xwd=01;35:*.yuv=01;35:*.cgm=01;35:*.emf=01;35:*.ogv=01;35:*.ogx=01;35:*.aac=00;36:*.au=00;36:*.flac=00;36:*.m4a=00;36:*.mid=00;36:*.midi=00;36:*.mka=00;36:*.mp3=00;36:*.mpc=00;36:*.ogg=00;36:*.ra=00;36:*.wav=00;36:*.oga=00;36:*.opus=00;36:*.spx=00;36:*.xspf=00;36:'), ('JETSON_SOC', 'tegra23x'), ('AMENT_PREFIX_PATH', '/home/yfu/projects/ros2-picas/install/picas_example_mt:/home/yfu/projects/ros2-picas/install/picas_example:/home/yfu/projects/ros2-picas/install/trace_picas:/home/yfu/projects/ros2-picas/install/test_msgs:/home/yfu/projects/ros2-picas/install/rclcpp:/opt/ros/galactic'), ('CONDA_PYTHON_EXE', '/home/yfu/Miniconda/ENTER/bin/python'), ('SHELL', '/bin/bash'), ('LESSCLOSE', '/usr/bin/lesspipe %s %s'), ('CONDA_DEFAULT_ENV', 'base'), ('JETSON_CUDA_ARCH_BIN', '8.7'), ('PWD', '/home/yfu/projects/ros2-picas/build/test_msgs'), ('CONDA_EXE', '/home/yfu/Miniconda/ENTER/bin/conda'), ('SSH_CONNECTION', '172.19.37.200 13487 192.168.0.226 22'), ('XDG_DATA_DIRS', '/usr/local/share:/usr/share:/var/lib/snapd/desktop'), ('PYTHONPATH', '/home/yfu/projects/ros2-picas/install/test_msgs/lib/python3.8/site-packages:/opt/ros/galactic/lib/python3.8/site-packages'), ('CONDA_PREFIX', '/home/yfu/Miniconda/ENTER'), ('COLCON', '1'), ('JETSON_JETPACK', '5.1.2'), ('CMAKE_PREFIX_PATH', '/home/yfu/projects/ros2-picas/install/picas_example_mt:/home/yfu/projects/ros2-picas/install/picas_example:/home/yfu/projects/ros2-picas/install/trace_picas:/home/yfu/projects/ros2-picas/install/test_msgs:/home/yfu/projects/ros2-picas/install/rclcpp:/opt/ros/galactic'), ('JETSON_P_NUMBER', 'p3767-0005')]), 'shell': False}
[0.599979] (-) TimerEvent: {}
[0.614138] (test_msgs) StdoutLine: {'line': b'-- Install configuration: ""\n'}
[0.615046] (test_msgs) StdoutLine: {'line': b'-- Up-to-date: /home/yfu/projects/ros2-picas/install/test_msgs/share/ament_index/resource_index/rosidl_interfaces/test_msgs\n'}
[0.615413] (test_msgs) StdoutLine: {'line': b'-- Up-to-date: /home/yfu/projects/ros2-picas/install/test_msgs/include/test_msgs\n'}
[0.615655] (test_msgs) StdoutLine: {'line': b'-- Up-to-date: /home/yfu/projects/ros2-picas/install/test_msgs/include/test_msgs/msg\n'}
[0.615823] (test_msgs) StdoutLine: {'line': b'-- Up-to-date: /home/yfu/projects/ros2-picas/install/test_msgs/include/test_msgs/msg/u_time.h\n'}
[0.616203] (test_msgs) StdoutLine: {'line': b'-- Up-to-date: /home/yfu/projects/ros2-picas/install/test_msgs/include/test_msgs/msg/task_data.h\n'}
[0.616354] (test_msgs) StdoutLine: {'line': b'-- Up-to-date: /home/yfu/projects/ros2-picas/install/test_msgs/include/test_msgs/msg/rosidl_generator_c__visibility_control.h\n'}
[0.616533] (test_msgs) StdoutLine: {'line': b'-- Up-to-date: /home/yfu/projects/ros2-picas/install/test_msgs/include/test_msgs/msg/detail\n'}
[0.616754] (test_msgs) StdoutLine: {'line': b'-- Up-to-date: /home/yfu/projects/ros2-picas/install/test_msgs/include/test_msgs/msg/detail/u_time__functions.c\n'}
[0.616898] (test_msgs) StdoutLine: {'line': b'-- Up-to-date: /home/yfu/projects/ros2-picas/install/test_msgs/include/test_msgs/msg/detail/u_time__functions.h\n'}
[0.617085] (test_msgs) StdoutLine: {'line': b'-- Up-to-date: /home/yfu/projects/ros2-picas/install/test_msgs/include/test_msgs/msg/detail/test_string__functions.c\n'}
[0.617382] (test_msgs) StdoutLine: {'line': b'-- Up-to-date: /home/yfu/projects/ros2-picas/install/test_msgs/include/test_msgs/msg/detail/task_data__type_support.h\n'}
[0.617765] (test_msgs) StdoutLine: {'line': b'-- Up-to-date: /home/yfu/projects/ros2-picas/install/test_msgs/include/test_msgs/msg/detail/task_data__functions.c\n'}
[0.617910] (test_msgs) StdoutLine: {'line': b'-- Up-to-date: /home/yfu/projects/ros2-picas/install/test_msgs/include/test_msgs/msg/detail/test_string__type_support.h\n'}
[0.618044] (test_msgs) StdoutLine: {'line': b'-- Up-to-date: /home/yfu/projects/ros2-picas/install/test_msgs/include/test_msgs/msg/detail/test_string__functions.h\n'}
[0.618233] (test_msgs) StdoutLine: {'line': b'-- Up-to-date: /home/yfu/projects/ros2-picas/install/test_msgs/include/test_msgs/msg/detail/u_time__struct.h\n'}
[0.618373] (test_msgs) StdoutLine: {'line': b'-- Up-to-date: /home/yfu/projects/ros2-picas/install/test_msgs/include/test_msgs/msg/detail/task_data__struct.h\n'}
[0.618503] (test_msgs) StdoutLine: {'line': b'-- Up-to-date: /home/yfu/projects/ros2-picas/install/test_msgs/include/test_msgs/msg/detail/task_data__functions.h\n'}
[0.618634] (test_msgs) StdoutLine: {'line': b'-- Up-to-date: /home/yfu/projects/ros2-picas/install/test_msgs/include/test_msgs/msg/detail/u_time__type_support.h\n'}
[0.618827] (test_msgs) StdoutLine: {'line': b'-- Up-to-date: /home/yfu/projects/ros2-picas/install/test_msgs/include/test_msgs/msg/detail/test_string__struct.h\n'}
[0.618972] (test_msgs) StdoutLine: {'line': b'-- Up-to-date: /home/yfu/projects/ros2-picas/install/test_msgs/include/test_msgs/msg/test_string.h\n'}
[0.619108] (test_msgs) StdoutLine: {'line': b'-- Up-to-date: /home/yfu/projects/ros2-picas/install/test_msgs/share/test_msgs/environment/library_path.sh\n'}
[0.619430] (test_msgs) StdoutLine: {'line': b'-- Up-to-date: /home/yfu/projects/ros2-picas/install/test_msgs/share/test_msgs/environment/library_path.dsv\n'}
[0.619835] (test_msgs) StdoutLine: {'line': b'-- Up-to-date: /home/yfu/projects/ros2-picas/install/test_msgs/lib/libtest_msgs__rosidl_generator_c.so\n'}
[0.620193] (test_msgs) StdoutLine: {'line': b'-- Up-to-date: /home/yfu/projects/ros2-picas/install/test_msgs/include/test_msgs\n'}
[0.620557] (test_msgs) StdoutLine: {'line': b'-- Up-to-date: /home/yfu/projects/ros2-picas/install/test_msgs/include/test_msgs/msg\n'}
[0.620826] (test_msgs) StdoutLine: {'line': b'-- Up-to-date: /home/yfu/projects/ros2-picas/install/test_msgs/include/test_msgs/msg/rosidl_typesupport_introspection_c__visibility_control.h\n'}
[0.620970] (test_msgs) StdoutLine: {'line': b'-- Up-to-date: /home/yfu/projects/ros2-picas/install/test_msgs/include/test_msgs/msg/detail\n'}
[0.621111] (test_msgs) StdoutLine: {'line': b'-- Up-to-date: /home/yfu/projects/ros2-picas/install/test_msgs/include/test_msgs/msg/detail/task_data__type_support.c\n'}
[0.621324] (test_msgs) StdoutLine: {'line': b'-- Up-to-date: /home/yfu/projects/ros2-picas/install/test_msgs/include/test_msgs/msg/detail/u_time__type_support.c\n'}
[0.621469] (test_msgs) StdoutLine: {'line': b'-- Up-to-date: /home/yfu/projects/ros2-picas/install/test_msgs/include/test_msgs/msg/detail/test_string__type_support.c\n'}
[0.621605] (test_msgs) StdoutLine: {'line': b'-- Up-to-date: /home/yfu/projects/ros2-picas/install/test_msgs/include/test_msgs/msg/detail/test_string__rosidl_typesupport_introspection_c.h\n'}
[0.621739] (test_msgs) StdoutLine: {'line': b'-- Up-to-date: /home/yfu/projects/ros2-picas/install/test_msgs/include/test_msgs/msg/detail/u_time__rosidl_typesupport_introspection_c.h\n'}
[0.621966] (test_msgs) StdoutLine: {'line': b'-- Up-to-date: /home/yfu/projects/ros2-picas/install/test_msgs/include/test_msgs/msg/detail/task_data__rosidl_typesupport_introspection_c.h\n'}
[0.622105] (test_msgs) StdoutLine: {'line': b'-- Up-to-date: /home/yfu/projects/ros2-picas/install/test_msgs/lib/libtest_msgs__rosidl_typesupport_introspection_c.so\n'}
[0.622307] (test_msgs) StdoutLine: {'line': b'-- Up-to-date: /home/yfu/projects/ros2-picas/install/test_msgs/lib/libtest_msgs__rosidl_typesupport_c.so\n'}
[0.622550] (test_msgs) StdoutLine: {'line': b'-- Up-to-date: /home/yfu/projects/ros2-picas/install/test_msgs/include/test_msgs\n'}
[0.622689] (test_msgs) StdoutLine: {'line': b'-- Up-to-date: /home/yfu/projects/ros2-picas/install/test_msgs/include/test_msgs/msg\n'}
[0.622820] (test_msgs) StdoutLine: {'line': b'-- Up-to-date: /home/yfu/projects/ros2-picas/install/test_msgs/include/test_msgs/msg/u_time.hpp\n'}
[0.622955] (test_msgs) StdoutLine: {'line': b'-- Up-to-date: /home/yfu/projects/ros2-picas/install/test_msgs/include/test_msgs/msg/detail\n'}
[0.623087] (test_msgs) StdoutLine: {'line': b'-- Up-to-date: /home/yfu/projects/ros2-picas/install/test_msgs/include/test_msgs/msg/detail/task_data__struct.hpp\n'}
[0.623220] (test_msgs) StdoutLine: {'line': b'-- Up-to-date: /home/yfu/projects/ros2-picas/install/test_msgs/include/test_msgs/msg/detail/task_data__traits.hpp\n'}
[0.623348] (test_msgs) StdoutLine: {'line': b'-- Up-to-date: /home/yfu/projects/ros2-picas/install/test_msgs/include/test_msgs/msg/detail/u_time__traits.hpp\n'}
[0.623476] (test_msgs) StdoutLine: {'line': b'-- Up-to-date: /home/yfu/projects/ros2-picas/install/test_msgs/include/test_msgs/msg/detail/u_time__struct.hpp\n'}
[0.623605] (test_msgs) StdoutLine: {'line': b'-- Up-to-date: /home/yfu/projects/ros2-picas/install/test_msgs/include/test_msgs/msg/detail/test_string__struct.hpp\n'}
[0.623737] (test_msgs) StdoutLine: {'line': b'-- Up-to-date: /home/yfu/projects/ros2-picas/install/test_msgs/include/test_msgs/msg/detail/test_string__builder.hpp\n'}
[0.623866] (test_msgs) StdoutLine: {'line': b'-- Up-to-date: /home/yfu/projects/ros2-picas/install/test_msgs/include/test_msgs/msg/detail/test_string__traits.hpp\n'}
[0.623994] (test_msgs) StdoutLine: {'line': b'-- Up-to-date: /home/yfu/projects/ros2-picas/install/test_msgs/include/test_msgs/msg/detail/task_data__builder.hpp\n'}
[0.624121] (test_msgs) StdoutLine: {'line': b'-- Up-to-date: /home/yfu/projects/ros2-picas/install/test_msgs/include/test_msgs/msg/detail/u_time__builder.hpp\n'}
[0.624251] (test_msgs) StdoutLine: {'line': b'-- Up-to-date: /home/yfu/projects/ros2-picas/install/test_msgs/include/test_msgs/msg/test_string.hpp\n'}
[0.624380] (test_msgs) StdoutLine: {'line': b'-- Up-to-date: /home/yfu/projects/ros2-picas/install/test_msgs/include/test_msgs/msg/task_data.hpp\n'}
[0.624542] (test_msgs) StdoutLine: {'line': b'-- Up-to-date: /home/yfu/projects/ros2-picas/install/test_msgs/include/test_msgs\n'}
[0.624679] (test_msgs) StdoutLine: {'line': b'-- Up-to-date: /home/yfu/projects/ros2-picas/install/test_msgs/include/test_msgs/msg\n'}
[0.624811] (test_msgs) StdoutLine: {'line': b'-- Up-to-date: /home/yfu/projects/ros2-picas/install/test_msgs/include/test_msgs/msg/detail\n'}
[0.624942] (test_msgs) StdoutLine: {'line': b'-- Up-to-date: /home/yfu/projects/ros2-picas/install/test_msgs/include/test_msgs/msg/detail/test_string__type_support.cpp\n'}
[0.625115] (test_msgs) StdoutLine: {'line': b'-- Up-to-date: /home/yfu/projects/ros2-picas/install/test_msgs/include/test_msgs/msg/detail/u_time__rosidl_typesupport_introspection_cpp.hpp\n'}
[0.625251] (test_msgs) StdoutLine: {'line': b'-- Up-to-date: /home/yfu/projects/ros2-picas/install/test_msgs/include/test_msgs/msg/detail/test_string__rosidl_typesupport_introspection_cpp.hpp\n'}
[0.625387] (test_msgs) StdoutLine: {'line': b'-- Up-to-date: /home/yfu/projects/ros2-picas/install/test_msgs/include/test_msgs/msg/detail/task_data__rosidl_typesupport_introspection_cpp.hpp\n'}
[0.625541] (test_msgs) StdoutLine: {'line': b'-- Up-to-date: /home/yfu/projects/ros2-picas/install/test_msgs/include/test_msgs/msg/detail/u_time__type_support.cpp\n'}
[0.625678] (test_msgs) StdoutLine: {'line': b'-- Up-to-date: /home/yfu/projects/ros2-picas/install/test_msgs/include/test_msgs/msg/detail/task_data__type_support.cpp\n'}
[0.625814] (test_msgs) StdoutLine: {'line': b'-- Up-to-date: /home/yfu/projects/ros2-picas/install/test_msgs/lib/libtest_msgs__rosidl_typesupport_introspection_cpp.so\n'}
[0.625951] (test_msgs) StdoutLine: {'line': b'-- Up-to-date: /home/yfu/projects/ros2-picas/install/test_msgs/lib/libtest_msgs__rosidl_typesupport_cpp.so\n'}
[0.626085] (test_msgs) StdoutLine: {'line': b'-- Up-to-date: /home/yfu/projects/ros2-picas/install/test_msgs/share/test_msgs/environment/pythonpath.sh\n'}
[0.626219] (test_msgs) StdoutLine: {'line': b'-- Up-to-date: /home/yfu/projects/ros2-picas/install/test_msgs/share/test_msgs/environment/pythonpath.dsv\n'}
[0.626347] (test_msgs) StdoutLine: {'line': b'-- Up-to-date: /home/yfu/projects/ros2-picas/install/test_msgs/lib/python3.8/site-packages/test_msgs/__init__.py\n'}
[0.696370] (test_msgs) StdoutLine: {'line': b'-- Up-to-date: /home/yfu/projects/ros2-picas/install/test_msgs/lib/python3.8/site-packages/test_msgs/msg\n'}
[0.697293] (test_msgs) StdoutLine: {'line': b'-- Up-to-date: /home/yfu/projects/ros2-picas/install/test_msgs/lib/python3.8/site-packages/test_msgs/msg/_test_string.py\n'}
[0.697574] (test_msgs) StdoutLine: {'line': b'-- Up-to-date: /home/yfu/projects/ros2-picas/install/test_msgs/lib/python3.8/site-packages/test_msgs/msg/_test_string_s.c\n'}
[0.697733] (test_msgs) StdoutLine: {'line': b'-- Up-to-date: /home/yfu/projects/ros2-picas/install/test_msgs/lib/python3.8/site-packages/test_msgs/msg/_task_data.py\n'}
[0.697882] (test_msgs) StdoutLine: {'line': b'-- Up-to-date: /home/yfu/projects/ros2-picas/install/test_msgs/lib/python3.8/site-packages/test_msgs/msg/_task_data_s.c\n'}
[0.698098] (test_msgs) StdoutLine: {'line': b'-- Up-to-date: /home/yfu/projects/ros2-picas/install/test_msgs/lib/python3.8/site-packages/test_msgs/msg/_u_time_s.c\n'}
[0.698245] (test_msgs) StdoutLine: {'line': b'-- Up-to-date: /home/yfu/projects/ros2-picas/install/test_msgs/lib/python3.8/site-packages/test_msgs/msg/__init__.py\n'}
[0.698382] (test_msgs) StdoutLine: {'line': b'-- Up-to-date: /home/yfu/projects/ros2-picas/install/test_msgs/lib/python3.8/site-packages/test_msgs/msg/_u_time.py\n'}
[0.698515] (test_msgs) StdoutLine: {'line': b'-- Up-to-date: /home/yfu/projects/ros2-picas/install/test_msgs/lib/python3.8/site-packages/test_msgs/test_msgs_s__rosidl_typesupport_introspection_c.cpython-38-aarch64-linux-gnu.so\n'}
[0.698740] (test_msgs) StdoutLine: {'line': b'-- Up-to-date: /home/yfu/projects/ros2-picas/install/test_msgs/lib/python3.8/site-packages/test_msgs/test_msgs_s__rosidl_typesupport_c.cpython-38-aarch64-linux-gnu.so\n'}
[0.699419] (test_msgs) StdoutLine: {'line': b'-- Up-to-date: /home/yfu/projects/ros2-picas/install/test_msgs/lib/libtest_msgs__python.so\n'}
[0.699809] (test_msgs) StdoutLine: {'line': b'-- Up-to-date: /home/yfu/projects/ros2-picas/install/test_msgs/share/test_msgs/msg/TestString.idl\n'}
[0.700009] (-) TimerEvent: {}
[0.700507] (test_msgs) StdoutLine: {'line': b'-- Up-to-date: /home/yfu/projects/ros2-picas/install/test_msgs/share/test_msgs/msg/UTime.idl\n'}
[0.700897] (test_msgs) StdoutLine: {'line': b'-- Up-to-date: /home/yfu/projects/ros2-picas/install/test_msgs/share/test_msgs/msg/TaskData.idl\n'}
[0.701185] (test_msgs) StdoutLine: {'line': b'-- Up-to-date: /home/yfu/projects/ros2-picas/install/test_msgs/share/test_msgs/msg/TestString.msg\n'}
[0.701464] (test_msgs) StdoutLine: {'line': b'-- Up-to-date: /home/yfu/projects/ros2-picas/install/test_msgs/share/test_msgs/msg/UTime.msg\n'}
[0.701751] (test_msgs) StdoutLine: {'line': b'-- Up-to-date: /home/yfu/projects/ros2-picas/install/test_msgs/share/test_msgs/msg/TaskData.msg\n'}
[0.702019] (test_msgs) StdoutLine: {'line': b'-- Up-to-date: /home/yfu/projects/ros2-picas/install/test_msgs/share/ament_index/resource_index/package_run_dependencies/test_msgs\n'}
[0.702286] (test_msgs) StdoutLine: {'line': b'-- Up-to-date: /home/yfu/projects/ros2-picas/install/test_msgs/share/ament_index/resource_index/parent_prefix_path/test_msgs\n'}
[0.702434] (test_msgs) StdoutLine: {'line': b'-- Up-to-date: /home/yfu/projects/ros2-picas/install/test_msgs/share/test_msgs/environment/ament_prefix_path.sh\n'}
[0.702581] (test_msgs) StdoutLine: {'line': b'-- Up-to-date: /home/yfu/projects/ros2-picas/install/test_msgs/share/test_msgs/environment/ament_prefix_path.dsv\n'}
[0.702728] (test_msgs) StdoutLine: {'line': b'-- Up-to-date: /home/yfu/projects/ros2-picas/install/test_msgs/share/test_msgs/environment/path.sh\n'}
[0.702936] (test_msgs) StdoutLine: {'line': b'-- Up-to-date: /home/yfu/projects/ros2-picas/install/test_msgs/share/test_msgs/environment/path.dsv\n'}
[0.703082] (test_msgs) StdoutLine: {'line': b'-- Up-to-date: /home/yfu/projects/ros2-picas/install/test_msgs/share/test_msgs/local_setup.bash\n'}
[0.703280] (test_msgs) StdoutLine: {'line': b'-- Up-to-date: /home/yfu/projects/ros2-picas/install/test_msgs/share/test_msgs/local_setup.sh\n'}
[0.703496] (test_msgs) StdoutLine: {'line': b'-- Up-to-date: /home/yfu/projects/ros2-picas/install/test_msgs/share/test_msgs/local_setup.zsh\n'}
[0.703633] (test_msgs) StdoutLine: {'line': b'-- Up-to-date: /home/yfu/projects/ros2-picas/install/test_msgs/share/test_msgs/local_setup.dsv\n'}
[0.703893] (test_msgs) StdoutLine: {'line': b'-- Installing: /home/yfu/projects/ros2-picas/install/test_msgs/share/test_msgs/package.dsv\n'}
[0.704044] (test_msgs) StdoutLine: {'line': b'-- Up-to-date: /home/yfu/projects/ros2-picas/install/test_msgs/share/ament_index/resource_index/packages/test_msgs\n'}
[0.704245] (test_msgs) StdoutLine: {'line': b'-- Up-to-date: /home/yfu/projects/ros2-picas/install/test_msgs/share/test_msgs/cmake/test_msgs__rosidl_generator_cExport.cmake\n'}
[0.704489] (test_msgs) StdoutLine: {'line': b'-- Up-to-date: /home/yfu/projects/ros2-picas/install/test_msgs/share/test_msgs/cmake/test_msgs__rosidl_generator_cExport-noconfig.cmake\n'}
[0.704717] (test_msgs) StdoutLine: {'line': b'-- Up-to-date: /home/yfu/projects/ros2-picas/install/test_msgs/share/test_msgs/cmake/test_msgs__rosidl_typesupport_introspection_cExport.cmake\n'}
[0.704860] (test_msgs) StdoutLine: {'line': b'-- Up-to-date: /home/yfu/projects/ros2-picas/install/test_msgs/share/test_msgs/cmake/test_msgs__rosidl_typesupport_introspection_cExport-noconfig.cmake\n'}
[0.705059] (test_msgs) StdoutLine: {'line': b'-- Up-to-date: /home/yfu/projects/ros2-picas/install/test_msgs/share/test_msgs/cmake/test_msgs__rosidl_typesupport_cExport.cmake\n'}
[0.705270] (test_msgs) StdoutLine: {'line': b'-- Up-to-date: /home/yfu/projects/ros2-picas/install/test_msgs/share/test_msgs/cmake/test_msgs__rosidl_typesupport_cExport-noconfig.cmake\n'}
[0.705407] (test_msgs) StdoutLine: {'line': b'-- Up-to-date: /home/yfu/projects/ros2-picas/install/test_msgs/share/test_msgs/cmake/test_msgs__rosidl_generator_cppExport.cmake\n'}
[0.705674] (test_msgs) StdoutLine: {'line': b'-- Up-to-date: /home/yfu/projects/ros2-picas/install/test_msgs/share/test_msgs/cmake/test_msgs__rosidl_typesupport_introspection_cppExport.cmake\n'}
[0.706002] (test_msgs) StdoutLine: {'line': b'-- Up-to-date: /home/yfu/projects/ros2-picas/install/test_msgs/share/test_msgs/cmake/test_msgs__rosidl_typesupport_introspection_cppExport-noconfig.cmake\n'}
[0.706253] (test_msgs) StdoutLine: {'line': b'-- Up-to-date: /home/yfu/projects/ros2-picas/install/test_msgs/share/test_msgs/cmake/test_msgs__rosidl_typesupport_cppExport.cmake\n'}
[0.706568] (test_msgs) StdoutLine: {'line': b'-- Up-to-date: /home/yfu/projects/ros2-picas/install/test_msgs/share/test_msgs/cmake/test_msgs__rosidl_typesupport_cppExport-noconfig.cmake\n'}
[0.706815] (test_msgs) StdoutLine: {'line': b'-- Up-to-date: /home/yfu/projects/ros2-picas/install/test_msgs/share/test_msgs/cmake/rosidl_cmake-extras.cmake\n'}
[0.706959] (test_msgs) StdoutLine: {'line': b'-- Up-to-date: /home/yfu/projects/ros2-picas/install/test_msgs/share/test_msgs/cmake/ament_cmake_export_dependencies-extras.cmake\n'}
[0.707095] (test_msgs) StdoutLine: {'line': b'-- Up-to-date: /home/yfu/projects/ros2-picas/install/test_msgs/share/test_msgs/cmake/ament_cmake_export_libraries-extras.cmake\n'}
[0.707229] (test_msgs) StdoutLine: {'line': b'-- Up-to-date: /home/yfu/projects/ros2-picas/install/test_msgs/share/test_msgs/cmake/ament_cmake_export_targets-extras.cmake\n'}
[0.707362] (test_msgs) StdoutLine: {'line': b'-- Up-to-date: /home/yfu/projects/ros2-picas/install/test_msgs/share/test_msgs/cmake/ament_cmake_export_include_directories-extras.cmake\n'}
[0.707493] (test_msgs) StdoutLine: {'line': b'-- Up-to-date: /home/yfu/projects/ros2-picas/install/test_msgs/share/test_msgs/cmake/rosidl_cmake_export_typesupport_targets-extras.cmake\n'}
[0.707627] (test_msgs) StdoutLine: {'line': b'-- Up-to-date: /home/yfu/projects/ros2-picas/install/test_msgs/share/test_msgs/cmake/test_msgsConfig.cmake\n'}
[0.707763] (test_msgs) StdoutLine: {'line': b'-- Up-to-date: /home/yfu/projects/ros2-picas/install/test_msgs/share/test_msgs/cmake/test_msgsConfig-version.cmake\n'}
[0.707892] (test_msgs) StdoutLine: {'line': b'-- Up-to-date: /home/yfu/projects/ros2-picas/install/test_msgs/share/test_msgs/package.xml\n'}
[0.720446] (test_msgs) CommandEnded: {'returncode': 0}
[0.800170] (-) TimerEvent: {}
[0.866456] (test_msgs) JobEnded: {'identifier': 'test_msgs', 'rc': 0}
[0.869931] (rclcpp) JobStarted: {'identifier': 'rclcpp'}
[0.890161] (rclcpp) JobProgress: {'identifier': 'rclcpp', 'progress': 'cmake'}
[0.891978] (rclcpp) JobProgress: {'identifier': 'rclcpp', 'progress': 'build'}
[0.892659] (rclcpp) Command: {'cmd': ['/usr/bin/cmake', '--build', '/home/yfu/projects/ros2-picas/build/rclcpp', '--', '-j6', '-l6'], 'cwd': '/home/yfu/projects/ros2-picas/build/rclcpp', 'env': OrderedDict([('LESSOPEN', '| /usr/bin/lesspipe %s'), ('CONDA_PROMPT_MODIFIER', '(base)'), ('USER', 'yfu'), ('SSH_CLIENT', '172.19.37.200 13487 22'), ('XDG_SESSION_TYPE', 'tty'), ('SHLVL', '1'), ('LD_LIBRARY_PATH', '/home/yfu/projects/ros2-picas/install/test_msgs/lib:/home/yfu/projects/ros2-picas/install/trace_picas/lib:/home/yfu/projects/ros2-picas/install/rclcpp/lib:/opt/ros/galactic/opt/yaml_cpp_vendor/lib:/opt/ros/galactic/lib/aarch64-linux-gnu:/opt/ros/galactic/lib'), ('MOTD_SHOWN', 'pam'), ('HOME', '/home/yfu'), ('CONDA_SHLVL', '1'), ('OLDPWD', '/home/yfu/projects'), ('SSH_TTY', '/dev/pts/0'), ('JETSON_L4T', '35.4.1'), ('ROS_PYTHON_VERSION', '3'), ('JETSON_MODEL', 'NVIDIA Orin Nano Developer Kit'), ('DBUS_SESSION_BUS_ADDRESS', 'unix:path=/run/user/1001/bus'), ('COLCON_PREFIX_PATH', '/home/yfu/projects/ros2-picas/install'), ('ROS_DISTRO', 'galactic'), ('LOGNAME', 'yfu'), ('JETSON_MODULE', 'NVIDIA Jetson Orin Nano (Developer kit)'), ('JETSON_SERIAL_NUMBER', '1421523024361'), ('_', '/usr/bin/colcon'), ('ROS_VERSION', '2'), ('JETSON_CODENAME', 'P3768'), ('XDG_SESSION_CLASS', 'user'), ('TERM', 'xterm'), ('XDG_SESSION_ID', '656'), ('ROS_LOCALHOST_ONLY', '0'), ('PATH', '/usr/bin:/home/yfu/.local/bin:/opt/ros/galactic/bin:/home/yfu/Miniconda/ENTER/bin:/home/yfu/Miniconda/ENTER/condabin:$/home/yfu/Miniconda/ENTER/bin:/usr/local/sbin:/usr/local/bin:/usr/sbin:/usr/bin:/sbin:/bin:/usr/games:/usr/local/games:/snap/bin'), ('XDG_RUNTIME_DIR', '/run/user/1001'), ('DISPLAY', 'localhost:10.0'), ('LANG', 'en_US.UTF-8'), ('LS_COLORS', 'rs=0:di=01;34:ln=01;36:mh=00:pi=40;33:so=01;35:do=01;35:bd=40;33;01:cd=40;33;01:or=40;31;01:mi=00:su=37;41:sg=30;43:ca=30;41:tw=30;42:ow=34;42:st=37;44:ex=01;32:*.tar=01;31:*.tgz=01;31:*.arc=01;31:*.arj=01;31:*.taz=01;31:*.lha=01;31:*.lz4=01;31:*.lzh=01;31:*.lzma=01;31:*.tlz=01;31:*.txz=01;31:*.tzo=01;31:*.t7z=01;31:*.zip=01;31:*.z=01;31:*.dz=01;31:*.gz=01;31:*.lrz=01;31:*.lz=01;31:*.lzo=01;31:*.xz=01;31:*.zst=01;31:*.tzst=01;31:*.bz2=01;31:*.bz=01;31:*.tbz=01;31:*.tbz2=01;31:*.tz=01;31:*.deb=01;31:*.rpm=01;31:*.jar=01;31:*.war=01;31:*.ear=01;31:*.sar=01;31:*.rar=01;31:*.alz=01;31:*.ace=01;31:*.zoo=01;31:*.cpio=01;31:*.7z=01;31:*.rz=01;31:*.cab=01;31:*.wim=01;31:*.swm=01;31:*.dwm=01;31:*.esd=01;31:*.jpg=01;35:*.jpeg=01;35:*.mjpg=01;35:*.mjpeg=01;35:*.gif=01;35:*.bmp=01;35:*.pbm=01;35:*.pgm=01;35:*.ppm=01;35:*.tga=01;35:*.xbm=01;35:*.xpm=01;35:*.tif=01;35:*.tiff=01;35:*.png=01;35:*.svg=01;35:*.svgz=01;35:*.mng=01;35:*.pcx=01;35:*.mov=01;35:*.mpg=01;35:*.mpeg=01;35:*.m2v=01;35:*.mkv=01;35:*.webm=01;35:*.ogm=01;35:*.mp4=01;35:*.m4v=01;35:*.mp4v=01;35:*.vob=01;35:*.qt=01;35:*.nuv=01;35:*.wmv=01;35:*.asf=01;35:*.rm=01;35:*.rmvb=01;35:*.flc=01;35:*.avi=01;35:*.fli=01;35:*.flv=01;35:*.gl=01;35:*.dl=01;35:*.xcf=01;35:*.xwd=01;35:*.yuv=01;35:*.cgm=01;35:*.emf=01;35:*.ogv=01;35:*.ogx=01;35:*.aac=00;36:*.au=00;36:*.flac=00;36:*.m4a=00;36:*.mid=00;36:*.midi=00;36:*.mka=00;36:*.mp3=00;36:*.mpc=00;36:*.ogg=00;36:*.ra=00;36:*.wav=00;36:*.oga=00;36:*.opus=00;36:*.spx=00;36:*.xspf=00;36:'), ('JETSON_SOC', 'tegra23x'), ('AMENT_PREFIX_PATH', '/home/yfu/projects/ros2-picas/install/picas_example_mt:/home/yfu/projects/ros2-picas/install/picas_example:/home/yfu/projects/ros2-picas/install/trace_picas:/home/yfu/projects/ros2-picas/install/test_msgs:/home/yfu/projects/ros2-picas/install/rclcpp:/opt/ros/galactic'), ('CONDA_PYTHON_EXE', '/home/yfu/Miniconda/ENTER/bin/python'), ('SHELL', '/bin/bash'), ('LESSCLOSE', '/usr/bin/lesspipe %s %s'), ('CONDA_DEFAULT_ENV', 'base'), ('JETSON_CUDA_ARCH_BIN', '8.7'), ('PWD', '/home/yfu/projects/ros2-picas/build/rclcpp'), ('CONDA_EXE', '/home/yfu/Miniconda/ENTER/bin/conda'), ('SSH_CONNECTION', '172.19.37.200 13487 192.168.0.226 22'), ('XDG_DATA_DIRS', '/usr/local/share:/usr/share:/var/lib/snapd/desktop'), ('PYTHONPATH', '/home/yfu/projects/ros2-picas/install/test_msgs/lib/python3.8/site-packages:/opt/ros/galactic/lib/python3.8/site-packages'), ('CONDA_PREFIX', '/home/yfu/Miniconda/ENTER'), ('COLCON', '1'), ('JETSON_JETPACK', '5.1.2'), ('CMAKE_PREFIX_PATH', '/home/yfu/projects/ros2-picas/install/test_msgs:/home/yfu/projects/ros2-picas/install/picas_example_mt:/home/yfu/projects/ros2-picas/install/picas_example:/home/yfu/projects/ros2-picas/install/trace_picas:/home/yfu/projects/ros2-picas/install/rclcpp:/opt/ros/galactic'), ('JETSON_P_NUMBER', 'p3767-0005')]), 'shell': False}
[0.900353] (-) TimerEvent: {}
[1.001139] (-) TimerEvent: {}
[1.101911] (-) TimerEvent: {}
[1.141758] (rclcpp) StdoutLine: {'line': b'[100%] Built target rclcpp\n'}
[1.174539] (rclcpp) CommandEnded: {'returncode': 0}
[1.177342] (rclcpp) JobProgress: {'identifier': 'rclcpp', 'progress': 'install'}
[1.178012] (rclcpp) Command: {'cmd': ['/usr/bin/cmake', '--install', '/home/yfu/projects/ros2-picas/build/rclcpp'], 'cwd': '/home/yfu/projects/ros2-picas/build/rclcpp', 'env': OrderedDict([('LESSOPEN', '| /usr/bin/lesspipe %s'), ('CONDA_PROMPT_MODIFIER', '(base)'), ('USER', 'yfu'), ('SSH_CLIENT', '172.19.37.200 13487 22'), ('XDG_SESSION_TYPE', 'tty'), ('SHLVL', '1'), ('LD_LIBRARY_PATH', '/home/yfu/projects/ros2-picas/install/test_msgs/lib:/home/yfu/projects/ros2-picas/install/trace_picas/lib:/home/yfu/projects/ros2-picas/install/rclcpp/lib:/opt/ros/galactic/opt/yaml_cpp_vendor/lib:/opt/ros/galactic/lib/aarch64-linux-gnu:/opt/ros/galactic/lib'), ('MOTD_SHOWN', 'pam'), ('HOME', '/home/yfu'), ('CONDA_SHLVL', '1'), ('OLDPWD', '/home/yfu/projects'), ('SSH_TTY', '/dev/pts/0'), ('JETSON_L4T', '35.4.1'), ('ROS_PYTHON_VERSION', '3'), ('JETSON_MODEL', 'NVIDIA Orin Nano Developer Kit'), ('DBUS_SESSION_BUS_ADDRESS', 'unix:path=/run/user/1001/bus'), ('COLCON_PREFIX_PATH', '/home/yfu/projects/ros2-picas/install'), ('ROS_DISTRO', 'galactic'), ('LOGNAME', 'yfu'), ('JETSON_MODULE', 'NVIDIA Jetson Orin Nano (Developer kit)'), ('JETSON_SERIAL_NUMBER', '1421523024361'), ('_', '/usr/bin/colcon'), ('ROS_VERSION', '2'), ('JETSON_CODENAME', 'P3768'), ('XDG_SESSION_CLASS', 'user'), ('TERM', 'xterm'), ('XDG_SESSION_ID', '656'), ('ROS_LOCALHOST_ONLY', '0'), ('PATH', '/usr/bin:/home/yfu/.local/bin:/opt/ros/galactic/bin:/home/yfu/Miniconda/ENTER/bin:/home/yfu/Miniconda/ENTER/condabin:$/home/yfu/Miniconda/ENTER/bin:/usr/local/sbin:/usr/local/bin:/usr/sbin:/usr/bin:/sbin:/bin:/usr/games:/usr/local/games:/snap/bin'), ('XDG_RUNTIME_DIR', '/run/user/1001'), ('DISPLAY', 'localhost:10.0'), ('LANG', 'en_US.UTF-8'), ('LS_COLORS', 'rs=0:di=01;34:ln=01;36:mh=00:pi=40;33:so=01;35:do=01;35:bd=40;33;01:cd=40;33;01:or=40;31;01:mi=00:su=37;41:sg=30;43:ca=30;41:tw=30;42:ow=34;42:st=37;44:ex=01;32:*.tar=01;31:*.tgz=01;31:*.arc=01;31:*.arj=01;31:*.taz=01;31:*.lha=01;31:*.lz4=01;31:*.lzh=01;31:*.lzma=01;31:*.tlz=01;31:*.txz=01;31:*.tzo=01;31:*.t7z=01;31:*.zip=01;31:*.z=01;31:*.dz=01;31:*.gz=01;31:*.lrz=01;31:*.lz=01;31:*.lzo=01;31:*.xz=01;31:*.zst=01;31:*.tzst=01;31:*.bz2=01;31:*.bz=01;31:*.tbz=01;31:*.tbz2=01;31:*.tz=01;31:*.deb=01;31:*.rpm=01;31:*.jar=01;31:*.war=01;31:*.ear=01;31:*.sar=01;31:*.rar=01;31:*.alz=01;31:*.ace=01;31:*.zoo=01;31:*.cpio=01;31:*.7z=01;31:*.rz=01;31:*.cab=01;31:*.wim=01;31:*.swm=01;31:*.dwm=01;31:*.esd=01;31:*.jpg=01;35:*.jpeg=01;35:*.mjpg=01;35:*.mjpeg=01;35:*.gif=01;35:*.bmp=01;35:*.pbm=01;35:*.pgm=01;35:*.ppm=01;35:*.tga=01;35:*.xbm=01;35:*.xpm=01;35:*.tif=01;35:*.tiff=01;35:*.png=01;35:*.svg=01;35:*.svgz=01;35:*.mng=01;35:*.pcx=01;35:*.mov=01;35:*.mpg=01;35:*.mpeg=01;35:*.m2v=01;35:*.mkv=01;35:*.webm=01;35:*.ogm=01;35:*.mp4=01;35:*.m4v=01;35:*.mp4v=01;35:*.vob=01;35:*.qt=01;35:*.nuv=01;35:*.wmv=01;35:*.asf=01;35:*.rm=01;35:*.rmvb=01;35:*.flc=01;35:*.avi=01;35:*.fli=01;35:*.flv=01;35:*.gl=01;35:*.dl=01;35:*.xcf=01;35:*.xwd=01;35:*.yuv=01;35:*.cgm=01;35:*.emf=01;35:*.ogv=01;35:*.ogx=01;35:*.aac=00;36:*.au=00;36:*.flac=00;36:*.m4a=00;36:*.mid=00;36:*.midi=00;36:*.mka=00;36:*.mp3=00;36:*.mpc=00;36:*.ogg=00;36:*.ra=00;36:*.wav=00;36:*.oga=00;36:*.opus=00;36:*.spx=00;36:*.xspf=00;36:'), ('JETSON_SOC', 'tegra23x'), ('AMENT_PREFIX_PATH', '/home/yfu/projects/ros2-picas/install/picas_example_mt:/home/yfu/projects/ros2-picas/install/picas_example:/home/yfu/projects/ros2-picas/install/trace_picas:/home/yfu/projects/ros2-picas/install/test_msgs:/home/yfu/projects/ros2-picas/install/rclcpp:/opt/ros/galactic'), ('CONDA_PYTHON_EXE', '/home/yfu/Miniconda/ENTER/bin/python'), ('SHELL', '/bin/bash'), ('LESSCLOSE', '/usr/bin/lesspipe %s %s'), ('CONDA_DEFAULT_ENV', 'base'), ('JETSON_CUDA_ARCH_BIN', '8.7'), ('PWD', '/home/yfu/projects/ros2-picas/build/rclcpp'), ('CONDA_EXE', '/home/yfu/Miniconda/ENTER/bin/conda'), ('SSH_CONNECTION', '172.19.37.200 13487 192.168.0.226 22'), ('XDG_DATA_DIRS', '/usr/local/share:/usr/share:/var/lib/snapd/desktop'), ('PYTHONPATH', '/home/yfu/projects/ros2-picas/install/test_msgs/lib/python3.8/site-packages:/opt/ros/galactic/lib/python3.8/site-packages'), ('CONDA_PREFIX', '/home/yfu/Miniconda/ENTER'), ('COLCON', '1'), ('JETSON_JETPACK', '5.1.2'), ('CMAKE_PREFIX_PATH', '/home/yfu/projects/ros2-picas/install/test_msgs:/home/yfu/projects/ros2-picas/install/picas_example_mt:/home/yfu/projects/ros2-picas/install/picas_example:/home/yfu/projects/ros2-picas/install/trace_picas:/home/yfu/projects/ros2-picas/install/rclcpp:/opt/ros/galactic'), ('JETSON_P_NUMBER', 'p3767-0005')]), 'shell': False}
[1.202046] (-) TimerEvent: {}
[1.210799] (rclcpp) StdoutLine: {'line': b'-- Install configuration: ""\n'}
[1.211442] (rclcpp) StdoutLine: {'line': b'-- Up-to-date: /home/yfu/projects/ros2-picas/install/rclcpp/lib/librclcpp.so\n'}
[1.211860] (rclcpp) StdoutLine: {'line': b'-- Up-to-date: /home/yfu/projects/ros2-picas/install/rclcpp/share/rclcpp/environment/library_path.sh\n'}
[1.212257] (rclcpp) StdoutLine: {'line': b'-- Up-to-date: /home/yfu/projects/ros2-picas/install/rclcpp/share/rclcpp/environment/library_path.dsv\n'}
[1.212715] (rclcpp) StdoutLine: {'line': b'-- Up-to-date: /home/yfu/projects/ros2-picas/install/rclcpp/share/ament_index/resource_index/package_run_dependencies/rclcpp\n'}
[1.213182] (rclcpp) StdoutLine: {'line': b'-- Up-to-date: /home/yfu/projects/ros2-picas/install/rclcpp/share/ament_index/resource_index/parent_prefix_path/rclcpp\n'}
[1.213549] (rclcpp) StdoutLine: {'line': b'-- Up-to-date: /home/yfu/projects/ros2-picas/install/rclcpp/share/rclcpp/environment/ament_prefix_path.sh\n'}
[1.213832] (rclcpp) StdoutLine: {'line': b'-- Up-to-date: /home/yfu/projects/ros2-picas/install/rclcpp/share/rclcpp/environment/ament_prefix_path.dsv\n'}
[1.214164] (rclcpp) StdoutLine: {'line': b'-- Up-to-date: /home/yfu/projects/ros2-picas/install/rclcpp/share/rclcpp/environment/path.sh\n'}
[1.214596] (rclcpp) StdoutLine: {'line': b'-- Up-to-date: /home/yfu/projects/ros2-picas/install/rclcpp/share/rclcpp/environment/path.dsv\n'}
[1.214995] (rclcpp) StdoutLine: {'line': b'-- Up-to-date: /home/yfu/projects/ros2-picas/install/rclcpp/share/rclcpp/local_setup.bash\n'}
[1.215413] (rclcpp) StdoutLine: {'line': b'-- Up-to-date: /home/yfu/projects/ros2-picas/install/rclcpp/share/rclcpp/local_setup.sh\n'}
[1.215901] (rclcpp) StdoutLine: {'line': b'-- Up-to-date: /home/yfu/projects/ros2-picas/install/rclcpp/share/rclcpp/local_setup.zsh\n'}
[1.216440] (rclcpp) StdoutLine: {'line': b'-- Up-to-date: /home/yfu/projects/ros2-picas/install/rclcpp/share/rclcpp/local_setup.dsv\n'}
[1.216902] (rclcpp) StdoutLine: {'line': b'-- Installing: /home/yfu/projects/ros2-picas/install/rclcpp/share/rclcpp/package.dsv\n'}
[1.217456] (rclcpp) StdoutLine: {'line': b'-- Up-to-date: /home/yfu/projects/ros2-picas/install/rclcpp/share/ament_index/resource_index/packages/rclcpp\n'}
[1.217971] (rclcpp) StdoutLine: {'line': b'-- Up-to-date: /home/yfu/projects/ros2-picas/install/rclcpp/share/rclcpp/cmake/rclcppExport.cmake\n'}
[1.218432] (rclcpp) StdoutLine: {'line': b'-- Up-to-date: /home/yfu/projects/ros2-picas/install/rclcpp/share/rclcpp/cmake/rclcppExport-noconfig.cmake\n'}
[1.218900] (rclcpp) StdoutLine: {'line': b'-- Up-to-date: /home/yfu/projects/ros2-picas/install/rclcpp/share/rclcpp/cmake/ament_cmake_export_include_directories-extras.cmake\n'}
[1.219359] (rclcpp) StdoutLine: {'line': b'-- Up-to-date: /home/yfu/projects/ros2-picas/install/rclcpp/share/rclcpp/cmake/ament_cmake_export_libraries-extras.cmake\n'}
[1.219852] (rclcpp) StdoutLine: {'line': b'-- Up-to-date: /home/yfu/projects/ros2-picas/install/rclcpp/share/rclcpp/cmake/ament_cmake_export_targets-extras.cmake\n'}
[1.220352] (rclcpp) StdoutLine: {'line': b'-- Up-to-date: /home/yfu/projects/ros2-picas/install/rclcpp/share/rclcpp/cmake/ament_cmake_export_dependencies-extras.cmake\n'}
[1.220762] (rclcpp) StdoutLine: {'line': b'-- Up-to-date: /home/yfu/projects/ros2-picas/install/rclcpp/share/rclcpp/cmake/rclcppConfig.cmake\n'}
[1.221250] (rclcpp) StdoutLine: {'line': b'-- Up-to-date: /home/yfu/projects/ros2-picas/install/rclcpp/share/rclcpp/cmake/rclcppConfig-version.cmake\n'}
[1.221658] (rclcpp) StdoutLine: {'line': b'-- Up-to-date: /home/yfu/projects/ros2-picas/install/rclcpp/share/rclcpp/package.xml\n'}
[1.223136] (rclcpp) StdoutLine: {'line': b'-- Up-to-date: /home/yfu/projects/ros2-picas/install/rclcpp/include\n'}
[1.223632] (rclcpp) StdoutLine: {'line': b'-- Up-to-date: /home/yfu/projects/ros2-picas/install/rclcpp/include/rclcpp\n'}
[1.224111] (rclcpp) StdoutLine: {'line': b'-- Up-to-date: /home/yfu/projects/ros2-picas/install/rclcpp/include/rclcpp/function_traits.hpp\n'}
[1.224527] (rclcpp) StdoutLine: {'line': b'-- Up-to-date: /home/yfu/projects/ros2-picas/install/rclcpp/include/rclcpp/node_impl.hpp\n'}
[1.224845] (rclcpp) StdoutLine: {'line': b'-- Up-to-date: /home/yfu/projects/ros2-picas/install/rclcpp/include/rclcpp/typesupport_helpers.hpp\n'}
[1.225101] (rclcpp) StdoutLine: {'line': b'-- Up-to-date: /home/yfu/projects/ros2-picas/install/rclcpp/include/rclcpp/publisher_factory.hpp\n'}
[1.225338] (rclcpp) StdoutLine: {'line': b'-- Up-to-date: /home/yfu/projects/ros2-picas/install/rclcpp/include/rclcpp/timer.hpp\n'}
[1.225568] (rclcpp) StdoutLine: {'line': b'-- Up-to-date: /home/yfu/projects/ros2-picas/install/rclcpp/include/rclcpp/parameter_map.hpp\n'}
[1.225839] (rclcpp) StdoutLine: {'line': b'-- Up-to-date: /home/yfu/projects/ros2-picas/install/rclcpp/include/rclcpp/experimental\n'}
[1.226073] (rclcpp) StdoutLine: {'line': b'-- Up-to-date: /home/yfu/projects/ros2-picas/install/rclcpp/include/rclcpp/experimental/subscription_intra_process_base.hpp\n'}
[1.226306] (rclcpp) StdoutLine: {'line': b'-- Up-to-date: /home/yfu/projects/ros2-picas/install/rclcpp/include/rclcpp/experimental/README.md\n'}
[1.226540] (rclcpp) StdoutLine: {'line': b'-- Up-to-date: /home/yfu/projects/ros2-picas/install/rclcpp/include/rclcpp/experimental/intra_process_manager.hpp\n'}
[1.226766] (rclcpp) StdoutLine: {'line': b'-- Up-to-date: /home/yfu/projects/ros2-picas/install/rclcpp/include/rclcpp/experimental/subscription_intra_process.hpp\n'}
[1.226993] (rclcpp) StdoutLine: {'line': b'-- Up-to-date: /home/yfu/projects/ros2-picas/install/rclcpp/include/rclcpp/experimental/buffers\n'}
[1.227210] (rclcpp) StdoutLine: {'line': b'-- Up-to-date: /home/yfu/projects/ros2-picas/install/rclcpp/include/rclcpp/experimental/buffers/intra_process_buffer.hpp\n'}
[1.227427] (rclcpp) StdoutLine: {'line': b'-- Up-to-date: /home/yfu/projects/ros2-picas/install/rclcpp/include/rclcpp/experimental/buffers/ring_buffer_implementation.hpp\n'}
[1.227723] (rclcpp) StdoutLine: {'line': b'-- Up-to-date: /home/yfu/projects/ros2-picas/install/rclcpp/include/rclcpp/experimental/buffers/buffer_implementation_base.hpp\n'}
[1.228806] (rclcpp) StdoutLine: {'line': b'-- Up-to-date: /home/yfu/projects/ros2-picas/install/rclcpp/include/rclcpp/experimental/create_intra_process_buffer.hpp\n'}
[1.230687] (rclcpp) StdoutLine: {'line': b'-- Up-to-date: /home/yfu/projects/ros2-picas/install/rclcpp/include/rclcpp/experimental/executable_list.hpp\n'}
[1.232975] (rclcpp) StdoutLine: {'line': b'-- Up-to-date: /home/yfu/projects/ros2-picas/install/rclcpp/include/rclcpp/macros.hpp\n'}
[1.233364] (rclcpp) StdoutLine: {'line': b'-- Up-to-date: /home/yfu/projects/ros2-picas/install/rclcpp/include/rclcpp/strategies\n'}
[1.233775] (rclcpp) StdoutLine: {'line': b'-- Up-to-date: /home/yfu/projects/ros2-picas/install/rclcpp/include/rclcpp/strategies/allocator_memory_strategy.hpp\n'}
[1.234131] (rclcpp) StdoutLine: {'line': b'-- Up-to-date: /home/yfu/projects/ros2-picas/install/rclcpp/include/rclcpp/strategies/message_pool_memory_strategy.hpp\n'}
[1.234524] (rclcpp) StdoutLine: {'line': b'-- Up-to-date: /home/yfu/projects/ros2-picas/install/rclcpp/include/rclcpp/any_service_callback.hpp\n'}
[1.234875] (rclcpp) StdoutLine: {'line': b'-- Up-to-date: /home/yfu/projects/ros2-picas/install/rclcpp/include/rclcpp/executors.hpp\n'}
[1.235218] (rclcpp) StdoutLine: {'line': b'-- Up-to-date: /home/yfu/projects/ros2-picas/install/rclcpp/include/rclcpp/parameter.hpp\n'}
[1.235576] (rclcpp) StdoutLine: {'line': b'-- Up-to-date: /home/yfu/projects/ros2-picas/install/rclcpp/include/rclcpp/generic_publisher.hpp\n'}
[1.235926] (rclcpp) StdoutLine: {'line': b'-- Up-to-date: /home/yfu/projects/ros2-picas/install/rclcpp/include/rclcpp/parameter_events_filter.hpp\n'}
[1.236266] (rclcpp) StdoutLine: {'line': b'-- Up-to-date: /home/yfu/projects/ros2-picas/install/rclcpp/include/rclcpp/wait_set.hpp\n'}
[1.236629] (rclcpp) StdoutLine: {'line': b'-- Up-to-date: /home/yfu/projects/ros2-picas/install/rclcpp/include/rclcpp/parameter_service.hpp\n'}
[1.237182] (rclcpp) StdoutLine: {'line': b'-- Up-to-date: /home/yfu/projects/ros2-picas/install/rclcpp/include/rclcpp/topic_statistics\n'}
[1.237627] (rclcpp) StdoutLine: {'line': b'-- Up-to-date: /home/yfu/projects/ros2-picas/install/rclcpp/include/rclcpp/topic_statistics/subscription_topic_statistics.hpp\n'}
[1.237911] (rclcpp) StdoutLine: {'line': b'-- Up-to-date: /home/yfu/projects/ros2-picas/install/rclcpp/include/rclcpp/wait_for_message.hpp\n'}
[1.238177] (rclcpp) StdoutLine: {'line': b'-- Up-to-date: /home/yfu/projects/ros2-picas/install/rclcpp/include/rclcpp/exceptions\n'}
[1.238514] (rclcpp) StdoutLine: {'line': b'-- Up-to-date: /home/yfu/projects/ros2-picas/install/rclcpp/include/rclcpp/exceptions/exceptions.hpp\n'}
[1.238833] (rclcpp) StdoutLine: {'line': b'-- Up-to-date: /home/yfu/projects/ros2-picas/install/rclcpp/include/rclcpp/future_return_code.hpp\n'}
[1.239256] (rclcpp) StdoutLine: {'line': b'-- Up-to-date: /home/yfu/projects/ros2-picas/install/rclcpp/include/rclcpp/intra_process_buffer_type.hpp\n'}
[1.241575] (rclcpp) StdoutLine: {'line': b'-- Up-to-date: /home/yfu/projects/ros2-picas/install/rclcpp/include/rclcpp/create_generic_subscription.hpp\n'}
[1.243608] (rclcpp) StdoutLine: {'line': b'-- Up-to-date: /home/yfu/projects/ros2-picas/install/rclcpp/include/rclcpp/event.hpp\n'}
[1.244041] (rclcpp) StdoutLine: {'line': b'-- Up-to-date: /home/yfu/projects/ros2-picas/install/rclcpp/include/rclcpp/qos_overriding_options.hpp\n'}
[1.244308] (rclcpp) StdoutLine: {'line': b'-- Up-to-date: /home/yfu/projects/ros2-picas/install/rclcpp/include/rclcpp/type_support_decl.hpp\n'}
[1.244724] (rclcpp) StdoutLine: {'line': b'-- Up-to-date: /home/yfu/projects/ros2-picas/install/rclcpp/include/rclcpp/topic_statistics_state.hpp\n'}
[1.244953] (rclcpp) StdoutLine: {'line': b'-- Up-to-date: /home/yfu/projects/ros2-picas/install/rclcpp/include/rclcpp/scheduler.hpp\n'}
[1.245762] (rclcpp) StdoutLine: {'line': b'-- Up-to-date: /home/yfu/projects/ros2-picas/install/rclcpp/include/rclcpp/publisher.hpp\n'}
[1.246588] (rclcpp) StdoutLine: {'line': b'-- Up-to-date: /home/yfu/projects/ros2-picas/install/rclcpp/include/rclcpp/exceptions.hpp\n'}
[1.246922] (rclcpp) StdoutLine: {'line': b'-- Up-to-date: /home/yfu/projects/ros2-picas/install/rclcpp/include/rclcpp/create_subscription.hpp\n'}
[1.247238] (rclcpp) StdoutLine: {'line': b'-- Up-to-date: /home/yfu/projects/ros2-picas/install/rclcpp/include/rclcpp/callback_group.hpp\n'}
[1.248003] (rclcpp) StdoutLine: {'line': b'-- Up-to-date: /home/yfu/projects/ros2-picas/install/rclcpp/include/rclcpp/visibility_control.hpp\n'}
[1.248996] (rclcpp) StdoutLine: {'line': b'-- Up-to-date: /home/yfu/projects/ros2-picas/install/rclcpp/include/rclcpp/node.hpp\n'}
[1.249297] (rclcpp) StdoutLine: {'line': b'-- Up-to-date: /home/yfu/projects/ros2-picas/install/rclcpp/include/rclcpp/client.hpp\n'}
[1.249646] (rclcpp) StdoutLine: {'line': b'-- Up-to-date: /home/yfu/projects/ros2-picas/install/rclcpp/include/rclcpp/duration.hpp\n'}
[1.250869] (rclcpp) StdoutLine: {'line': b'-- Up-to-date: /home/yfu/projects/ros2-picas/install/rclcpp/include/rclcpp/parameter_event_handler.hpp\n'}
[1.251585] (rclcpp) StdoutLine: {'line': b'-- Up-to-date: /home/yfu/projects/ros2-picas/install/rclcpp/include/rclcpp/clock.hpp\n'}
[1.253113] (rclcpp) StdoutLine: {'line': b'-- Up-to-date: /home/yfu/projects/ros2-picas/install/rclcpp/include/rclcpp/expand_topic_or_service_name.hpp\n'}
[1.253965] (rclcpp) StdoutLine: {'line': b'-- Up-to-date: /home/yfu/projects/ros2-picas/install/rclcpp/include/rclcpp/parameter_value.hpp\n'}
[1.254289] (rclcpp) StdoutLine: {'line': b'-- Up-to-date: /home/yfu/projects/ros2-picas/install/rclcpp/include/rclcpp/subscription_base.hpp\n'}
[1.254640] (rclcpp) StdoutLine: {'line': b'-- Up-to-date: /home/yfu/projects/ros2-picas/install/rclcpp/include/rclcpp/subscription_traits.hpp\n'}
[1.255373] (rclcpp) StdoutLine: {'line': b'-- Up-to-date: /home/yfu/projects/ros2-picas/install/rclcpp/include/rclcpp/cb_sched.hpp\n'}
[1.256078] (rclcpp) StdoutLine: {'line': b'-- Up-to-date: /home/yfu/projects/ros2-picas/install/rclcpp/include/rclcpp/memory_strategies.hpp\n'}
[1.256369] (rclcpp) StdoutLine: {'line': b'-- Up-to-date: /home/yfu/projects/ros2-picas/install/rclcpp/include/rclcpp/publisher_options.hpp\n'}
[1.256743] (rclcpp) StdoutLine: {'line': b'-- Up-to-date: /home/yfu/projects/ros2-picas/install/rclcpp/include/rclcpp/executor.hpp\n'}
[1.257086] (rclcpp) StdoutLine: {'line': b'-- Up-to-date: /home/yfu/projects/ros2-picas/install/rclcpp/include/rclcpp/rate.hpp\n'}
[1.257942] (rclcpp) StdoutLine: {'line': b'-- Up-to-date: /home/yfu/projects/ros2-picas/install/rclcpp/include/rclcpp/node_interfaces\n'}
[1.259737] (rclcpp) StdoutLine: {'line': b'-- Up-to-date: /home/yfu/projects/ros2-picas/install/rclcpp/include/rclcpp/node_interfaces/node_logging_interface.hpp\n'}
[1.262336] (rclcpp) StdoutLine: {'line': b'-- Up-to-date: /home/yfu/projects/ros2-picas/install/rclcpp/include/rclcpp/node_interfaces/node_time_source.hpp\n'}
[1.262695] (rclcpp) StdoutLine: {'line': b'-- Up-to-date: /home/yfu/projects/ros2-picas/install/rclcpp/include/rclcpp/node_interfaces/node_services_interface.hpp\n'}
[1.263635] (rclcpp) StdoutLine: {'line': b'-- Up-to-date: /home/yfu/projects/ros2-picas/install/rclcpp/include/rclcpp/node_interfaces/node_time_source_interface.hpp\n'}
[1.263857] (rclcpp) StdoutLine: {'line': b'-- Up-to-date: /home/yfu/projects/ros2-picas/install/rclcpp/include/rclcpp/node_interfaces/node_timers_interface.hpp\n'}
[1.265318] (rclcpp) StdoutLine: {'line': b'-- Up-to-date: /home/yfu/projects/ros2-picas/install/rclcpp/include/rclcpp/node_interfaces/node_parameters.hpp\n'}
[1.265619] (rclcpp) StdoutLine: {'line': b'-- Up-to-date: /home/yfu/projects/ros2-picas/install/rclcpp/include/rclcpp/node_interfaces/node_services.hpp\n'}
[1.265881] (rclcpp) StdoutLine: {'line': b'-- Up-to-date: /home/yfu/projects/ros2-picas/install/rclcpp/include/rclcpp/node_interfaces/node_waitables.hpp\n'}
[1.266074] (rclcpp) StdoutLine: {'line': b'-- Up-to-date: /home/yfu/projects/ros2-picas/install/rclcpp/include/rclcpp/node_interfaces/node_graph.hpp\n'}
[1.266244] (rclcpp) StdoutLine: {'line': b'-- Up-to-date: /home/yfu/projects/ros2-picas/install/rclcpp/include/rclcpp/node_interfaces/node_parameters_interface.hpp\n'}
[1.266412] (rclcpp) StdoutLine: {'line': b'-- Up-to-date: /home/yfu/projects/ros2-picas/install/rclcpp/include/rclcpp/node_interfaces/node_topics_interface.hpp\n'}
[1.267088] (rclcpp) StdoutLine: {'line': b'-- Up-to-date: /home/yfu/projects/ros2-picas/install/rclcpp/include/rclcpp/node_interfaces/node_base.hpp\n'}
[1.267938] (rclcpp) StdoutLine: {'line': b'-- Up-to-date: /home/yfu/projects/ros2-picas/install/rclcpp/include/rclcpp/node_interfaces/node_clock.hpp\n'}
[1.268141] (rclcpp) StdoutLine: {'line': b'-- Up-to-date: /home/yfu/projects/ros2-picas/install/rclcpp/include/rclcpp/node_interfaces/node_topics.hpp\n'}
[1.268359] (rclcpp) StdoutLine: {'line': b'-- Up-to-date: /home/yfu/projects/ros2-picas/install/rclcpp/include/rclcpp/node_interfaces/node_waitables_interface.hpp\n'}
[1.268877] (rclcpp) StdoutLine: {'line': b'-- Up-to-date: /home/yfu/projects/ros2-picas/install/rclcpp/include/rclcpp/node_interfaces/node_base_interface.hpp\n'}
[1.269373] (rclcpp) StdoutLine: {'line': b'-- Up-to-date: /home/yfu/projects/ros2-picas/install/rclcpp/include/rclcpp/node_interfaces/node_timers.hpp\n'}
[1.269564] (rclcpp) StdoutLine: {'line': b'-- Up-to-date: /home/yfu/projects/ros2-picas/install/rclcpp/include/rclcpp/node_interfaces/node_logging.hpp\n'}
[1.269784] (rclcpp) StdoutLine: {'line': b'-- Up-to-date: /home/yfu/projects/ros2-picas/install/rclcpp/include/rclcpp/node_interfaces/node_graph_interface.hpp\n'}
[1.270090] (rclcpp) StdoutLine: {'line': b'-- Up-to-date: /home/yfu/projects/ros2-picas/install/rclcpp/include/rclcpp/node_interfaces/node_clock_interface.hpp\n'}
[1.270447] (rclcpp) StdoutLine: {'line': b'-- Up-to-date: /home/yfu/projects/ros2-picas/install/rclcpp/include/rclcpp/loaned_message.hpp\n'}
[1.270918] (rclcpp) StdoutLine: {'line': b'-- Up-to-date: /home/yfu/projects/ros2-picas/install/rclcpp/include/rclcpp/serialized_message.hpp\n'}
[1.271458] (rclcpp) StdoutLine: {'line': b'-- Up-to-date: /home/yfu/projects/ros2-picas/install/rclcpp/include/rclcpp/time.hpp\n'}
[1.272154] (rclcpp) StdoutLine: {'line': b'-- Up-to-date: /home/yfu/projects/ros2-picas/install/rclcpp/include/rclcpp/parameter_client.hpp\n'}
[1.272550] (rclcpp) StdoutLine: {'line': b'-- Up-to-date: /home/yfu/projects/ros2-picas/install/rclcpp/include/rclcpp/wait_result_kind.hpp\n'}
[1.272975] (rclcpp) StdoutLine: {'line': b'-- Up-to-date: /home/yfu/projects/ros2-picas/install/rclcpp/include/rclcpp/guard_condition.hpp\n'}
[1.273353] (rclcpp) StdoutLine: {'line': b'-- Up-to-date: /home/yfu/projects/ros2-picas/install/rclcpp/include/rclcpp/subscription.hpp\n'}
[1.273829] (rclcpp) StdoutLine: {'line': b'-- Up-to-date: /home/yfu/projects/ros2-picas/install/rclcpp/include/rclcpp/subscription_wait_set_mask.hpp\n'}
[1.275614] (rclcpp) StdoutLine: {'line': b'-- Up-to-date: /home/yfu/projects/ros2-picas/install/rclcpp/include/rclcpp/logger.hpp\n'}
[1.275996] (rclcpp) StdoutLine: {'line': b'-- Up-to-date: /home/yfu/projects/ros2-picas/install/rclcpp/include/rclcpp/utilities.hpp\n'}
[1.276262] (rclcpp) StdoutLine: {'line': b'-- Up-to-date: /home/yfu/projects/ros2-picas/install/rclcpp/include/rclcpp/publisher_base.hpp\n'}
[1.276604] (rclcpp) StdoutLine: {'line': b'-- Up-to-date: /home/yfu/projects/ros2-picas/install/rclcpp/include/rclcpp/service.hpp\n'}
[1.276906] (rclcpp) StdoutLine: {'line': b'-- Up-to-date: /home/yfu/projects/ros2-picas/install/rclcpp/include/rclcpp/memory_strategy.hpp\n'}
[1.277202] (rclcpp) StdoutLine: {'line': b'-- Up-to-date: /home/yfu/projects/ros2-picas/install/rclcpp/include/rclcpp/qos_event.hpp\n'}
[1.277594] (rclcpp) StdoutLine: {'line': b'-- Up-to-date: /home/yfu/projects/ros2-picas/install/rclcpp/include/rclcpp/node_options.hpp\n'}
[1.277905] (rclcpp) StdoutLine: {'line': b'-- Up-to-date: /home/yfu/projects/ros2-picas/install/rclcpp/include/rclcpp/graph_listener.hpp\n'}
[1.278209] (rclcpp) StdoutLine: {'line': b'-- Up-to-date: /home/yfu/projects/ros2-picas/install/rclcpp/include/rclcpp/network_flow_endpoint.hpp\n'}
[1.278588] (rclcpp) StdoutLine: {'line': b'-- Up-to-date: /home/yfu/projects/ros2-picas/install/rclcpp/include/rclcpp/message_info.hpp\n'}
[1.278867] (rclcpp) StdoutLine: {'line': b'-- Up-to-date: /home/yfu/projects/ros2-picas/install/rclcpp/include/rclcpp/create_generic_publisher.hpp\n'}
[1.279117] (rclcpp) StdoutLine: {'line': b'-- Up-to-date: /home/yfu/projects/ros2-picas/install/rclcpp/include/rclcpp/wait_set_template.hpp\n'}
[1.279395] (rclcpp) StdoutLine: {'line': b'-- Up-to-date: /home/yfu/projects/ros2-picas/install/rclcpp/include/rclcpp/contexts\n'}
[1.279619] (rclcpp) StdoutLine: {'line': b'-- Up-to-date: /home/yfu/projects/ros2-picas/install/rclcpp/include/rclcpp/contexts/default_context.hpp\n'}
[1.279858] (rclcpp) StdoutLine: {'line': b'-- Up-to-date: /home/yfu/projects/ros2-picas/install/rclcpp/include/rclcpp/any_subscription_callback.hpp\n'}
[1.280183] (rclcpp) StdoutLine: {'line': b'-- Up-to-date: /home/yfu/projects/ros2-picas/install/rclcpp/include/rclcpp/wait_set_policies\n'}
[1.281671] (rclcpp) StdoutLine: {'line': b'-- Up-to-date: /home/yfu/projects/ros2-picas/install/rclcpp/include/rclcpp/wait_set_policies/thread_safe_synchronization.hpp\n'}
[1.281976] (rclcpp) StdoutLine: {'line': b'-- Up-to-date: /home/yfu/projects/ros2-picas/install/rclcpp/include/rclcpp/wait_set_policies/detail\n'}
[1.282127] (rclcpp) StdoutLine: {'line': b'-- Up-to-date: /home/yfu/projects/ros2-picas/install/rclcpp/include/rclcpp/wait_set_policies/detail/write_preferring_read_write_lock.hpp\n'}
[1.282265] (rclcpp) StdoutLine: {'line': b'-- Up-to-date: /home/yfu/projects/ros2-picas/install/rclcpp/include/rclcpp/wait_set_policies/detail/synchronization_policy_common.hpp\n'}
[1.282400] (rclcpp) StdoutLine: {'line': b'-- Up-to-date: /home/yfu/projects/ros2-picas/install/rclcpp/include/rclcpp/wait_set_policies/detail/storage_policy_common.hpp\n'}
[1.282533] (rclcpp) StdoutLine: {'line': b'-- Up-to-date: /home/yfu/projects/ros2-picas/install/rclcpp/include/rclcpp/wait_set_policies/static_storage.hpp\n'}
[1.282666] (rclcpp) StdoutLine: {'line': b'-- Up-to-date: /home/yfu/projects/ros2-picas/install/rclcpp/include/rclcpp/wait_set_policies/dynamic_storage.hpp\n'}
[1.282802] (rclcpp) StdoutLine: {'line': b'-- Up-to-date: /home/yfu/projects/ros2-picas/install/rclcpp/include/rclcpp/wait_set_policies/sequential_synchronization.hpp\n'}
[1.282931] (rclcpp) StdoutLine: {'line': b'-- Up-to-date: /home/yfu/projects/ros2-picas/install/rclcpp/include/rclcpp/rclcpp.hpp\n'}
[1.283061] (rclcpp) StdoutLine: {'line': b'-- Up-to-date: /home/yfu/projects/ros2-picas/install/rclcpp/include/rclcpp/subscription_factory.hpp\n'}
[1.283190] (rclcpp) StdoutLine: {'line': b'-- Up-to-date: /home/yfu/projects/ros2-picas/install/rclcpp/include/rclcpp/generic_subscription.hpp\n'}
[1.283348] (rclcpp) StdoutLine: {'line': b'-- Up-to-date: /home/yfu/projects/ros2-picas/install/rclcpp/include/rclcpp/qos.hpp\n'}
[1.283480] (rclcpp) StdoutLine: {'line': b'-- Up-to-date: /home/yfu/projects/ros2-picas/install/rclcpp/include/rclcpp/executors\n'}
[1.283612] (rclcpp) StdoutLine: {'line': b'-- Up-to-date: /home/yfu/projects/ros2-picas/install/rclcpp/include/rclcpp/executors/single_threaded_executor.hpp\n'}
[1.283741] (rclcpp) StdoutLine: {'line': b'-- Up-to-date: /home/yfu/projects/ros2-picas/install/rclcpp/include/rclcpp/executors/multi_threaded_executor.hpp\n'}
[1.283868] (rclcpp) StdoutLine: {'line': b'-- Up-to-date: /home/yfu/projects/ros2-picas/install/rclcpp/include/rclcpp/executors/static_single_threaded_executor.hpp\n'}
[1.283999] (rclcpp) StdoutLine: {'line': b'-- Up-to-date: /home/yfu/projects/ros2-picas/install/rclcpp/include/rclcpp/executors/static_executor_entities_collector.hpp\n'}
[1.284128] (rclcpp) StdoutLine: {'line': b'-- Up-to-date: /home/yfu/projects/ros2-picas/install/rclcpp/include/rclcpp/detail\n'}
[1.284256] (rclcpp) StdoutLine: {'line': b'-- Up-to-date: /home/yfu/projects/ros2-picas/install/rclcpp/include/rclcpp/detail/rmw_implementation_specific_payload.hpp\n'}
[1.284382] (rclcpp) StdoutLine: {'line': b'-- Up-to-date: /home/yfu/projects/ros2-picas/install/rclcpp/include/rclcpp/detail/resolve_enable_topic_statistics.hpp\n'}
[1.284763] (rclcpp) StdoutLine: {'line': b'-- Up-to-date: /home/yfu/projects/ros2-picas/install/rclcpp/include/rclcpp/detail/README.md\n'}
[1.284900] (rclcpp) StdoutLine: {'line': b'-- Up-to-date: /home/yfu/projects/ros2-picas/install/rclcpp/include/rclcpp/detail/resolve_use_intra_process.hpp\n'}
[1.285034] (rclcpp) StdoutLine: {'line': b'-- Up-to-date: /home/yfu/projects/ros2-picas/install/rclcpp/include/rclcpp/detail/subscription_callback_type_helper.hpp\n'}
[1.285172] (rclcpp) StdoutLine: {'line': b'-- Up-to-date: /home/yfu/projects/ros2-picas/install/rclcpp/include/rclcpp/detail/qos_parameters.hpp\n'}
[1.285306] (rclcpp) StdoutLine: {'line': b'-- Up-to-date: /home/yfu/projects/ros2-picas/install/rclcpp/include/rclcpp/detail/utilities.hpp\n'}
[1.285442] (rclcpp) StdoutLine: {'line': b'-- Up-to-date: /home/yfu/projects/ros2-picas/install/rclcpp/include/rclcpp/detail/mutex_two_priorities.hpp\n'}
[1.285574] (rclcpp) StdoutLine: {'line': b'-- Up-to-date: /home/yfu/projects/ros2-picas/install/rclcpp/include/rclcpp/detail/rmw_implementation_specific_subscription_payload.hpp\n'}
[1.285708] (rclcpp) StdoutLine: {'line': b'-- Up-to-date: /home/yfu/projects/ros2-picas/install/rclcpp/include/rclcpp/detail/rmw_implementation_specific_publisher_payload.hpp\n'}
[1.285839] (rclcpp) StdoutLine: {'line': b'-- Up-to-date: /home/yfu/projects/ros2-picas/install/rclcpp/include/rclcpp/detail/resolve_intra_process_buffer_type.hpp\n'}
[1.286000] (rclcpp) StdoutLine: {'line': b'-- Up-to-date: /home/yfu/projects/ros2-picas/install/rclcpp/include/rclcpp/create_publisher.hpp\n'}
[1.286138] (rclcpp) StdoutLine: {'line': b'-- Up-to-date: /home/yfu/projects/ros2-picas/install/rclcpp/include/rclcpp/allocator\n'}
[1.286275] (rclcpp) StdoutLine: {'line': b'-- Up-to-date: /home/yfu/projects/ros2-picas/install/rclcpp/include/rclcpp/allocator/allocator_deleter.hpp\n'}
[1.286405] (rclcpp) StdoutLine: {'line': b'-- Up-to-date: /home/yfu/projects/ros2-picas/install/rclcpp/include/rclcpp/allocator/allocator_common.hpp\n'}
[1.286550] (rclcpp) StdoutLine: {'line': b'-- Up-to-date: /home/yfu/projects/ros2-picas/install/rclcpp/include/rclcpp/any_executable.hpp\n'}
[1.286679] (rclcpp) StdoutLine: {'line': b'-- Up-to-date: /home/yfu/projects/ros2-picas/install/rclcpp/include/rclcpp/create_timer.hpp\n'}
[1.286806] (rclcpp) StdoutLine: {'line': b'-- Up-to-date: /home/yfu/projects/ros2-picas/install/rclcpp/include/rclcpp/intra_process_setting.hpp\n'}
[1.286933] (rclcpp) StdoutLine: {'line': b'-- Up-to-date: /home/yfu/projects/ros2-picas/install/rclcpp/include/rclcpp/time_source.hpp\n'}
[1.287059] (rclcpp) StdoutLine: {'line': b'-- Up-to-date: /home/yfu/projects/ros2-picas/install/rclcpp/include/rclcpp/scope_exit.hpp\n'}
[1.287206] (rclcpp) StdoutLine: {'line': b'-- Up-to-date: /home/yfu/projects/ros2-picas/install/rclcpp/include/rclcpp/create_client.hpp\n'}
[1.287339] (rclcpp) StdoutLine: {'line': b'-- Up-to-date: /home/yfu/projects/ros2-picas/install/rclcpp/include/rclcpp/serialization.hpp\n'}
[1.287471] (rclcpp) StdoutLine: {'line': b'-- Up-to-date: /home/yfu/projects/ros2-picas/install/rclcpp/include/rclcpp/waitable.hpp\n'}
[1.287604] (rclcpp) StdoutLine: {'line': b'-- Up-to-date: /home/yfu/projects/ros2-picas/install/rclcpp/include/rclcpp/wait_result.hpp\n'}
[1.287732] (rclcpp) StdoutLine: {'line': b'-- Up-to-date: /home/yfu/projects/ros2-picas/install/rclcpp/include/rclcpp/message_memory_strategy.hpp\n'}
[1.287859] (rclcpp) StdoutLine: {'line': b'-- Up-to-date: /home/yfu/projects/ros2-picas/install/rclcpp/include/rclcpp/subscription_options.hpp\n'}
[1.287986] (rclcpp) StdoutLine: {'line': b'-- Up-to-date: /home/yfu/projects/ros2-picas/install/rclcpp/include/rclcpp/executor_options.hpp\n'}
[1.288118] (rclcpp) StdoutLine: {'line': b'-- Up-to-date: /home/yfu/projects/ros2-picas/install/rclcpp/include/rclcpp/init_options.hpp\n'}
[1.288248] (rclcpp) StdoutLine: {'line': b'-- Up-to-date: /home/yfu/projects/ros2-picas/install/rclcpp/include/rclcpp/create_service.hpp\n'}
[1.288374] (rclcpp) StdoutLine: {'line': b'-- Up-to-date: /home/yfu/projects/ros2-picas/install/rclcpp/include/rclcpp/context.hpp\n'}
[1.288526] (rclcpp) StdoutLine: {'line': b'-- Up-to-date: /home/yfu/projects/ros2-picas/install/rclcpp/include\n'}
[1.288658] (rclcpp) StdoutLine: {'line': b'-- Up-to-date: /home/yfu/projects/ros2-picas/install/rclcpp/include/rclcpp\n'}
[1.288789] (rclcpp) StdoutLine: {'line': b'-- Up-to-date: /home/yfu/projects/ros2-picas/install/rclcpp/include/rclcpp/logging.hpp\n'}
[1.288918] (rclcpp) StdoutLine: {'line': b'-- Up-to-date: /home/yfu/projects/ros2-picas/install/rclcpp/include/rclcpp/node_interfaces\n'}
[1.289049] (rclcpp) StdoutLine: {'line': b'-- Up-to-date: /home/yfu/projects/ros2-picas/install/rclcpp/include/rclcpp/node_interfaces/get_node_timers_interface.hpp\n'}
[1.289176] (rclcpp) StdoutLine: {'line': b'-- Up-to-date: /home/yfu/projects/ros2-picas/install/rclcpp/include/rclcpp/node_interfaces/node_timers_interface_traits.hpp\n'}
[1.289303] (rclcpp) StdoutLine: {'line': b'-- Up-to-date: /home/yfu/projects/ros2-picas/install/rclcpp/include/rclcpp/node_interfaces/get_node_clock_interface.hpp\n'}
[1.289430] (rclcpp) StdoutLine: {'line': b'-- Up-to-date: /home/yfu/projects/ros2-picas/install/rclcpp/include/rclcpp/node_interfaces/node_services_interface_traits.hpp\n'}
[1.289561] (rclcpp) StdoutLine: {'line': b'-- Up-to-date: /home/yfu/projects/ros2-picas/install/rclcpp/include/rclcpp/node_interfaces/get_node_topics_interface.hpp\n'}
[1.289687] (rclcpp) StdoutLine: {'line': b'-- Up-to-date: /home/yfu/projects/ros2-picas/install/rclcpp/include/rclcpp/node_interfaces/node_waitables_interface_traits.hpp\n'}
[1.289818] (rclcpp) StdoutLine: {'line': b'-- Up-to-date: /home/yfu/projects/ros2-picas/install/rclcpp/include/rclcpp/node_interfaces/node_logging_interface_traits.hpp\n'}
[1.289945] (rclcpp) StdoutLine: {'line': b'-- Up-to-date: /home/yfu/projects/ros2-picas/install/rclcpp/include/rclcpp/node_interfaces/get_node_graph_interface.hpp\n'}
[1.290071] (rclcpp) StdoutLine: {'line': b'-- Up-to-date: /home/yfu/projects/ros2-picas/install/rclcpp/include/rclcpp/node_interfaces/get_node_services_interface.hpp\n'}
[1.290199] (rclcpp) StdoutLine: {'line': b'-- Up-to-date: /home/yfu/projects/ros2-picas/install/rclcpp/include/rclcpp/node_interfaces/get_node_waitables_interface.hpp\n'}
[1.290327] (rclcpp) StdoutLine: {'line': b'-- Up-to-date: /home/yfu/projects/ros2-picas/install/rclcpp/include/rclcpp/node_interfaces/get_node_time_source_interface.hpp\n'}
[1.290454] (rclcpp) StdoutLine: {'line': b'-- Up-to-date: /home/yfu/projects/ros2-picas/install/rclcpp/include/rclcpp/node_interfaces/node_base_interface_traits.hpp\n'}
[1.290582] (rclcpp) StdoutLine: {'line': b'-- Up-to-date: /home/yfu/projects/ros2-picas/install/rclcpp/include/rclcpp/node_interfaces/node_clock_interface_traits.hpp\n'}
[1.290736] (rclcpp) StdoutLine: {'line': b'-- Up-to-date: /home/yfu/projects/ros2-picas/install/rclcpp/include/rclcpp/node_interfaces/node_graph_interface_traits.hpp\n'}
[1.290871] (rclcpp) StdoutLine: {'line': b'-- Up-to-date: /home/yfu/projects/ros2-picas/install/rclcpp/include/rclcpp/node_interfaces/node_parameters_interface_traits.hpp\n'}
[1.291005] (rclcpp) StdoutLine: {'line': b'-- Up-to-date: /home/yfu/projects/ros2-picas/install/rclcpp/include/rclcpp/node_interfaces/get_node_parameters_interface.hpp\n'}
[1.291175] (rclcpp) StdoutLine: {'line': b'-- Up-to-date: /home/yfu/projects/ros2-picas/install/rclcpp/include/rclcpp/node_interfaces/get_node_base_interface.hpp\n'}
[1.291312] (rclcpp) StdoutLine: {'line': b'-- Up-to-date: /home/yfu/projects/ros2-picas/install/rclcpp/include/rclcpp/node_interfaces/node_time_source_interface_traits.hpp\n'}
[1.291448] (rclcpp) StdoutLine: {'line': b'-- Up-to-date: /home/yfu/projects/ros2-picas/install/rclcpp/include/rclcpp/node_interfaces/node_topics_interface_traits.hpp\n'}
[1.291580] (rclcpp) StdoutLine: {'line': b'-- Up-to-date: /home/yfu/projects/ros2-picas/install/rclcpp/include/rclcpp/node_interfaces/get_node_logging_interface.hpp\n'}
[1.291715] (rclcpp) CommandEnded: {'returncode': 0}
[1.302142] (-) TimerEvent: {}
[1.383713] (rclcpp) JobEnded: {'identifier': 'rclcpp', 'rc': 0}
[1.387188] (trace_picas) JobStarted: {'identifier': 'trace_picas'}
[1.402341] (-) TimerEvent: {}
[1.412232] (trace_picas) JobProgress: {'identifier': 'trace_picas', 'progress': 'cmake'}
[1.417045] (trace_picas) JobProgress: {'identifier': 'trace_picas', 'progress': 'build'}
[1.417791] (trace_picas) Command: {'cmd': ['/usr/bin/cmake', '--build', '/home/yfu/projects/ros2-picas/build/trace_picas', '--', '-j6', '-l6'], 'cwd': '/home/yfu/projects/ros2-picas/build/trace_picas', 'env': OrderedDict([('LESSOPEN', '| /usr/bin/lesspipe %s'), ('CONDA_PROMPT_MODIFIER', '(base)'), ('USER', 'yfu'), ('SSH_CLIENT', '172.19.37.200 13487 22'), ('XDG_SESSION_TYPE', 'tty'), ('SHLVL', '1'), ('LD_LIBRARY_PATH', '/home/yfu/projects/ros2-picas/install/rclcpp/lib:/home/yfu/projects/ros2-picas/install/test_msgs/lib:/home/yfu/projects/ros2-picas/install/trace_picas/lib:/opt/ros/galactic/opt/yaml_cpp_vendor/lib:/opt/ros/galactic/lib/aarch64-linux-gnu:/opt/ros/galactic/lib'), ('MOTD_SHOWN', 'pam'), ('HOME', '/home/yfu'), ('CONDA_SHLVL', '1'), ('OLDPWD', '/home/yfu/projects'), ('SSH_TTY', '/dev/pts/0'), ('JETSON_L4T', '35.4.1'), ('ROS_PYTHON_VERSION', '3'), ('JETSON_MODEL', 'NVIDIA Orin Nano Developer Kit'), ('DBUS_SESSION_BUS_ADDRESS', 'unix:path=/run/user/1001/bus'), ('COLCON_PREFIX_PATH', '/home/yfu/projects/ros2-picas/install'), ('ROS_DISTRO', 'galactic'), ('LOGNAME', 'yfu'), ('JETSON_MODULE', 'NVIDIA Jetson Orin Nano (Developer kit)'), ('JETSON_SERIAL_NUMBER', '1421523024361'), ('_', '/usr/bin/colcon'), ('ROS_VERSION', '2'), ('JETSON_CODENAME', 'P3768'), ('XDG_SESSION_CLASS', 'user'), ('TERM', 'xterm'), ('XDG_SESSION_ID', '656'), ('ROS_LOCALHOST_ONLY', '0'), ('PATH', '/usr/bin:/home/yfu/.local/bin:/opt/ros/galactic/bin:/home/yfu/Miniconda/ENTER/bin:/home/yfu/Miniconda/ENTER/condabin:$/home/yfu/Miniconda/ENTER/bin:/usr/local/sbin:/usr/local/bin:/usr/sbin:/usr/bin:/sbin:/bin:/usr/games:/usr/local/games:/snap/bin'), ('XDG_RUNTIME_DIR', '/run/user/1001'), ('DISPLAY', 'localhost:10.0'), ('LANG', 'en_US.UTF-8'), ('LS_COLORS', 'rs=0:di=01;34:ln=01;36:mh=00:pi=40;33:so=01;35:do=01;35:bd=40;33;01:cd=40;33;01:or=40;31;01:mi=00:su=37;41:sg=30;43:ca=30;41:tw=30;42:ow=34;42:st=37;44:ex=01;32:*.tar=01;31:*.tgz=01;31:*.arc=01;31:*.arj=01;31:*.taz=01;31:*.lha=01;31:*.lz4=01;31:*.lzh=01;31:*.lzma=01;31:*.tlz=01;31:*.txz=01;31:*.tzo=01;31:*.t7z=01;31:*.zip=01;31:*.z=01;31:*.dz=01;31:*.gz=01;31:*.lrz=01;31:*.lz=01;31:*.lzo=01;31:*.xz=01;31:*.zst=01;31:*.tzst=01;31:*.bz2=01;31:*.bz=01;31:*.tbz=01;31:*.tbz2=01;31:*.tz=01;31:*.deb=01;31:*.rpm=01;31:*.jar=01;31:*.war=01;31:*.ear=01;31:*.sar=01;31:*.rar=01;31:*.alz=01;31:*.ace=01;31:*.zoo=01;31:*.cpio=01;31:*.7z=01;31:*.rz=01;31:*.cab=01;31:*.wim=01;31:*.swm=01;31:*.dwm=01;31:*.esd=01;31:*.jpg=01;35:*.jpeg=01;35:*.mjpg=01;35:*.mjpeg=01;35:*.gif=01;35:*.bmp=01;35:*.pbm=01;35:*.pgm=01;35:*.ppm=01;35:*.tga=01;35:*.xbm=01;35:*.xpm=01;35:*.tif=01;35:*.tiff=01;35:*.png=01;35:*.svg=01;35:*.svgz=01;35:*.mng=01;35:*.pcx=01;35:*.mov=01;35:*.mpg=01;35:*.mpeg=01;35:*.m2v=01;35:*.mkv=01;35:*.webm=01;35:*.ogm=01;35:*.mp4=01;35:*.m4v=01;35:*.mp4v=01;35:*.vob=01;35:*.qt=01;35:*.nuv=01;35:*.wmv=01;35:*.asf=01;35:*.rm=01;35:*.rmvb=01;35:*.flc=01;35:*.avi=01;35:*.fli=01;35:*.flv=01;35:*.gl=01;35:*.dl=01;35:*.xcf=01;35:*.xwd=01;35:*.yuv=01;35:*.cgm=01;35:*.emf=01;35:*.ogv=01;35:*.ogx=01;35:*.aac=00;36:*.au=00;36:*.flac=00;36:*.m4a=00;36:*.mid=00;36:*.midi=00;36:*.mka=00;36:*.mp3=00;36:*.mpc=00;36:*.ogg=00;36:*.ra=00;36:*.wav=00;36:*.oga=00;36:*.opus=00;36:*.spx=00;36:*.xspf=00;36:'), ('JETSON_SOC', 'tegra23x'), ('AMENT_PREFIX_PATH', '/home/yfu/projects/ros2-picas/install/picas_example_mt:/home/yfu/projects/ros2-picas/install/picas_example:/home/yfu/projects/ros2-picas/install/trace_picas:/home/yfu/projects/ros2-picas/install/test_msgs:/home/yfu/projects/ros2-picas/install/rclcpp:/opt/ros/galactic'), ('CONDA_PYTHON_EXE', '/home/yfu/Miniconda/ENTER/bin/python'), ('SHELL', '/bin/bash'), ('LESSCLOSE', '/usr/bin/lesspipe %s %s'), ('CONDA_DEFAULT_ENV', 'base'), ('JETSON_CUDA_ARCH_BIN', '8.7'), ('PWD', '/home/yfu/projects/ros2-picas/build/trace_picas'), ('CONDA_EXE', '/home/yfu/Miniconda/ENTER/bin/conda'), ('SSH_CONNECTION', '172.19.37.200 13487 192.168.0.226 22'), ('XDG_DATA_DIRS', '/usr/local/share:/usr/share:/var/lib/snapd/desktop'), ('PYTHONPATH', '/home/yfu/projects/ros2-picas/install/test_msgs/lib/python3.8/site-packages:/opt/ros/galactic/lib/python3.8/site-packages'), ('CONDA_PREFIX', '/home/yfu/Miniconda/ENTER'), ('COLCON', '1'), ('JETSON_JETPACK', '5.1.2'), ('CMAKE_PREFIX_PATH', '/home/yfu/projects/ros2-picas/install/rclcpp:/home/yfu/projects/ros2-picas/install/test_msgs:/home/yfu/projects/ros2-picas/install/picas_example_mt:/home/yfu/projects/ros2-picas/install/picas_example:/home/yfu/projects/ros2-picas/install/trace_picas:/opt/ros/galactic'), ('JETSON_P_NUMBER', 'p3767-0005')]), 'shell': False}
[1.502717] (-) TimerEvent: {}
[1.559120] (trace_picas) StdoutLine: {'line': b'[100%] Built target trace_picas\n'}
[1.590754] (trace_picas) CommandEnded: {'returncode': 0}
[1.593088] (trace_picas) JobProgress: {'identifier': 'trace_picas', 'progress': 'install'}
[1.593709] (trace_picas) Command: {'cmd': ['/usr/bin/cmake', '--install', '/home/yfu/projects/ros2-picas/build/trace_picas'], 'cwd': '/home/yfu/projects/ros2-picas/build/trace_picas', 'env': OrderedDict([('LESSOPEN', '| /usr/bin/lesspipe %s'), ('CONDA_PROMPT_MODIFIER', '(base)'), ('USER', 'yfu'), ('SSH_CLIENT', '172.19.37.200 13487 22'), ('XDG_SESSION_TYPE', 'tty'), ('SHLVL', '1'), ('LD_LIBRARY_PATH', '/home/yfu/projects/ros2-picas/install/rclcpp/lib:/home/yfu/projects/ros2-picas/install/test_msgs/lib:/home/yfu/projects/ros2-picas/install/trace_picas/lib:/opt/ros/galactic/opt/yaml_cpp_vendor/lib:/opt/ros/galactic/lib/aarch64-linux-gnu:/opt/ros/galactic/lib'), ('MOTD_SHOWN', 'pam'), ('HOME', '/home/yfu'), ('CONDA_SHLVL', '1'), ('OLDPWD', '/home/yfu/projects'), ('SSH_TTY', '/dev/pts/0'), ('JETSON_L4T', '35.4.1'), ('ROS_PYTHON_VERSION', '3'), ('JETSON_MODEL', 'NVIDIA Orin Nano Developer Kit'), ('DBUS_SESSION_BUS_ADDRESS', 'unix:path=/run/user/1001/bus'), ('COLCON_PREFIX_PATH', '/home/yfu/projects/ros2-picas/install'), ('ROS_DISTRO', 'galactic'), ('LOGNAME', 'yfu'), ('JETSON_MODULE', 'NVIDIA Jetson Orin Nano (Developer kit)'), ('JETSON_SERIAL_NUMBER', '1421523024361'), ('_', '/usr/bin/colcon'), ('ROS_VERSION', '2'), ('JETSON_CODENAME', 'P3768'), ('XDG_SESSION_CLASS', 'user'), ('TERM', 'xterm'), ('XDG_SESSION_ID', '656'), ('ROS_LOCALHOST_ONLY', '0'), ('PATH', '/usr/bin:/home/yfu/.local/bin:/opt/ros/galactic/bin:/home/yfu/Miniconda/ENTER/bin:/home/yfu/Miniconda/ENTER/condabin:$/home/yfu/Miniconda/ENTER/bin:/usr/local/sbin:/usr/local/bin:/usr/sbin:/usr/bin:/sbin:/bin:/usr/games:/usr/local/games:/snap/bin'), ('XDG_RUNTIME_DIR', '/run/user/1001'), ('DISPLAY', 'localhost:10.0'), ('LANG', 'en_US.UTF-8'), ('LS_COLORS', 'rs=0:di=01;34:ln=01;36:mh=00:pi=40;33:so=01;35:do=01;35:bd=40;33;01:cd=40;33;01:or=40;31;01:mi=00:su=37;41:sg=30;43:ca=30;41:tw=30;42:ow=34;42:st=37;44:ex=01;32:*.tar=01;31:*.tgz=01;31:*.arc=01;31:*.arj=01;31:*.taz=01;31:*.lha=01;31:*.lz4=01;31:*.lzh=01;31:*.lzma=01;31:*.tlz=01;31:*.txz=01;31:*.tzo=01;31:*.t7z=01;31:*.zip=01;31:*.z=01;31:*.dz=01;31:*.gz=01;31:*.lrz=01;31:*.lz=01;31:*.lzo=01;31:*.xz=01;31:*.zst=01;31:*.tzst=01;31:*.bz2=01;31:*.bz=01;31:*.tbz=01;31:*.tbz2=01;31:*.tz=01;31:*.deb=01;31:*.rpm=01;31:*.jar=01;31:*.war=01;31:*.ear=01;31:*.sar=01;31:*.rar=01;31:*.alz=01;31:*.ace=01;31:*.zoo=01;31:*.cpio=01;31:*.7z=01;31:*.rz=01;31:*.cab=01;31:*.wim=01;31:*.swm=01;31:*.dwm=01;31:*.esd=01;31:*.jpg=01;35:*.jpeg=01;35:*.mjpg=01;35:*.mjpeg=01;35:*.gif=01;35:*.bmp=01;35:*.pbm=01;35:*.pgm=01;35:*.ppm=01;35:*.tga=01;35:*.xbm=01;35:*.xpm=01;35:*.tif=01;35:*.tiff=01;35:*.png=01;35:*.svg=01;35:*.svgz=01;35:*.mng=01;35:*.pcx=01;35:*.mov=01;35:*.mpg=01;35:*.mpeg=01;35:*.m2v=01;35:*.mkv=01;35:*.webm=01;35:*.ogm=01;35:*.mp4=01;35:*.m4v=01;35:*.mp4v=01;35:*.vob=01;35:*.qt=01;35:*.nuv=01;35:*.wmv=01;35:*.asf=01;35:*.rm=01;35:*.rmvb=01;35:*.flc=01;35:*.avi=01;35:*.fli=01;35:*.flv=01;35:*.gl=01;35:*.dl=01;35:*.xcf=01;35:*.xwd=01;35:*.yuv=01;35:*.cgm=01;35:*.emf=01;35:*.ogv=01;35:*.ogx=01;35:*.aac=00;36:*.au=00;36:*.flac=00;36:*.m4a=00;36:*.mid=00;36:*.midi=00;36:*.mka=00;36:*.mp3=00;36:*.mpc=00;36:*.ogg=00;36:*.ra=00;36:*.wav=00;36:*.oga=00;36:*.opus=00;36:*.spx=00;36:*.xspf=00;36:'), ('JETSON_SOC', 'tegra23x'), ('AMENT_PREFIX_PATH', '/home/yfu/projects/ros2-picas/install/picas_example_mt:/home/yfu/projects/ros2-picas/install/picas_example:/home/yfu/projects/ros2-picas/install/trace_picas:/home/yfu/projects/ros2-picas/install/test_msgs:/home/yfu/projects/ros2-picas/install/rclcpp:/opt/ros/galactic'), ('CONDA_PYTHON_EXE', '/home/yfu/Miniconda/ENTER/bin/python'), ('SHELL', '/bin/bash'), ('LESSCLOSE', '/usr/bin/lesspipe %s %s'), ('CONDA_DEFAULT_ENV', 'base'), ('JETSON_CUDA_ARCH_BIN', '8.7'), ('PWD', '/home/yfu/projects/ros2-picas/build/trace_picas'), ('CONDA_EXE', '/home/yfu/Miniconda/ENTER/bin/conda'), ('SSH_CONNECTION', '172.19.37.200 13487 192.168.0.226 22'), ('XDG_DATA_DIRS', '/usr/local/share:/usr/share:/var/lib/snapd/desktop'), ('PYTHONPATH', '/home/yfu/projects/ros2-picas/install/test_msgs/lib/python3.8/site-packages:/opt/ros/galactic/lib/python3.8/site-packages'), ('CONDA_PREFIX', '/home/yfu/Miniconda/ENTER'), ('COLCON', '1'), ('JETSON_JETPACK', '5.1.2'), ('CMAKE_PREFIX_PATH', '/home/yfu/projects/ros2-picas/install/rclcpp:/home/yfu/projects/ros2-picas/install/test_msgs:/home/yfu/projects/ros2-picas/install/picas_example_mt:/home/yfu/projects/ros2-picas/install/picas_example:/home/yfu/projects/ros2-picas/install/trace_picas:/opt/ros/galactic'), ('JETSON_P_NUMBER', 'p3767-0005')]), 'shell': False}
[1.602807] (-) TimerEvent: {}
[1.622305] (trace_picas) StdoutLine: {'line': b'-- Install configuration: ""\n'}
[1.623244] (trace_picas) StdoutLine: {'line': b'-- Up-to-date: /home/yfu/projects/ros2-picas/install/trace_picas/share/trace_picas/environment/library_path.sh\n'}
[1.623612] (trace_picas) StdoutLine: {'line': b'-- Up-to-date: /home/yfu/projects/ros2-picas/install/trace_picas/share/trace_picas/environment/library_path.dsv\n'}
[1.623917] (trace_picas) StdoutLine: {'line': b'-- Up-to-date: /home/yfu/projects/ros2-picas/install/trace_picas/include/trace_picas/\n'}
[1.624237] (trace_picas) StdoutLine: {'line': b'-- Up-to-date: /home/yfu/projects/ros2-picas/install/trace_picas/include/trace_picas//trace.hpp\n'}
[1.624513] (trace_picas) StdoutLine: {'line': b'-- Up-to-date: /home/yfu/projects/ros2-picas/install/trace_picas/lib/libtrace_picas.a\n'}
[1.624702] (trace_picas) StdoutLine: {'line': b'-- Up-to-date: /home/yfu/projects/ros2-picas/install/trace_picas/share/ament_index/resource_index/package_run_dependencies/trace_picas\n'}
[1.624882] (trace_picas) StdoutLine: {'line': b'-- Up-to-date: /home/yfu/projects/ros2-picas/install/trace_picas/share/ament_index/resource_index/parent_prefix_path/trace_picas\n'}
[1.625174] (trace_picas) StdoutLine: {'line': b'-- Up-to-date: /home/yfu/projects/ros2-picas/install/trace_picas/share/trace_picas/environment/ament_prefix_path.sh\n'}
[1.625367] (trace_picas) StdoutLine: {'line': b'-- Up-to-date: /home/yfu/projects/ros2-picas/install/trace_picas/share/trace_picas/environment/ament_prefix_path.dsv\n'}
[1.625706] (trace_picas) StdoutLine: {'line': b'-- Up-to-date: /home/yfu/projects/ros2-picas/install/trace_picas/share/trace_picas/environment/path.sh\n'}
[1.625965] (trace_picas) StdoutLine: {'line': b'-- Up-to-date: /home/yfu/projects/ros2-picas/install/trace_picas/share/trace_picas/environment/path.dsv\n'}
[1.626227] (trace_picas) StdoutLine: {'line': b'-- Up-to-date: /home/yfu/projects/ros2-picas/install/trace_picas/share/trace_picas/local_setup.bash\n'}
[1.626484] (trace_picas) StdoutLine: {'line': b'-- Up-to-date: /home/yfu/projects/ros2-picas/install/trace_picas/share/trace_picas/local_setup.sh\n'}
[1.626648] (trace_picas) StdoutLine: {'line': b'-- Up-to-date: /home/yfu/projects/ros2-picas/install/trace_picas/share/trace_picas/local_setup.zsh\n'}
[1.626802] (trace_picas) StdoutLine: {'line': b'-- Up-to-date: /home/yfu/projects/ros2-picas/install/trace_picas/share/trace_picas/local_setup.dsv\n'}
[1.626952] (trace_picas) StdoutLine: {'line': b'-- Installing: /home/yfu/projects/ros2-picas/install/trace_picas/share/trace_picas/package.dsv\n'}
[1.627131] (trace_picas) StdoutLine: {'line': b'-- Up-to-date: /home/yfu/projects/ros2-picas/install/trace_picas/share/ament_index/resource_index/packages/trace_picas\n'}
[1.627292] (trace_picas) StdoutLine: {'line': b'-- Up-to-date: /home/yfu/projects/ros2-picas/install/trace_picas/share/trace_picas/cmake/export_traceExport.cmake\n'}
[1.627448] (trace_picas) StdoutLine: {'line': b'-- Up-to-date: /home/yfu/projects/ros2-picas/install/trace_picas/share/trace_picas/cmake/export_traceExport-noconfig.cmake\n'}
[1.627602] (trace_picas) StdoutLine: {'line': b'-- Up-to-date: /home/yfu/projects/ros2-picas/install/trace_picas/share/trace_picas/cmake/ament_cmake_export_dependencies-extras.cmake\n'}
[1.627762] (trace_picas) StdoutLine: {'line': b'-- Up-to-date: /home/yfu/projects/ros2-picas/install/trace_picas/share/trace_picas/cmake/ament_cmake_export_targets-extras.cmake\n'}
[1.627918] (trace_picas) StdoutLine: {'line': b'-- Up-to-date: /home/yfu/projects/ros2-picas/install/trace_picas/share/trace_picas/cmake/ament_cmake_export_include_directories-extras.cmake\n'}
[1.628074] (trace_picas) StdoutLine: {'line': b'-- Up-to-date: /home/yfu/projects/ros2-picas/install/trace_picas/share/trace_picas/cmake/ament_cmake_export_libraries-extras.cmake\n'}
[1.628227] (trace_picas) StdoutLine: {'line': b'-- Up-to-date: /home/yfu/projects/ros2-picas/install/trace_picas/share/trace_picas/cmake/trace_picasConfig.cmake\n'}
[1.628376] (trace_picas) StdoutLine: {'line': b'-- Up-to-date: /home/yfu/projects/ros2-picas/install/trace_picas/share/trace_picas/cmake/trace_picasConfig-version.cmake\n'}
[1.628608] (trace_picas) StdoutLine: {'line': b'-- Up-to-date: /home/yfu/projects/ros2-picas/install/trace_picas/share/trace_picas/package.xml\n'}
[1.634421] (trace_picas) CommandEnded: {'returncode': 0}
[1.702951] (-) TimerEvent: {}
[1.779000] (trace_picas) JobEnded: {'identifier': 'trace_picas', 'rc': 0}
[1.782706] (picas_example) JobStarted: {'identifier': 'picas_example'}
[1.795480] (picas_example_mt) JobStarted: {'identifier': 'picas_example_mt'}
[1.803171] (-) TimerEvent: {}
[1.813517] (picas_example) JobProgress: {'identifier': 'picas_example', 'progress': 'cmake'}
[1.815105] (picas_example) JobProgress: {'identifier': 'picas_example', 'progress': 'build'}
[1.815784] (picas_example) Command: {'cmd': ['/usr/bin/cmake', '--build', '/home/yfu/projects/ros2-picas/build/picas_example', '--', '-j6', '-l6'], 'cwd': '/home/yfu/projects/ros2-picas/build/picas_example', 'env': OrderedDict([('LESSOPEN', '| /usr/bin/lesspipe %s'), ('CONDA_PROMPT_MODIFIER', '(base)'), ('USER', 'yfu'), ('SSH_CLIENT', '172.19.37.200 13487 22'), ('XDG_SESSION_TYPE', 'tty'), ('SHLVL', '1'), ('LD_LIBRARY_PATH', '/home/yfu/projects/ros2-picas/install/rclcpp/lib:/home/yfu/projects/ros2-picas/install/test_msgs/lib:/home/yfu/projects/ros2-picas/install/trace_picas/lib:/opt/ros/galactic/opt/yaml_cpp_vendor/lib:/opt/ros/galactic/lib/aarch64-linux-gnu:/opt/ros/galactic/lib'), ('MOTD_SHOWN', 'pam'), ('HOME', '/home/yfu'), ('CONDA_SHLVL', '1'), ('OLDPWD', '/home/yfu/projects'), ('SSH_TTY', '/dev/pts/0'), ('JETSON_L4T', '35.4.1'), ('ROS_PYTHON_VERSION', '3'), ('JETSON_MODEL', 'NVIDIA Orin Nano Developer Kit'), ('DBUS_SESSION_BUS_ADDRESS', 'unix:path=/run/user/1001/bus'), ('COLCON_PREFIX_PATH', '/home/yfu/projects/ros2-picas/install'), ('ROS_DISTRO', 'galactic'), ('LOGNAME', 'yfu'), ('JETSON_MODULE', 'NVIDIA Jetson Orin Nano (Developer kit)'), ('JETSON_SERIAL_NUMBER', '1421523024361'), ('_', '/usr/bin/colcon'), ('ROS_VERSION', '2'), ('JETSON_CODENAME', 'P3768'), ('XDG_SESSION_CLASS', 'user'), ('TERM', 'xterm'), ('XDG_SESSION_ID', '656'), ('ROS_LOCALHOST_ONLY', '0'), ('PATH', '/usr/bin:/home/yfu/.local/bin:/opt/ros/galactic/bin:/home/yfu/Miniconda/ENTER/bin:/home/yfu/Miniconda/ENTER/condabin:$/home/yfu/Miniconda/ENTER/bin:/usr/local/sbin:/usr/local/bin:/usr/sbin:/usr/bin:/sbin:/bin:/usr/games:/usr/local/games:/snap/bin'), ('XDG_RUNTIME_DIR', '/run/user/1001'), ('DISPLAY', 'localhost:10.0'), ('LANG', 'en_US.UTF-8'), ('LS_COLORS', 'rs=0:di=01;34:ln=01;36:mh=00:pi=40;33:so=01;35:do=01;35:bd=40;33;01:cd=40;33;01:or=40;31;01:mi=00:su=37;41:sg=30;43:ca=30;41:tw=30;42:ow=34;42:st=37;44:ex=01;32:*.tar=01;31:*.tgz=01;31:*.arc=01;31:*.arj=01;31:*.taz=01;31:*.lha=01;31:*.lz4=01;31:*.lzh=01;31:*.lzma=01;31:*.tlz=01;31:*.txz=01;31:*.tzo=01;31:*.t7z=01;31:*.zip=01;31:*.z=01;31:*.dz=01;31:*.gz=01;31:*.lrz=01;31:*.lz=01;31:*.lzo=01;31:*.xz=01;31:*.zst=01;31:*.tzst=01;31:*.bz2=01;31:*.bz=01;31:*.tbz=01;31:*.tbz2=01;31:*.tz=01;31:*.deb=01;31:*.rpm=01;31:*.jar=01;31:*.war=01;31:*.ear=01;31:*.sar=01;31:*.rar=01;31:*.alz=01;31:*.ace=01;31:*.zoo=01;31:*.cpio=01;31:*.7z=01;31:*.rz=01;31:*.cab=01;31:*.wim=01;31:*.swm=01;31:*.dwm=01;31:*.esd=01;31:*.jpg=01;35:*.jpeg=01;35:*.mjpg=01;35:*.mjpeg=01;35:*.gif=01;35:*.bmp=01;35:*.pbm=01;35:*.pgm=01;35:*.ppm=01;35:*.tga=01;35:*.xbm=01;35:*.xpm=01;35:*.tif=01;35:*.tiff=01;35:*.png=01;35:*.svg=01;35:*.svgz=01;35:*.mng=01;35:*.pcx=01;35:*.mov=01;35:*.mpg=01;35:*.mpeg=01;35:*.m2v=01;35:*.mkv=01;35:*.webm=01;35:*.ogm=01;35:*.mp4=01;35:*.m4v=01;35:*.mp4v=01;35:*.vob=01;35:*.qt=01;35:*.nuv=01;35:*.wmv=01;35:*.asf=01;35:*.rm=01;35:*.rmvb=01;35:*.flc=01;35:*.avi=01;35:*.fli=01;35:*.flv=01;35:*.gl=01;35:*.dl=01;35:*.xcf=01;35:*.xwd=01;35:*.yuv=01;35:*.cgm=01;35:*.emf=01;35:*.ogv=01;35:*.ogx=01;35:*.aac=00;36:*.au=00;36:*.flac=00;36:*.m4a=00;36:*.mid=00;36:*.midi=00;36:*.mka=00;36:*.mp3=00;36:*.mpc=00;36:*.ogg=00;36:*.ra=00;36:*.wav=00;36:*.oga=00;36:*.opus=00;36:*.spx=00;36:*.xspf=00;36:'), ('JETSON_SOC', 'tegra23x'), ('AMENT_PREFIX_PATH', '/home/yfu/projects/ros2-picas/install/picas_example_mt:/home/yfu/projects/ros2-picas/install/picas_example:/home/yfu/projects/ros2-picas/install/trace_picas:/home/yfu/projects/ros2-picas/install/test_msgs:/home/yfu/projects/ros2-picas/install/rclcpp:/opt/ros/galactic'), ('CONDA_PYTHON_EXE', '/home/yfu/Miniconda/ENTER/bin/python'), ('SHELL', '/bin/bash'), ('LESSCLOSE', '/usr/bin/lesspipe %s %s'), ('CONDA_DEFAULT_ENV', 'base'), ('JETSON_CUDA_ARCH_BIN', '8.7'), ('PWD', '/home/yfu/projects/ros2-picas/build/picas_example'), ('CONDA_EXE', '/home/yfu/Miniconda/ENTER/bin/conda'), ('SSH_CONNECTION', '172.19.37.200 13487 192.168.0.226 22'), ('XDG_DATA_DIRS', '/usr/local/share:/usr/share:/var/lib/snapd/desktop'), ('PYTHONPATH', '/home/yfu/projects/ros2-picas/install/test_msgs/lib/python3.8/site-packages:/opt/ros/galactic/lib/python3.8/site-packages'), ('CONDA_PREFIX', '/home/yfu/Miniconda/ENTER'), ('COLCON', '1'), ('JETSON_JETPACK', '5.1.2'), ('CMAKE_PREFIX_PATH', '/home/yfu/projects/ros2-picas/install/trace_picas:/home/yfu/projects/ros2-picas/install/rclcpp:/home/yfu/projects/ros2-picas/install/test_msgs:/home/yfu/projects/ros2-picas/install/picas_example_mt:/home/yfu/projects/ros2-picas/install/picas_example:/opt/ros/galactic'), ('JETSON_P_NUMBER', 'p3767-0005')]), 'shell': False}
[1.826197] (picas_example_mt) JobProgress: {'identifier': 'picas_example_mt', 'progress': 'cmake'}
[1.827698] (picas_example_mt) JobProgress: {'identifier': 'picas_example_mt', 'progress': 'build'}
[1.828255] (picas_example_mt) Command: {'cmd': ['/usr/bin/cmake', '--build', '/home/yfu/projects/ros2-picas/build/picas_example_mt', '--', '-j6', '-l6'], 'cwd': '/home/yfu/projects/ros2-picas/build/picas_example_mt', 'env': OrderedDict([('LESSOPEN', '| /usr/bin/lesspipe %s'), ('CONDA_PROMPT_MODIFIER', '(base)'), ('USER', 'yfu'), ('SSH_CLIENT', '172.19.37.200 13487 22'), ('XDG_SESSION_TYPE', 'tty'), ('SHLVL', '1'), ('LD_LIBRARY_PATH', '/home/yfu/projects/ros2-picas/install/rclcpp/lib:/home/yfu/projects/ros2-picas/install/test_msgs/lib:/home/yfu/projects/ros2-picas/install/trace_picas/lib:/opt/ros/galactic/opt/yaml_cpp_vendor/lib:/opt/ros/galactic/lib/aarch64-linux-gnu:/opt/ros/galactic/lib'), ('MOTD_SHOWN', 'pam'), ('HOME', '/home/yfu'), ('CONDA_SHLVL', '1'), ('OLDPWD', '/home/yfu/projects'), ('SSH_TTY', '/dev/pts/0'), ('JETSON_L4T', '35.4.1'), ('ROS_PYTHON_VERSION', '3'), ('JETSON_MODEL', 'NVIDIA Orin Nano Developer Kit'), ('DBUS_SESSION_BUS_ADDRESS', 'unix:path=/run/user/1001/bus'), ('COLCON_PREFIX_PATH', '/home/yfu/projects/ros2-picas/install'), ('ROS_DISTRO', 'galactic'), ('LOGNAME', 'yfu'), ('JETSON_MODULE', 'NVIDIA Jetson Orin Nano (Developer kit)'), ('JETSON_SERIAL_NUMBER', '1421523024361'), ('_', '/usr/bin/colcon'), ('ROS_VERSION', '2'), ('JETSON_CODENAME', 'P3768'), ('XDG_SESSION_CLASS', 'user'), ('TERM', 'xterm'), ('XDG_SESSION_ID', '656'), ('ROS_LOCALHOST_ONLY', '0'), ('PATH', '/usr/bin:/home/yfu/.local/bin:/opt/ros/galactic/bin:/home/yfu/Miniconda/ENTER/bin:/home/yfu/Miniconda/ENTER/condabin:$/home/yfu/Miniconda/ENTER/bin:/usr/local/sbin:/usr/local/bin:/usr/sbin:/usr/bin:/sbin:/bin:/usr/games:/usr/local/games:/snap/bin'), ('XDG_RUNTIME_DIR', '/run/user/1001'), ('DISPLAY', 'localhost:10.0'), ('LANG', 'en_US.UTF-8'), ('LS_COLORS', 'rs=0:di=01;34:ln=01;36:mh=00:pi=40;33:so=01;35:do=01;35:bd=40;33;01:cd=40;33;01:or=40;31;01:mi=00:su=37;41:sg=30;43:ca=30;41:tw=30;42:ow=34;42:st=37;44:ex=01;32:*.tar=01;31:*.tgz=01;31:*.arc=01;31:*.arj=01;31:*.taz=01;31:*.lha=01;31:*.lz4=01;31:*.lzh=01;31:*.lzma=01;31:*.tlz=01;31:*.txz=01;31:*.tzo=01;31:*.t7z=01;31:*.zip=01;31:*.z=01;31:*.dz=01;31:*.gz=01;31:*.lrz=01;31:*.lz=01;31:*.lzo=01;31:*.xz=01;31:*.zst=01;31:*.tzst=01;31:*.bz2=01;31:*.bz=01;31:*.tbz=01;31:*.tbz2=01;31:*.tz=01;31:*.deb=01;31:*.rpm=01;31:*.jar=01;31:*.war=01;31:*.ear=01;31:*.sar=01;31:*.rar=01;31:*.alz=01;31:*.ace=01;31:*.zoo=01;31:*.cpio=01;31:*.7z=01;31:*.rz=01;31:*.cab=01;31:*.wim=01;31:*.swm=01;31:*.dwm=01;31:*.esd=01;31:*.jpg=01;35:*.jpeg=01;35:*.mjpg=01;35:*.mjpeg=01;35:*.gif=01;35:*.bmp=01;35:*.pbm=01;35:*.pgm=01;35:*.ppm=01;35:*.tga=01;35:*.xbm=01;35:*.xpm=01;35:*.tif=01;35:*.tiff=01;35:*.png=01;35:*.svg=01;35:*.svgz=01;35:*.mng=01;35:*.pcx=01;35:*.mov=01;35:*.mpg=01;35:*.mpeg=01;35:*.m2v=01;35:*.mkv=01;35:*.webm=01;35:*.ogm=01;35:*.mp4=01;35:*.m4v=01;35:*.mp4v=01;35:*.vob=01;35:*.qt=01;35:*.nuv=01;35:*.wmv=01;35:*.asf=01;35:*.rm=01;35:*.rmvb=01;35:*.flc=01;35:*.avi=01;35:*.fli=01;35:*.flv=01;35:*.gl=01;35:*.dl=01;35:*.xcf=01;35:*.xwd=01;35:*.yuv=01;35:*.cgm=01;35:*.emf=01;35:*.ogv=01;35:*.ogx=01;35:*.aac=00;36:*.au=00;36:*.flac=00;36:*.m4a=00;36:*.mid=00;36:*.midi=00;36:*.mka=00;36:*.mp3=00;36:*.mpc=00;36:*.ogg=00;36:*.ra=00;36:*.wav=00;36:*.oga=00;36:*.opus=00;36:*.spx=00;36:*.xspf=00;36:'), ('JETSON_SOC', 'tegra23x'), ('AMENT_PREFIX_PATH', '/home/yfu/projects/ros2-picas/install/picas_example_mt:/home/yfu/projects/ros2-picas/install/picas_example:/home/yfu/projects/ros2-picas/install/trace_picas:/home/yfu/projects/ros2-picas/install/test_msgs:/home/yfu/projects/ros2-picas/install/rclcpp:/opt/ros/galactic'), ('CONDA_PYTHON_EXE', '/home/yfu/Miniconda/ENTER/bin/python'), ('SHELL', '/bin/bash'), ('LESSCLOSE', '/usr/bin/lesspipe %s %s'), ('CONDA_DEFAULT_ENV', 'base'), ('JETSON_CUDA_ARCH_BIN', '8.7'), ('PWD', '/home/yfu/projects/ros2-picas/build/picas_example_mt'), ('CONDA_EXE', '/home/yfu/Miniconda/ENTER/bin/conda'), ('SSH_CONNECTION', '172.19.37.200 13487 192.168.0.226 22'), ('XDG_DATA_DIRS', '/usr/local/share:/usr/share:/var/lib/snapd/desktop'), ('PYTHONPATH', '/home/yfu/projects/ros2-picas/install/test_msgs/lib/python3.8/site-packages:/opt/ros/galactic/lib/python3.8/site-packages'), ('CONDA_PREFIX', '/home/yfu/Miniconda/ENTER'), ('COLCON', '1'), ('JETSON_JETPACK', '5.1.2'), ('CMAKE_PREFIX_PATH', '/home/yfu/projects/ros2-picas/install/trace_picas:/home/yfu/projects/ros2-picas/install/rclcpp:/home/yfu/projects/ros2-picas/install/test_msgs:/home/yfu/projects/ros2-picas/install/picas_example_mt:/home/yfu/projects/ros2-picas/install/picas_example:/opt/ros/galactic'), ('JETSON_P_NUMBER', 'p3767-0005')]), 'shell': False}
[1.903558] (-) TimerEvent: {}
[1.929453] (picas_example) StdoutLine: {'line': b'\x1b[35m\x1b[1mScanning dependencies of target sstest\x1b[0m\n'}
[1.963936] (picas_example_mt) StdoutLine: {'line': b'[100%] Built target example_mt\n'}
[1.964836] (picas_example) StdoutLine: {'line': b'[ 33%] Built target example\n'}
[1.966788] (picas_example) StdoutLine: {'line': b'[ 66%] Built target case_study\n'}
[1.996255] (picas_example_mt) CommandEnded: {'returncode': 0}
[1.999050] (picas_example_mt) JobProgress: {'identifier': 'picas_example_mt', 'progress': 'install'}
[1.999650] (picas_example_mt) Command: {'cmd': ['/usr/bin/cmake', '--install', '/home/yfu/projects/ros2-picas/build/picas_example_mt'], 'cwd': '/home/yfu/projects/ros2-picas/build/picas_example_mt', 'env': OrderedDict([('LESSOPEN', '| /usr/bin/lesspipe %s'), ('CONDA_PROMPT_MODIFIER', '(base)'), ('USER', 'yfu'), ('SSH_CLIENT', '172.19.37.200 13487 22'), ('XDG_SESSION_TYPE', 'tty'), ('SHLVL', '1'), ('LD_LIBRARY_PATH', '/home/yfu/projects/ros2-picas/install/rclcpp/lib:/home/yfu/projects/ros2-picas/install/test_msgs/lib:/home/yfu/projects/ros2-picas/install/trace_picas/lib:/opt/ros/galactic/opt/yaml_cpp_vendor/lib:/opt/ros/galactic/lib/aarch64-linux-gnu:/opt/ros/galactic/lib'), ('MOTD_SHOWN', 'pam'), ('HOME', '/home/yfu'), ('CONDA_SHLVL', '1'), ('OLDPWD', '/home/yfu/projects'), ('SSH_TTY', '/dev/pts/0'), ('JETSON_L4T', '35.4.1'), ('ROS_PYTHON_VERSION', '3'), ('JETSON_MODEL', 'NVIDIA Orin Nano Developer Kit'), ('DBUS_SESSION_BUS_ADDRESS', 'unix:path=/run/user/1001/bus'), ('COLCON_PREFIX_PATH', '/home/yfu/projects/ros2-picas/install'), ('ROS_DISTRO', 'galactic'), ('LOGNAME', 'yfu'), ('JETSON_MODULE', 'NVIDIA Jetson Orin Nano (Developer kit)'), ('JETSON_SERIAL_NUMBER', '1421523024361'), ('_', '/usr/bin/colcon'), ('ROS_VERSION', '2'), ('JETSON_CODENAME', 'P3768'), ('XDG_SESSION_CLASS', 'user'), ('TERM', 'xterm'), ('XDG_SESSION_ID', '656'), ('ROS_LOCALHOST_ONLY', '0'), ('PATH', '/usr/bin:/home/yfu/.local/bin:/opt/ros/galactic/bin:/home/yfu/Miniconda/ENTER/bin:/home/yfu/Miniconda/ENTER/condabin:$/home/yfu/Miniconda/ENTER/bin:/usr/local/sbin:/usr/local/bin:/usr/sbin:/usr/bin:/sbin:/bin:/usr/games:/usr/local/games:/snap/bin'), ('XDG_RUNTIME_DIR', '/run/user/1001'), ('DISPLAY', 'localhost:10.0'), ('LANG', 'en_US.UTF-8'), ('LS_COLORS', 'rs=0:di=01;34:ln=01;36:mh=00:pi=40;33:so=01;35:do=01;35:bd=40;33;01:cd=40;33;01:or=40;31;01:mi=00:su=37;41:sg=30;43:ca=30;41:tw=30;42:ow=34;42:st=37;44:ex=01;32:*.tar=01;31:*.tgz=01;31:*.arc=01;31:*.arj=01;31:*.taz=01;31:*.lha=01;31:*.lz4=01;31:*.lzh=01;31:*.lzma=01;31:*.tlz=01;31:*.txz=01;31:*.tzo=01;31:*.t7z=01;31:*.zip=01;31:*.z=01;31:*.dz=01;31:*.gz=01;31:*.lrz=01;31:*.lz=01;31:*.lzo=01;31:*.xz=01;31:*.zst=01;31:*.tzst=01;31:*.bz2=01;31:*.bz=01;31:*.tbz=01;31:*.tbz2=01;31:*.tz=01;31:*.deb=01;31:*.rpm=01;31:*.jar=01;31:*.war=01;31:*.ear=01;31:*.sar=01;31:*.rar=01;31:*.alz=01;31:*.ace=01;31:*.zoo=01;31:*.cpio=01;31:*.7z=01;31:*.rz=01;31:*.cab=01;31:*.wim=01;31:*.swm=01;31:*.dwm=01;31:*.esd=01;31:*.jpg=01;35:*.jpeg=01;35:*.mjpg=01;35:*.mjpeg=01;35:*.gif=01;35:*.bmp=01;35:*.pbm=01;35:*.pgm=01;35:*.ppm=01;35:*.tga=01;35:*.xbm=01;35:*.xpm=01;35:*.tif=01;35:*.tiff=01;35:*.png=01;35:*.svg=01;35:*.svgz=01;35:*.mng=01;35:*.pcx=01;35:*.mov=01;35:*.mpg=01;35:*.mpeg=01;35:*.m2v=01;35:*.mkv=01;35:*.webm=01;35:*.ogm=01;35:*.mp4=01;35:*.m4v=01;35:*.mp4v=01;35:*.vob=01;35:*.qt=01;35:*.nuv=01;35:*.wmv=01;35:*.asf=01;35:*.rm=01;35:*.rmvb=01;35:*.flc=01;35:*.avi=01;35:*.fli=01;35:*.flv=01;35:*.gl=01;35:*.dl=01;35:*.xcf=01;35:*.xwd=01;35:*.yuv=01;35:*.cgm=01;35:*.emf=01;35:*.ogv=01;35:*.ogx=01;35:*.aac=00;36:*.au=00;36:*.flac=00;36:*.m4a=00;36:*.mid=00;36:*.midi=00;36:*.mka=00;36:*.mp3=00;36:*.mpc=00;36:*.ogg=00;36:*.ra=00;36:*.wav=00;36:*.oga=00;36:*.opus=00;36:*.spx=00;36:*.xspf=00;36:'), ('JETSON_SOC', 'tegra23x'), ('AMENT_PREFIX_PATH', '/home/yfu/projects/ros2-picas/install/picas_example_mt:/home/yfu/projects/ros2-picas/install/picas_example:/home/yfu/projects/ros2-picas/install/trace_picas:/home/yfu/projects/ros2-picas/install/test_msgs:/home/yfu/projects/ros2-picas/install/rclcpp:/opt/ros/galactic'), ('CONDA_PYTHON_EXE', '/home/yfu/Miniconda/ENTER/bin/python'), ('SHELL', '/bin/bash'), ('LESSCLOSE', '/usr/bin/lesspipe %s %s'), ('CONDA_DEFAULT_ENV', 'base'), ('JETSON_CUDA_ARCH_BIN', '8.7'), ('PWD', '/home/yfu/projects/ros2-picas/build/picas_example_mt'), ('CONDA_EXE', '/home/yfu/Miniconda/ENTER/bin/conda'), ('SSH_CONNECTION', '172.19.37.200 13487 192.168.0.226 22'), ('XDG_DATA_DIRS', '/usr/local/share:/usr/share:/var/lib/snapd/desktop'), ('PYTHONPATH', '/home/yfu/projects/ros2-picas/install/test_msgs/lib/python3.8/site-packages:/opt/ros/galactic/lib/python3.8/site-packages'), ('CONDA_PREFIX', '/home/yfu/Miniconda/ENTER'), ('COLCON', '1'), ('JETSON_JETPACK', '5.1.2'), ('CMAKE_PREFIX_PATH', '/home/yfu/projects/ros2-picas/install/trace_picas:/home/yfu/projects/ros2-picas/install/rclcpp:/home/yfu/projects/ros2-picas/install/test_msgs:/home/yfu/projects/ros2-picas/install/picas_example_mt:/home/yfu/projects/ros2-picas/install/picas_example:/opt/ros/galactic'), ('JETSON_P_NUMBER', 'p3767-0005')]), 'shell': False}
[2.006796] (-) TimerEvent: {}
[2.008118] (picas_example) StdoutLine: {'line': b'[ 83%] \x1b[32mBuilding CXX object CMakeFiles/sstest.dir/src/sstest.cpp.o\x1b[0m\n'}
[2.028289] (picas_example_mt) StdoutLine: {'line': b'-- Install configuration: ""\n'}
[2.029270] (picas_example_mt) StdoutLine: {'line': b'-- Up-to-date: /home/yfu/projects/ros2-picas/install/picas_example_mt/lib/picas_example_mt/example_mt\n'}
[2.029506] (picas_example_mt) StdoutLine: {'line': b'-- Up-to-date: /home/yfu/projects/ros2-picas/install/picas_example_mt/share/ament_index/resource_index/package_run_dependencies/picas_example_mt\n'}
[2.029696] (picas_example_mt) StdoutLine: {'line': b'-- Up-to-date: /home/yfu/projects/ros2-picas/install/picas_example_mt/share/ament_index/resource_index/parent_prefix_path/picas_example_mt\n'}
[2.030077] (picas_example_mt) StdoutLine: {'line': b'-- Up-to-date: /home/yfu/projects/ros2-picas/install/picas_example_mt/share/picas_example_mt/environment/ament_prefix_path.sh\n'}
[2.030408] (picas_example_mt) StdoutLine: {'line': b'-- Up-to-date: /home/yfu/projects/ros2-picas/install/picas_example_mt/share/picas_example_mt/environment/ament_prefix_path.dsv\n'}
[2.030579] (picas_example_mt) StdoutLine: {'line': b'-- Up-to-date: /home/yfu/projects/ros2-picas/install/picas_example_mt/share/picas_example_mt/environment/path.sh\n'}
[2.030751] (picas_example_mt) StdoutLine: {'line': b'-- Up-to-date: /home/yfu/projects/ros2-picas/install/picas_example_mt/share/picas_example_mt/environment/path.dsv\n'}
[2.030996] (picas_example_mt) StdoutLine: {'line': b'-- Up-to-date: /home/yfu/projects/ros2-picas/install/picas_example_mt/share/picas_example_mt/local_setup.bash\n'}
[2.031321] (picas_example_mt) StdoutLine: {'line': b'-- Up-to-date: /home/yfu/projects/ros2-picas/install/picas_example_mt/share/picas_example_mt/local_setup.sh\n'}
[2.031475] (picas_example_mt) StdoutLine: {'line': b'-- Up-to-date: /home/yfu/projects/ros2-picas/install/picas_example_mt/share/picas_example_mt/local_setup.zsh\n'}
[2.031617] (picas_example_mt) StdoutLine: {'line': b'-- Up-to-date: /home/yfu/projects/ros2-picas/install/picas_example_mt/share/picas_example_mt/local_setup.dsv\n'}
[2.031796] (picas_example_mt) StdoutLine: {'line': b'-- Installing: /home/yfu/projects/ros2-picas/install/picas_example_mt/share/picas_example_mt/package.dsv\n'}
[2.031933] (picas_example_mt) StdoutLine: {'line': b'-- Up-to-date: /home/yfu/projects/ros2-picas/install/picas_example_mt/share/ament_index/resource_index/packages/picas_example_mt\n'}
[2.032069] (picas_example_mt) StdoutLine: {'line': b'-- Up-to-date: /home/yfu/projects/ros2-picas/install/picas_example_mt/share/picas_example_mt/cmake/picas_example_mtConfig.cmake\n'}
[2.032230] (picas_example_mt) StdoutLine: {'line': b'-- Up-to-date: /home/yfu/projects/ros2-picas/install/picas_example_mt/share/picas_example_mt/cmake/picas_example_mtConfig-version.cmake\n'}
[2.032372] (picas_example_mt) StdoutLine: {'line': b'-- Up-to-date: /home/yfu/projects/ros2-picas/install/picas_example_mt/share/picas_example_mt/package.xml\n'}
[2.037457] (picas_example_mt) CommandEnded: {'returncode': 0}
[2.106965] (-) TimerEvent: {}
[2.126268] (picas_example_mt) JobEnded: {'identifier': 'picas_example_mt', 'rc': 0}
[2.207118] (-) TimerEvent: {}
[2.308024] (-) TimerEvent: {}
[2.409165] (-) TimerEvent: {}
[2.510276] (-) TimerEvent: {}
[2.611325] (-) TimerEvent: {}
[2.712428] (-) TimerEvent: {}
[2.927962] (-) TimerEvent: {}
[3.029060] (-) TimerEvent: {}
[3.130167] (-) TimerEvent: {}
[3.231336] (-) TimerEvent: {}
[3.332464] (-) TimerEvent: {}
[3.433588] (-) TimerEvent: {}
[3.534745] (-) TimerEvent: {}
[3.635878] (-) TimerEvent: {}
[3.737048] (-) TimerEvent: {}
[3.838208] (-) TimerEvent: {}
[3.939311] (-) TimerEvent: {}
[4.040479] (-) TimerEvent: {}
[4.141596] (-) TimerEvent: {}
[4.242720] (-) TimerEvent: {}
[4.343838] (-) TimerEvent: {}
[4.445010] (-) TimerEvent: {}
[4.546128] (-) TimerEvent: {}
[4.647202] (-) TimerEvent: {}
[4.748298] (-) TimerEvent: {}
[4.849410] (-) TimerEvent: {}
[4.950534] (-) TimerEvent: {}
[5.051701] (-) TimerEvent: {}
[5.152820] (-) TimerEvent: {}
[5.253915] (-) TimerEvent: {}
[5.355044] (-) TimerEvent: {}
[5.456148] (-) TimerEvent: {}
[5.557310] (-) TimerEvent: {}
[5.658425] (-) TimerEvent: {}
[5.759550] (-) TimerEvent: {}
[5.860671] (-) TimerEvent: {}
[5.961767] (-) TimerEvent: {}
[6.062878] (-) TimerEvent: {}
[6.163968] (-) TimerEvent: {}
[6.265104] (-) TimerEvent: {}
[6.366222] (-) TimerEvent: {}
[6.467307] (-) TimerEvent: {}
[6.568445] (-) TimerEvent: {}
[6.669512] (-) TimerEvent: {}
[6.770603] (-) TimerEvent: {}
[6.871711] (-) TimerEvent: {}
[6.972852] (-) TimerEvent: {}
[7.073971] (-) TimerEvent: {}
[7.118722] (picas_example) StderrLine: {'line': b'In file included from \x1b[01m\x1b[K/home/yfu/projects/ros2-picas/install/rclcpp/include/rclcpp/client.hpp:40\x1b[m\x1b[K,\n'}
[7.119700] (picas_example) StderrLine: {'line': b'                 from \x1b[01m\x1b[K/home/yfu/projects/ros2-picas/install/rclcpp/include/rclcpp/callback_group.hpp:23\x1b[m\x1b[K,\n'}
[7.119906] (picas_example) StderrLine: {'line': b'                 from \x1b[01m\x1b[K/home/yfu/projects/ros2-picas/install/rclcpp/include/rclcpp/any_executable.hpp:20\x1b[m\x1b[K,\n'}
[7.120064] (picas_example) StderrLine: {'line': b'                 from \x1b[01m\x1b[K/home/yfu/projects/ros2-picas/install/rclcpp/include/rclcpp/memory_strategy.hpp:25\x1b[m\x1b[K,\n'}
[7.120213] (picas_example) StderrLine: {'line': b'                 from \x1b[01m\x1b[K/home/yfu/projects/ros2-picas/install/rclcpp/include/rclcpp/memory_strategies.hpp:18\x1b[m\x1b[K,\n'}
[7.120356] (picas_example) StderrLine: {'line': b'                 from \x1b[01m\x1b[K/home/yfu/projects/ros2-picas/install/rclcpp/include/rclcpp/executor_options.hpp:20\x1b[m\x1b[K,\n'}
[7.120572] (picas_example) StderrLine: {'line': b'                 from \x1b[01m\x1b[K/home/yfu/projects/ros2-picas/install/rclcpp/include/rclcpp/executor.hpp:36\x1b[m\x1b[K,\n'}
[7.120723] (picas_example) StderrLine: {'line': b'                 from \x1b[01m\x1b[K/home/yfu/projects/ros2-picas/install/rclcpp/include/rclcpp/executors/multi_threaded_executor.hpp:26\x1b[m\x1b[K,\n'}
[7.120893] (picas_example) StderrLine: {'line': b'                 from \x1b[01m\x1b[K/home/yfu/projects/ros2-picas/install/rclcpp/include/rclcpp/executors.hpp:21\x1b[m\x1b[K,\n'}
[7.121027] (picas_example) StderrLine: {'line': b'                 from \x1b[01m\x1b[K/home/yfu/projects/ros2-picas/install/rclcpp/include/rclcpp/rclcpp.hpp:156\x1b[m\x1b[K,\n'}
[7.121157] (picas_example) StderrLine: {'line': b'                 from \x1b[01m\x1b[K/home/yfu/projects/ros2-picas/ros2-picas-example/picas_example/src/sstest.cpp:19\x1b[m\x1b[K:\n'}
[7.121283] (picas_example) StderrLine: {'line': b'\x1b[01m\x1b[K/home/yfu/projects/ros2-picas/ros2-picas-example/picas_example/src/sstest.cpp:\x1b[m\x1b[K In member function \xe2\x80\x98\x1b[01m\x1b[Kvoid StartNode::timer_callback()\x1b[m\x1b[K\xe2\x80\x99:\n'}
[7.121415] (picas_example) StderrLine: {'line': b'\x1b[01m\x1b[K/home/yfu/projects/ros2-picas/ros2-picas-example/picas_example/src/sstest.cpp:107:97:\x1b[m\x1b[K \x1b[01;31m\x1b[Kerror: \x1b[m\x1b[K\xe2\x80\x98\x1b[01m\x1b[Kpriority\x1b[m\x1b[K\xe2\x80\x99 was not declared in this scope\n'}
[7.121555] (picas_example) StderrLine: {'line': b'  107 |         RCLCPP_INFO(this->get_logger(), ("callback: " + name + " , priority: " + std::to_string(\x1b[01;31m\x1b[Kpriority\x1b[m\x1b[K)).c_str());\n'}
[7.121685] (picas_example) StderrLine: {'line': b'      |                                                                                                 \x1b[01;31m\x1b[K^~~~~~~~\x1b[m\x1b[K\n'}
[7.174161] (-) TimerEvent: {}
[7.275234] (-) TimerEvent: {}
[7.376365] (-) TimerEvent: {}
[7.477490] (-) TimerEvent: {}
[7.578587] (-) TimerEvent: {}
[7.679709] (-) TimerEvent: {}
[7.780821] (-) TimerEvent: {}
[7.881999] (-) TimerEvent: {}
[7.983102] (-) TimerEvent: {}
[8.084237] (-) TimerEvent: {}
[8.185371] (-) TimerEvent: {}
[8.286494] (-) TimerEvent: {}
[8.387611] (-) TimerEvent: {}
[8.488704] (-) TimerEvent: {}
[8.589772] (-) TimerEvent: {}
[8.690861] (-) TimerEvent: {}
[8.791965] (-) TimerEvent: {}
[8.893095] (-) TimerEvent: {}
[8.994220] (-) TimerEvent: {}
[9.095312] (-) TimerEvent: {}
[9.196450] (-) TimerEvent: {}
[9.297537] (-) TimerEvent: {}
[9.398624] (-) TimerEvent: {}
[9.499753] (-) TimerEvent: {}
[9.613226] (-) TimerEvent: {}
[9.717354] (picas_example) StderrLine: {'line': b'make[2]: *** [CMakeFiles/sstest.dir/build.make:63: CMakeFiles/sstest.dir/src/sstest.cpp.o] Error 1\n'}
[9.718248] (-) TimerEvent: {}
[9.718933] (picas_example) StderrLine: {'line': b'make[1]: *** [CMakeFiles/Makefile2:136: CMakeFiles/sstest.dir/all] Error 2\n'}
[9.719406] (picas_example) StderrLine: {'line': b'make: *** [Makefile:141: all] Error 2\n'}
[9.725954] (picas_example) CommandEnded: {'returncode': 2}
[9.752356] (picas_example) JobEnded: {'identifier': 'picas_example', 'rc': 2}
[9.755628] (-) EventReactorShutdown: {}
