[0.000000] (-) TimerEvent: {}
[0.000674] (test_msgs) JobQueued: {'identifier': 'test_msgs', 'dependencies': OrderedDict()}
[0.001040] (rclcpp) JobQueued: {'identifier': 'rclcpp', 'dependencies': OrderedDict([('test_msgs', '/home/yfu/projects/ros2-picas/install/test_msgs')])}
[0.001286] (trace_picas) JobQueued: {'identifier': 'trace_picas', 'dependencies': OrderedDict([('test_msgs', '/home/yfu/projects/ros2-picas/install/test_msgs'), ('rclcpp', '/home/yfu/projects/ros2-picas/install/rclcpp')])}
[0.001793] (picas_example) JobQueued: {'identifier': 'picas_example', 'dependencies': OrderedDict([('test_msgs', '/home/yfu/projects/ros2-picas/install/test_msgs'), ('rclcpp', '/home/yfu/projects/ros2-picas/install/rclcpp'), ('trace_picas', '/home/yfu/projects/ros2-picas/install/trace_picas')])}
[0.002096] (picas_example_mt) JobQueued: {'identifier': 'picas_example_mt', 'dependencies': OrderedDict([('test_msgs', '/home/yfu/projects/ros2-picas/install/test_msgs'), ('rclcpp', '/home/yfu/projects/ros2-picas/install/rclcpp'), ('trace_picas', '/home/yfu/projects/ros2-picas/install/trace_picas')])}
[0.002447] (test_msgs) JobStarted: {'identifier': 'test_msgs'}
[0.028567] (test_msgs) JobProgress: {'identifier': 'test_msgs', 'progress': 'cmake'}
[0.030389] (test_msgs) JobProgress: {'identifier': 'test_msgs', 'progress': 'build'}
[0.032132] (test_msgs) Command: {'cmd': ['/usr/bin/cmake', '--build', '/home/yfu/projects/ros2-picas/build/test_msgs', '--', '-j6', '-l6'], 'cwd': '/home/yfu/projects/ros2-picas/build/test_msgs', 'env': OrderedDict([('LESSOPEN', '| /usr/bin/lesspipe %s'), ('CONDA_PROMPT_MODIFIER', '(base)'), ('USER', 'yfu'), ('SSH_CLIENT', '172.19.37.200 13487 22'), ('XDG_SESSION_TYPE', 'tty'), ('SHLVL', '1'), ('LD_LIBRARY_PATH', '/home/yfu/projects/ros2-picas/install/trace_picas/lib:/home/yfu/projects/ros2-picas/install/test_msgs/lib:/home/yfu/projects/ros2-picas/install/rclcpp/lib:/opt/ros/galactic/opt/yaml_cpp_vendor/lib:/opt/ros/galactic/lib/aarch64-linux-gnu:/opt/ros/galactic/lib'), ('MOTD_SHOWN', 'pam'), ('HOME', '/home/yfu'), ('CONDA_SHLVL', '1'), ('OLDPWD', '/home/yfu/projects'), ('SSH_TTY', '/dev/pts/0'), ('JETSON_L4T', '35.4.1'), ('ROS_PYTHON_VERSION', '3'), ('JETSON_MODEL', 'NVIDIA Orin Nano Developer Kit'), ('DBUS_SESSION_BUS_ADDRESS', 'unix:path=/run/user/1001/bus'), ('COLCON_PREFIX_PATH', '/home/yfu/projects/ros2-picas/install'), ('ROS_DISTRO', 'galactic'), ('LOGNAME', 'yfu'), ('JETSON_MODULE', 'NVIDIA Jetson Orin Nano (Developer kit)'), ('JETSON_SERIAL_NUMBER', '1421523024361'), ('_', '/usr/bin/colcon'), ('ROS_VERSION', '2'), ('JETSON_CODENAME', 'P3768'), ('XDG_SESSION_CLASS', 'user'), ('TERM', 'xterm'), ('XDG_SESSION_ID', '656'), ('ROS_LOCALHOST_ONLY', '0'), ('PATH', '/usr/bin:/home/yfu/.local/bin:/opt/ros/galactic/bin:/home/yfu/Miniconda/ENTER/bin:/home/yfu/Miniconda/ENTER/condabin:$/home/yfu/Miniconda/ENTER/bin:/usr/local/sbin:/usr/local/bin:/usr/sbin:/usr/bin:/sbin:/bin:/usr/games:/usr/local/games:/snap/bin'), ('XDG_RUNTIME_DIR', '/run/user/1001'), ('DISPLAY', 'localhost:10.0'), ('LANG', 'en_US.UTF-8'), ('LS_COLORS', 'rs=0:di=01;34:ln=01;36:mh=00:pi=40;33:so=01;35:do=01;35:bd=40;33;01:cd=40;33;01:or=40;31;01:mi=00:su=37;41:sg=30;43:ca=30;41:tw=30;42:ow=34;42:st=37;44:ex=01;32:*.tar=01;31:*.tgz=01;31:*.arc=01;31:*.arj=01;31:*.taz=01;31:*.lha=01;31:*.lz4=01;31:*.lzh=01;31:*.lzma=01;31:*.tlz=01;31:*.txz=01;31:*.tzo=01;31:*.t7z=01;31:*.zip=01;31:*.z=01;31:*.dz=01;31:*.gz=01;31:*.lrz=01;31:*.lz=01;31:*.lzo=01;31:*.xz=01;31:*.zst=01;31:*.tzst=01;31:*.bz2=01;31:*.bz=01;31:*.tbz=01;31:*.tbz2=01;31:*.tz=01;31:*.deb=01;31:*.rpm=01;31:*.jar=01;31:*.war=01;31:*.ear=01;31:*.sar=01;31:*.rar=01;31:*.alz=01;31:*.ace=01;31:*.zoo=01;31:*.cpio=01;31:*.7z=01;31:*.rz=01;31:*.cab=01;31:*.wim=01;31:*.swm=01;31:*.dwm=01;31:*.esd=01;31:*.jpg=01;35:*.jpeg=01;35:*.mjpg=01;35:*.mjpeg=01;35:*.gif=01;35:*.bmp=01;35:*.pbm=01;35:*.pgm=01;35:*.ppm=01;35:*.tga=01;35:*.xbm=01;35:*.xpm=01;35:*.tif=01;35:*.tiff=01;35:*.png=01;35:*.svg=01;35:*.svgz=01;35:*.mng=01;35:*.pcx=01;35:*.mov=01;35:*.mpg=01;35:*.mpeg=01;35:*.m2v=01;35:*.mkv=01;35:*.webm=01;35:*.ogm=01;35:*.mp4=01;35:*.m4v=01;35:*.mp4v=01;35:*.vob=01;35:*.qt=01;35:*.nuv=01;35:*.wmv=01;35:*.asf=01;35:*.rm=01;35:*.rmvb=01;35:*.flc=01;35:*.avi=01;35:*.fli=01;35:*.flv=01;35:*.gl=01;35:*.dl=01;35:*.xcf=01;35:*.xwd=01;35:*.yuv=01;35:*.cgm=01;35:*.emf=01;35:*.ogv=01;35:*.ogx=01;35:*.aac=00;36:*.au=00;36:*.flac=00;36:*.m4a=00;36:*.mid=00;36:*.midi=00;36:*.mka=00;36:*.mp3=00;36:*.mpc=00;36:*.ogg=00;36:*.ra=00;36:*.wav=00;36:*.oga=00;36:*.opus=00;36:*.spx=00;36:*.xspf=00;36:'), ('JETSON_SOC', 'tegra23x'), ('AMENT_PREFIX_PATH', '/home/yfu/projects/ros2-picas/install/picas_example_mt:/home/yfu/projects/ros2-picas/install/picas_example:/home/yfu/projects/ros2-picas/install/trace_picas:/home/yfu/projects/ros2-picas/install/test_msgs:/home/yfu/projects/ros2-picas/install/rclcpp:/opt/ros/galactic'), ('CONDA_PYTHON_EXE', '/home/yfu/Miniconda/ENTER/bin/python'), ('SHELL', '/bin/bash'), ('LESSCLOSE', '/usr/bin/lesspipe %s %s'), ('CONDA_DEFAULT_ENV', 'base'), ('JETSON_CUDA_ARCH_BIN', '8.7'), ('PWD', '/home/yfu/projects/ros2-picas/build/test_msgs'), ('CONDA_EXE', '/home/yfu/Miniconda/ENTER/bin/conda'), ('SSH_CONNECTION', '172.19.37.200 13487 192.168.0.226 22'), ('XDG_DATA_DIRS', '/usr/local/share:/usr/share:/var/lib/snapd/desktop'), ('PYTHONPATH', '/home/yfu/projects/ros2-picas/install/test_msgs/lib/python3.8/site-packages:/opt/ros/galactic/lib/python3.8/site-packages'), ('CONDA_PREFIX', '/home/yfu/Miniconda/ENTER'), ('COLCON', '1'), ('JETSON_JETPACK', '5.1.2'), ('CMAKE_PREFIX_PATH', '/home/yfu/projects/ros2-picas/install/picas_example_mt:/home/yfu/projects/ros2-picas/install/picas_example:/home/yfu/projects/ros2-picas/install/trace_picas:/home/yfu/projects/ros2-picas/install/test_msgs:/home/yfu/projects/ros2-picas/install/rclcpp:/opt/ros/galactic'), ('JETSON_P_NUMBER', 'p3767-0005')]), 'shell': False}
[0.099237] (-) TimerEvent: {}
[0.162230] (test_msgs) StdoutLine: {'line': b'[  8%] Built target test_msgs__cpp\n'}
[0.163108] (test_msgs) StdoutLine: {'line': b'[ 17%] Built target test_msgs__rosidl_generator_c\n'}
[0.199464] (-) TimerEvent: {}
[0.218096] (test_msgs) StdoutLine: {'line': b'[ 45%] Built target test_msgs__rosidl_typesupport_introspection_cpp\n'}
[0.218898] (test_msgs) StdoutLine: {'line': b'[ 45%] Built target test_msgs__rosidl_typesupport_introspection_c\n'}
[0.274785] (test_msgs) StdoutLine: {'line': b'[ 60%] Built target test_msgs__rosidl_typesupport_c\n'}
[0.278939] (test_msgs) StdoutLine: {'line': b'[ 74%] Built target test_msgs__rosidl_typesupport_cpp\n'}
[0.299603] (-) TimerEvent: {}
[0.326788] (test_msgs) StdoutLine: {'line': b'[ 74%] Built target test_msgs\n'}
[0.375863] (test_msgs) StdoutLine: {'line': b'[ 77%] Built target test_msgs__py\n'}
[0.399930] (-) TimerEvent: {}
[0.437420] (test_msgs) StdoutLine: {'line': b'[ 88%] Built target test_msgs__python\n'}
[0.500260] (test_msgs) StdoutLine: {'line': b'[100%] Built target test_msgs__rosidl_typesupport_introspection_c__pyext\n'}
[0.501193] (-) TimerEvent: {}
[0.501621] (test_msgs) StdoutLine: {'line': b'[100%] Built target test_msgs__rosidl_typesupport_c__pyext\n'}
[0.539643] (test_msgs) CommandEnded: {'returncode': 0}
[0.542977] (test_msgs) JobProgress: {'identifier': 'test_msgs', 'progress': 'install'}
[0.580640] (test_msgs) Command: {'cmd': ['/usr/bin/cmake', '--install', '/home/yfu/projects/ros2-picas/build/test_msgs'], 'cwd': '/home/yfu/projects/ros2-picas/build/test_msgs', 'env': OrderedDict([('LESSOPEN', '| /usr/bin/lesspipe %s'), ('CONDA_PROMPT_MODIFIER', '(base)'), ('USER', 'yfu'), ('SSH_CLIENT', '172.19.37.200 13487 22'), ('XDG_SESSION_TYPE', 'tty'), ('SHLVL', '1'), ('LD_LIBRARY_PATH', '/home/yfu/projects/ros2-picas/install/trace_picas/lib:/home/yfu/projects/ros2-picas/install/test_msgs/lib:/home/yfu/projects/ros2-picas/install/rclcpp/lib:/opt/ros/galactic/opt/yaml_cpp_vendor/lib:/opt/ros/galactic/lib/aarch64-linux-gnu:/opt/ros/galactic/lib'), ('MOTD_SHOWN', 'pam'), ('HOME', '/home/yfu'), ('CONDA_SHLVL', '1'), ('OLDPWD', '/home/yfu/projects'), ('SSH_TTY', '/dev/pts/0'), ('JETSON_L4T', '35.4.1'), ('ROS_PYTHON_VERSION', '3'), ('JETSON_MODEL', 'NVIDIA Orin Nano Developer Kit'), ('DBUS_SESSION_BUS_ADDRESS', 'unix:path=/run/user/1001/bus'), ('COLCON_PREFIX_PATH', '/home/yfu/projects/ros2-picas/install'), ('ROS_DISTRO', 'galactic'), ('LOGNAME', 'yfu'), ('JETSON_MODULE', 'NVIDIA Jetson Orin Nano (Developer kit)'), ('JETSON_SERIAL_NUMBER', '1421523024361'), ('_', '/usr/bin/colcon'), ('ROS_VERSION', '2'), ('JETSON_CODENAME', 'P3768'), ('XDG_SESSION_CLASS', 'user'), ('TERM', 'xterm'), ('XDG_SESSION_ID', '656'), ('ROS_LOCALHOST_ONLY', '0'), ('PATH', '/usr/bin:/home/yfu/.local/bin:/opt/ros/galactic/bin:/home/yfu/Miniconda/ENTER/bin:/home/yfu/Miniconda/ENTER/condabin:$/home/yfu/Miniconda/ENTER/bin:/usr/local/sbin:/usr/local/bin:/usr/sbin:/usr/bin:/sbin:/bin:/usr/games:/usr/local/games:/snap/bin'), ('XDG_RUNTIME_DIR', '/run/user/1001'), ('DISPLAY', 'localhost:10.0'), ('LANG', 'en_US.UTF-8'), ('LS_COLORS', 'rs=0:di=01;34:ln=01;36:mh=00:pi=40;33:so=01;35:do=01;35:bd=40;33;01:cd=40;33;01:or=40;31;01:mi=00:su=37;41:sg=30;43:ca=30;41:tw=30;42:ow=34;42:st=37;44:ex=01;32:*.tar=01;31:*.tgz=01;31:*.arc=01;31:*.arj=01;31:*.taz=01;31:*.lha=01;31:*.lz4=01;31:*.lzh=01;31:*.lzma=01;31:*.tlz=01;31:*.txz=01;31:*.tzo=01;31:*.t7z=01;31:*.zip=01;31:*.z=01;31:*.dz=01;31:*.gz=01;31:*.lrz=01;31:*.lz=01;31:*.lzo=01;31:*.xz=01;31:*.zst=01;31:*.tzst=01;31:*.bz2=01;31:*.bz=01;31:*.tbz=01;31:*.tbz2=01;31:*.tz=01;31:*.deb=01;31:*.rpm=01;31:*.jar=01;31:*.war=01;31:*.ear=01;31:*.sar=01;31:*.rar=01;31:*.alz=01;31:*.ace=01;31:*.zoo=01;31:*.cpio=01;31:*.7z=01;31:*.rz=01;31:*.cab=01;31:*.wim=01;31:*.swm=01;31:*.dwm=01;31:*.esd=01;31:*.jpg=01;35:*.jpeg=01;35:*.mjpg=01;35:*.mjpeg=01;35:*.gif=01;35:*.bmp=01;35:*.pbm=01;35:*.pgm=01;35:*.ppm=01;35:*.tga=01;35:*.xbm=01;35:*.xpm=01;35:*.tif=01;35:*.tiff=01;35:*.png=01;35:*.svg=01;35:*.svgz=01;35:*.mng=01;35:*.pcx=01;35:*.mov=01;35:*.mpg=01;35:*.mpeg=01;35:*.m2v=01;35:*.mkv=01;35:*.webm=01;35:*.ogm=01;35:*.mp4=01;35:*.m4v=01;35:*.mp4v=01;35:*.vob=01;35:*.qt=01;35:*.nuv=01;35:*.wmv=01;35:*.asf=01;35:*.rm=01;35:*.rmvb=01;35:*.flc=01;35:*.avi=01;35:*.fli=01;35:*.flv=01;35:*.gl=01;35:*.dl=01;35:*.xcf=01;35:*.xwd=01;35:*.yuv=01;35:*.cgm=01;35:*.emf=01;35:*.ogv=01;35:*.ogx=01;35:*.aac=00;36:*.au=00;36:*.flac=00;36:*.m4a=00;36:*.mid=00;36:*.midi=00;36:*.mka=00;36:*.mp3=00;36:*.mpc=00;36:*.ogg=00;36:*.ra=00;36:*.wav=00;36:*.oga=00;36:*.opus=00;36:*.spx=00;36:*.xspf=00;36:'), ('JETSON_SOC', 'tegra23x'), ('AMENT_PREFIX_PATH', '/home/yfu/projects/ros2-picas/install/picas_example_mt:/home/yfu/projects/ros2-picas/install/picas_example:/home/yfu/projects/ros2-picas/install/trace_picas:/home/yfu/projects/ros2-picas/install/test_msgs:/home/yfu/projects/ros2-picas/install/rclcpp:/opt/ros/galactic'), ('CONDA_PYTHON_EXE', '/home/yfu/Miniconda/ENTER/bin/python'), ('SHELL', '/bin/bash'), ('LESSCLOSE', '/usr/bin/lesspipe %s %s'), ('CONDA_DEFAULT_ENV', 'base'), ('JETSON_CUDA_ARCH_BIN', '8.7'), ('PWD', '/home/yfu/projects/ros2-picas/build/test_msgs'), ('CONDA_EXE', '/home/yfu/Miniconda/ENTER/bin/conda'), ('SSH_CONNECTION', '172.19.37.200 13487 192.168.0.226 22'), ('XDG_DATA_DIRS', '/usr/local/share:/usr/share:/var/lib/snapd/desktop'), ('PYTHONPATH', '/home/yfu/projects/ros2-picas/install/test_msgs/lib/python3.8/site-packages:/opt/ros/galactic/lib/python3.8/site-packages'), ('CONDA_PREFIX', '/home/yfu/Miniconda/ENTER'), ('COLCON', '1'), ('JETSON_JETPACK', '5.1.2'), ('CMAKE_PREFIX_PATH', '/home/yfu/projects/ros2-picas/install/picas_example_mt:/home/yfu/projects/ros2-picas/install/picas_example:/home/yfu/projects/ros2-picas/install/trace_picas:/home/yfu/projects/ros2-picas/install/test_msgs:/home/yfu/projects/ros2-picas/install/rclcpp:/opt/ros/galactic'), ('JETSON_P_NUMBER', 'p3767-0005')]), 'shell': False}
[0.601456] (-) TimerEvent: {}
[0.615149] (test_msgs) StdoutLine: {'line': b'-- Install configuration: ""\n'}
[0.616021] (test_msgs) StdoutLine: {'line': b'-- Up-to-date: /home/yfu/projects/ros2-picas/install/test_msgs/share/ament_index/resource_index/rosidl_interfaces/test_msgs\n'}
[0.616505] (test_msgs) StdoutLine: {'line': b'-- Up-to-date: /home/yfu/projects/ros2-picas/install/test_msgs/include/test_msgs\n'}
[0.616779] (test_msgs) StdoutLine: {'line': b'-- Up-to-date: /home/yfu/projects/ros2-picas/install/test_msgs/include/test_msgs/msg\n'}
[0.617008] (test_msgs) StdoutLine: {'line': b'-- Up-to-date: /home/yfu/projects/ros2-picas/install/test_msgs/include/test_msgs/msg/u_time.h\n'}
[0.617165] (test_msgs) StdoutLine: {'line': b'-- Up-to-date: /home/yfu/projects/ros2-picas/install/test_msgs/include/test_msgs/msg/task_data.h\n'}
[0.617312] (test_msgs) StdoutLine: {'line': b'-- Up-to-date: /home/yfu/projects/ros2-picas/install/test_msgs/include/test_msgs/msg/rosidl_generator_c__visibility_control.h\n'}
[0.617518] (test_msgs) StdoutLine: {'line': b'-- Up-to-date: /home/yfu/projects/ros2-picas/install/test_msgs/include/test_msgs/msg/detail\n'}
[0.617663] (test_msgs) StdoutLine: {'line': b'-- Up-to-date: /home/yfu/projects/ros2-picas/install/test_msgs/include/test_msgs/msg/detail/u_time__functions.c\n'}
[0.617869] (test_msgs) StdoutLine: {'line': b'-- Up-to-date: /home/yfu/projects/ros2-picas/install/test_msgs/include/test_msgs/msg/detail/u_time__functions.h\n'}
[0.618214] (test_msgs) StdoutLine: {'line': b'-- Up-to-date: /home/yfu/projects/ros2-picas/install/test_msgs/include/test_msgs/msg/detail/test_string__functions.c\n'}
[0.618503] (test_msgs) StdoutLine: {'line': b'-- Up-to-date: /home/yfu/projects/ros2-picas/install/test_msgs/include/test_msgs/msg/detail/task_data__type_support.h\n'}
[0.618649] (test_msgs) StdoutLine: {'line': b'-- Up-to-date: /home/yfu/projects/ros2-picas/install/test_msgs/include/test_msgs/msg/detail/task_data__functions.c\n'}
[0.618834] (test_msgs) StdoutLine: {'line': b'-- Up-to-date: /home/yfu/projects/ros2-picas/install/test_msgs/include/test_msgs/msg/detail/test_string__type_support.h\n'}
[0.618980] (test_msgs) StdoutLine: {'line': b'-- Up-to-date: /home/yfu/projects/ros2-picas/install/test_msgs/include/test_msgs/msg/detail/test_string__functions.h\n'}
[0.619115] (test_msgs) StdoutLine: {'line': b'-- Up-to-date: /home/yfu/projects/ros2-picas/install/test_msgs/include/test_msgs/msg/detail/u_time__struct.h\n'}
[0.619253] (test_msgs) StdoutLine: {'line': b'-- Up-to-date: /home/yfu/projects/ros2-picas/install/test_msgs/include/test_msgs/msg/detail/task_data__struct.h\n'}
[0.619390] (test_msgs) StdoutLine: {'line': b'-- Up-to-date: /home/yfu/projects/ros2-picas/install/test_msgs/include/test_msgs/msg/detail/task_data__functions.h\n'}
[0.619616] (test_msgs) StdoutLine: {'line': b'-- Up-to-date: /home/yfu/projects/ros2-picas/install/test_msgs/include/test_msgs/msg/detail/u_time__type_support.h\n'}
[0.619769] (test_msgs) StdoutLine: {'line': b'-- Up-to-date: /home/yfu/projects/ros2-picas/install/test_msgs/include/test_msgs/msg/detail/test_string__struct.h\n'}
[0.620007] (test_msgs) StdoutLine: {'line': b'-- Up-to-date: /home/yfu/projects/ros2-picas/install/test_msgs/include/test_msgs/msg/test_string.h\n'}
[0.620341] (test_msgs) StdoutLine: {'line': b'-- Up-to-date: /home/yfu/projects/ros2-picas/install/test_msgs/share/test_msgs/environment/library_path.sh\n'}
[0.620746] (test_msgs) StdoutLine: {'line': b'-- Up-to-date: /home/yfu/projects/ros2-picas/install/test_msgs/share/test_msgs/environment/library_path.dsv\n'}
[0.620982] (test_msgs) StdoutLine: {'line': b'-- Up-to-date: /home/yfu/projects/ros2-picas/install/test_msgs/lib/libtest_msgs__rosidl_generator_c.so\n'}
[0.621319] (test_msgs) StdoutLine: {'line': b'-- Up-to-date: /home/yfu/projects/ros2-picas/install/test_msgs/include/test_msgs\n'}
[0.621546] (test_msgs) StdoutLine: {'line': b'-- Up-to-date: /home/yfu/projects/ros2-picas/install/test_msgs/include/test_msgs/msg\n'}
[0.621698] (test_msgs) StdoutLine: {'line': b'-- Up-to-date: /home/yfu/projects/ros2-picas/install/test_msgs/include/test_msgs/msg/rosidl_typesupport_introspection_c__visibility_control.h\n'}
[0.621899] (test_msgs) StdoutLine: {'line': b'-- Up-to-date: /home/yfu/projects/ros2-picas/install/test_msgs/include/test_msgs/msg/detail\n'}
[0.622045] (test_msgs) StdoutLine: {'line': b'-- Up-to-date: /home/yfu/projects/ros2-picas/install/test_msgs/include/test_msgs/msg/detail/task_data__type_support.c\n'}
[0.622209] (test_msgs) StdoutLine: {'line': b'-- Up-to-date: /home/yfu/projects/ros2-picas/install/test_msgs/include/test_msgs/msg/detail/u_time__type_support.c\n'}
[0.622351] (test_msgs) StdoutLine: {'line': b'-- Up-to-date: /home/yfu/projects/ros2-picas/install/test_msgs/include/test_msgs/msg/detail/test_string__type_support.c\n'}
[0.622544] (test_msgs) StdoutLine: {'line': b'-- Up-to-date: /home/yfu/projects/ros2-picas/install/test_msgs/include/test_msgs/msg/detail/test_string__rosidl_typesupport_introspection_c.h\n'}
[0.622682] (test_msgs) StdoutLine: {'line': b'-- Up-to-date: /home/yfu/projects/ros2-picas/install/test_msgs/include/test_msgs/msg/detail/u_time__rosidl_typesupport_introspection_c.h\n'}
[0.622857] (test_msgs) StdoutLine: {'line': b'-- Up-to-date: /home/yfu/projects/ros2-picas/install/test_msgs/include/test_msgs/msg/detail/task_data__rosidl_typesupport_introspection_c.h\n'}
[0.623104] (test_msgs) StdoutLine: {'line': b'-- Up-to-date: /home/yfu/projects/ros2-picas/install/test_msgs/lib/libtest_msgs__rosidl_typesupport_introspection_c.so\n'}
[0.623304] (test_msgs) StdoutLine: {'line': b'-- Up-to-date: /home/yfu/projects/ros2-picas/install/test_msgs/lib/libtest_msgs__rosidl_typesupport_c.so\n'}
[0.623442] (test_msgs) StdoutLine: {'line': b'-- Up-to-date: /home/yfu/projects/ros2-picas/install/test_msgs/include/test_msgs\n'}
[0.623669] (test_msgs) StdoutLine: {'line': b'-- Up-to-date: /home/yfu/projects/ros2-picas/install/test_msgs/include/test_msgs/msg\n'}
[0.623818] (test_msgs) StdoutLine: {'line': b'-- Up-to-date: /home/yfu/projects/ros2-picas/install/test_msgs/include/test_msgs/msg/u_time.hpp\n'}
[0.623962] (test_msgs) StdoutLine: {'line': b'-- Up-to-date: /home/yfu/projects/ros2-picas/install/test_msgs/include/test_msgs/msg/detail\n'}
[0.624096] (test_msgs) StdoutLine: {'line': b'-- Up-to-date: /home/yfu/projects/ros2-picas/install/test_msgs/include/test_msgs/msg/detail/task_data__struct.hpp\n'}
[0.624231] (test_msgs) StdoutLine: {'line': b'-- Up-to-date: /home/yfu/projects/ros2-picas/install/test_msgs/include/test_msgs/msg/detail/task_data__traits.hpp\n'}
[0.624364] (test_msgs) StdoutLine: {'line': b'-- Up-to-date: /home/yfu/projects/ros2-picas/install/test_msgs/include/test_msgs/msg/detail/u_time__traits.hpp\n'}
[0.624500] (test_msgs) StdoutLine: {'line': b'-- Up-to-date: /home/yfu/projects/ros2-picas/install/test_msgs/include/test_msgs/msg/detail/u_time__struct.hpp\n'}
[0.624632] (test_msgs) StdoutLine: {'line': b'-- Up-to-date: /home/yfu/projects/ros2-picas/install/test_msgs/include/test_msgs/msg/detail/test_string__struct.hpp\n'}
[0.624765] (test_msgs) StdoutLine: {'line': b'-- Up-to-date: /home/yfu/projects/ros2-picas/install/test_msgs/include/test_msgs/msg/detail/test_string__builder.hpp\n'}
[0.624897] (test_msgs) StdoutLine: {'line': b'-- Up-to-date: /home/yfu/projects/ros2-picas/install/test_msgs/include/test_msgs/msg/detail/test_string__traits.hpp\n'}
[0.625026] (test_msgs) StdoutLine: {'line': b'-- Up-to-date: /home/yfu/projects/ros2-picas/install/test_msgs/include/test_msgs/msg/detail/task_data__builder.hpp\n'}
[0.625153] (test_msgs) StdoutLine: {'line': b'-- Up-to-date: /home/yfu/projects/ros2-picas/install/test_msgs/include/test_msgs/msg/detail/u_time__builder.hpp\n'}
[0.625280] (test_msgs) StdoutLine: {'line': b'-- Up-to-date: /home/yfu/projects/ros2-picas/install/test_msgs/include/test_msgs/msg/test_string.hpp\n'}
[0.625414] (test_msgs) StdoutLine: {'line': b'-- Up-to-date: /home/yfu/projects/ros2-picas/install/test_msgs/include/test_msgs/msg/task_data.hpp\n'}
[0.625544] (test_msgs) StdoutLine: {'line': b'-- Up-to-date: /home/yfu/projects/ros2-picas/install/test_msgs/include/test_msgs\n'}
[0.625671] (test_msgs) StdoutLine: {'line': b'-- Up-to-date: /home/yfu/projects/ros2-picas/install/test_msgs/include/test_msgs/msg\n'}
[0.625801] (test_msgs) StdoutLine: {'line': b'-- Up-to-date: /home/yfu/projects/ros2-picas/install/test_msgs/include/test_msgs/msg/detail\n'}
[0.625928] (test_msgs) StdoutLine: {'line': b'-- Up-to-date: /home/yfu/projects/ros2-picas/install/test_msgs/include/test_msgs/msg/detail/test_string__type_support.cpp\n'}
[0.626084] (test_msgs) StdoutLine: {'line': b'-- Up-to-date: /home/yfu/projects/ros2-picas/install/test_msgs/include/test_msgs/msg/detail/u_time__rosidl_typesupport_introspection_cpp.hpp\n'}
[0.626223] (test_msgs) StdoutLine: {'line': b'-- Up-to-date: /home/yfu/projects/ros2-picas/install/test_msgs/include/test_msgs/msg/detail/test_string__rosidl_typesupport_introspection_cpp.hpp\n'}
[0.626364] (test_msgs) StdoutLine: {'line': b'-- Up-to-date: /home/yfu/projects/ros2-picas/install/test_msgs/include/test_msgs/msg/detail/task_data__rosidl_typesupport_introspection_cpp.hpp\n'}
[0.626521] (test_msgs) StdoutLine: {'line': b'-- Up-to-date: /home/yfu/projects/ros2-picas/install/test_msgs/include/test_msgs/msg/detail/u_time__type_support.cpp\n'}
[0.626658] (test_msgs) StdoutLine: {'line': b'-- Up-to-date: /home/yfu/projects/ros2-picas/install/test_msgs/include/test_msgs/msg/detail/task_data__type_support.cpp\n'}
[0.626799] (test_msgs) StdoutLine: {'line': b'-- Up-to-date: /home/yfu/projects/ros2-picas/install/test_msgs/lib/libtest_msgs__rosidl_typesupport_introspection_cpp.so\n'}
[0.626936] (test_msgs) StdoutLine: {'line': b'-- Up-to-date: /home/yfu/projects/ros2-picas/install/test_msgs/lib/libtest_msgs__rosidl_typesupport_cpp.so\n'}
[0.627076] (test_msgs) StdoutLine: {'line': b'-- Up-to-date: /home/yfu/projects/ros2-picas/install/test_msgs/share/test_msgs/environment/pythonpath.sh\n'}
[0.627212] (test_msgs) StdoutLine: {'line': b'-- Up-to-date: /home/yfu/projects/ros2-picas/install/test_msgs/share/test_msgs/environment/pythonpath.dsv\n'}
[0.627344] (test_msgs) StdoutLine: {'line': b'-- Up-to-date: /home/yfu/projects/ros2-picas/install/test_msgs/lib/python3.8/site-packages/test_msgs/__init__.py\n'}
[0.697259] (test_msgs) StdoutLine: {'line': b'-- Up-to-date: /home/yfu/projects/ros2-picas/install/test_msgs/lib/python3.8/site-packages/test_msgs/msg\n'}
[0.698265] (test_msgs) StdoutLine: {'line': b'-- Up-to-date: /home/yfu/projects/ros2-picas/install/test_msgs/lib/python3.8/site-packages/test_msgs/msg/_test_string.py\n'}
[0.698663] (test_msgs) StdoutLine: {'line': b'-- Up-to-date: /home/yfu/projects/ros2-picas/install/test_msgs/lib/python3.8/site-packages/test_msgs/msg/_test_string_s.c\n'}
[0.698966] (test_msgs) StdoutLine: {'line': b'-- Up-to-date: /home/yfu/projects/ros2-picas/install/test_msgs/lib/python3.8/site-packages/test_msgs/msg/_task_data.py\n'}
[0.699261] (test_msgs) StdoutLine: {'line': b'-- Up-to-date: /home/yfu/projects/ros2-picas/install/test_msgs/lib/python3.8/site-packages/test_msgs/msg/_task_data_s.c\n'}
[0.699699] (test_msgs) StdoutLine: {'line': b'-- Up-to-date: /home/yfu/projects/ros2-picas/install/test_msgs/lib/python3.8/site-packages/test_msgs/msg/_u_time_s.c\n'}
[0.699914] (test_msgs) StdoutLine: {'line': b'-- Up-to-date: /home/yfu/projects/ros2-picas/install/test_msgs/lib/python3.8/site-packages/test_msgs/msg/__init__.py\n'}
[0.700088] (test_msgs) StdoutLine: {'line': b'-- Up-to-date: /home/yfu/projects/ros2-picas/install/test_msgs/lib/python3.8/site-packages/test_msgs/msg/_u_time.py\n'}
[0.700253] (test_msgs) StdoutLine: {'line': b'-- Up-to-date: /home/yfu/projects/ros2-picas/install/test_msgs/lib/python3.8/site-packages/test_msgs/test_msgs_s__rosidl_typesupport_introspection_c.cpython-38-aarch64-linux-gnu.so\n'}
[0.700467] (test_msgs) StdoutLine: {'line': b'-- Up-to-date: /home/yfu/projects/ros2-picas/install/test_msgs/lib/python3.8/site-packages/test_msgs/test_msgs_s__rosidl_typesupport_c.cpython-38-aarch64-linux-gnu.so\n'}
[0.700637] (test_msgs) StdoutLine: {'line': b'-- Up-to-date: /home/yfu/projects/ros2-picas/install/test_msgs/lib/libtest_msgs__python.so\n'}
[0.700854] (test_msgs) StdoutLine: {'line': b'-- Up-to-date: /home/yfu/projects/ros2-picas/install/test_msgs/share/test_msgs/msg/TestString.idl\n'}
[0.701049] (test_msgs) StdoutLine: {'line': b'-- Up-to-date: /home/yfu/projects/ros2-picas/install/test_msgs/share/test_msgs/msg/UTime.idl\n'}
[0.701268] (test_msgs) StdoutLine: {'line': b'-- Up-to-date: /home/yfu/projects/ros2-picas/install/test_msgs/share/test_msgs/msg/TaskData.idl\n'}
[0.701452] (-) TimerEvent: {}
[0.701893] (test_msgs) StdoutLine: {'line': b'-- Up-to-date: /home/yfu/projects/ros2-picas/install/test_msgs/share/test_msgs/msg/TestString.msg\n'}
[0.702260] (test_msgs) StdoutLine: {'line': b'-- Up-to-date: /home/yfu/projects/ros2-picas/install/test_msgs/share/test_msgs/msg/UTime.msg\n'}
[0.702577] (test_msgs) StdoutLine: {'line': b'-- Up-to-date: /home/yfu/projects/ros2-picas/install/test_msgs/share/test_msgs/msg/TaskData.msg\n'}
[0.702819] (test_msgs) StdoutLine: {'line': b'-- Up-to-date: /home/yfu/projects/ros2-picas/install/test_msgs/share/ament_index/resource_index/package_run_dependencies/test_msgs\n'}
[0.703006] (test_msgs) StdoutLine: {'line': b'-- Up-to-date: /home/yfu/projects/ros2-picas/install/test_msgs/share/ament_index/resource_index/parent_prefix_path/test_msgs\n'}
[0.703181] (test_msgs) StdoutLine: {'line': b'-- Up-to-date: /home/yfu/projects/ros2-picas/install/test_msgs/share/test_msgs/environment/ament_prefix_path.sh\n'}
[0.703349] (test_msgs) StdoutLine: {'line': b'-- Up-to-date: /home/yfu/projects/ros2-picas/install/test_msgs/share/test_msgs/environment/ament_prefix_path.dsv\n'}
[0.703557] (test_msgs) StdoutLine: {'line': b'-- Up-to-date: /home/yfu/projects/ros2-picas/install/test_msgs/share/test_msgs/environment/path.sh\n'}
[0.703732] (test_msgs) StdoutLine: {'line': b'-- Up-to-date: /home/yfu/projects/ros2-picas/install/test_msgs/share/test_msgs/environment/path.dsv\n'}
[0.703929] (test_msgs) StdoutLine: {'line': b'-- Up-to-date: /home/yfu/projects/ros2-picas/install/test_msgs/share/test_msgs/local_setup.bash\n'}
[0.704118] (test_msgs) StdoutLine: {'line': b'-- Up-to-date: /home/yfu/projects/ros2-picas/install/test_msgs/share/test_msgs/local_setup.sh\n'}
[0.704272] (test_msgs) StdoutLine: {'line': b'-- Up-to-date: /home/yfu/projects/ros2-picas/install/test_msgs/share/test_msgs/local_setup.zsh\n'}
[0.704482] (test_msgs) StdoutLine: {'line': b'-- Up-to-date: /home/yfu/projects/ros2-picas/install/test_msgs/share/test_msgs/local_setup.dsv\n'}
[0.704668] (test_msgs) StdoutLine: {'line': b'-- Installing: /home/yfu/projects/ros2-picas/install/test_msgs/share/test_msgs/package.dsv\n'}
[0.704863] (test_msgs) StdoutLine: {'line': b'-- Up-to-date: /home/yfu/projects/ros2-picas/install/test_msgs/share/ament_index/resource_index/packages/test_msgs\n'}
[0.705045] (test_msgs) StdoutLine: {'line': b'-- Up-to-date: /home/yfu/projects/ros2-picas/install/test_msgs/share/test_msgs/cmake/test_msgs__rosidl_generator_cExport.cmake\n'}
[0.705196] (test_msgs) StdoutLine: {'line': b'-- Up-to-date: /home/yfu/projects/ros2-picas/install/test_msgs/share/test_msgs/cmake/test_msgs__rosidl_generator_cExport-noconfig.cmake\n'}
[0.705378] (test_msgs) StdoutLine: {'line': b'-- Up-to-date: /home/yfu/projects/ros2-picas/install/test_msgs/share/test_msgs/cmake/test_msgs__rosidl_typesupport_introspection_cExport.cmake\n'}
[0.705530] (test_msgs) StdoutLine: {'line': b'-- Up-to-date: /home/yfu/projects/ros2-picas/install/test_msgs/share/test_msgs/cmake/test_msgs__rosidl_typesupport_introspection_cExport-noconfig.cmake\n'}
[0.705735] (test_msgs) StdoutLine: {'line': b'-- Up-to-date: /home/yfu/projects/ros2-picas/install/test_msgs/share/test_msgs/cmake/test_msgs__rosidl_typesupport_cExport.cmake\n'}
[0.705886] (test_msgs) StdoutLine: {'line': b'-- Up-to-date: /home/yfu/projects/ros2-picas/install/test_msgs/share/test_msgs/cmake/test_msgs__rosidl_typesupport_cExport-noconfig.cmake\n'}
[0.706065] (test_msgs) StdoutLine: {'line': b'-- Up-to-date: /home/yfu/projects/ros2-picas/install/test_msgs/share/test_msgs/cmake/test_msgs__rosidl_generator_cppExport.cmake\n'}
[0.706254] (test_msgs) StdoutLine: {'line': b'-- Up-to-date: /home/yfu/projects/ros2-picas/install/test_msgs/share/test_msgs/cmake/test_msgs__rosidl_typesupport_introspection_cppExport.cmake\n'}
[0.706452] (test_msgs) StdoutLine: {'line': b'-- Up-to-date: /home/yfu/projects/ros2-picas/install/test_msgs/share/test_msgs/cmake/test_msgs__rosidl_typesupport_introspection_cppExport-noconfig.cmake\n'}
[0.706629] (test_msgs) StdoutLine: {'line': b'-- Up-to-date: /home/yfu/projects/ros2-picas/install/test_msgs/share/test_msgs/cmake/test_msgs__rosidl_typesupport_cppExport.cmake\n'}
[0.706852] (test_msgs) StdoutLine: {'line': b'-- Up-to-date: /home/yfu/projects/ros2-picas/install/test_msgs/share/test_msgs/cmake/test_msgs__rosidl_typesupport_cppExport-noconfig.cmake\n'}
[0.707093] (test_msgs) StdoutLine: {'line': b'-- Up-to-date: /home/yfu/projects/ros2-picas/install/test_msgs/share/test_msgs/cmake/rosidl_cmake-extras.cmake\n'}
[0.707300] (test_msgs) StdoutLine: {'line': b'-- Up-to-date: /home/yfu/projects/ros2-picas/install/test_msgs/share/test_msgs/cmake/ament_cmake_export_dependencies-extras.cmake\n'}
[0.707455] (test_msgs) StdoutLine: {'line': b'-- Up-to-date: /home/yfu/projects/ros2-picas/install/test_msgs/share/test_msgs/cmake/ament_cmake_export_libraries-extras.cmake\n'}
[0.707625] (test_msgs) StdoutLine: {'line': b'-- Up-to-date: /home/yfu/projects/ros2-picas/install/test_msgs/share/test_msgs/cmake/ament_cmake_export_targets-extras.cmake\n'}
[0.707776] (test_msgs) StdoutLine: {'line': b'-- Up-to-date: /home/yfu/projects/ros2-picas/install/test_msgs/share/test_msgs/cmake/ament_cmake_export_include_directories-extras.cmake\n'}
[0.707927] (test_msgs) StdoutLine: {'line': b'-- Up-to-date: /home/yfu/projects/ros2-picas/install/test_msgs/share/test_msgs/cmake/rosidl_cmake_export_typesupport_targets-extras.cmake\n'}
[0.708077] (test_msgs) StdoutLine: {'line': b'-- Up-to-date: /home/yfu/projects/ros2-picas/install/test_msgs/share/test_msgs/cmake/test_msgsConfig.cmake\n'}
[0.708225] (test_msgs) StdoutLine: {'line': b'-- Up-to-date: /home/yfu/projects/ros2-picas/install/test_msgs/share/test_msgs/cmake/test_msgsConfig-version.cmake\n'}
[0.708373] (test_msgs) StdoutLine: {'line': b'-- Up-to-date: /home/yfu/projects/ros2-picas/install/test_msgs/share/test_msgs/package.xml\n'}
[0.715386] (test_msgs) CommandEnded: {'returncode': 0}
[0.801712] (-) TimerEvent: {}
[0.876126] (test_msgs) JobEnded: {'identifier': 'test_msgs', 'rc': 0}
[0.879111] (rclcpp) JobStarted: {'identifier': 'rclcpp'}
[0.899438] (rclcpp) JobProgress: {'identifier': 'rclcpp', 'progress': 'cmake'}
[0.901523] (rclcpp) JobProgress: {'identifier': 'rclcpp', 'progress': 'build'}
[0.901896] (-) TimerEvent: {}
[0.903500] (rclcpp) Command: {'cmd': ['/usr/bin/cmake', '--build', '/home/yfu/projects/ros2-picas/build/rclcpp', '--', '-j6', '-l6'], 'cwd': '/home/yfu/projects/ros2-picas/build/rclcpp', 'env': OrderedDict([('LESSOPEN', '| /usr/bin/lesspipe %s'), ('CONDA_PROMPT_MODIFIER', '(base)'), ('USER', 'yfu'), ('SSH_CLIENT', '172.19.37.200 13487 22'), ('XDG_SESSION_TYPE', 'tty'), ('SHLVL', '1'), ('LD_LIBRARY_PATH', '/home/yfu/projects/ros2-picas/install/test_msgs/lib:/home/yfu/projects/ros2-picas/install/trace_picas/lib:/home/yfu/projects/ros2-picas/install/rclcpp/lib:/opt/ros/galactic/opt/yaml_cpp_vendor/lib:/opt/ros/galactic/lib/aarch64-linux-gnu:/opt/ros/galactic/lib'), ('MOTD_SHOWN', 'pam'), ('HOME', '/home/yfu'), ('CONDA_SHLVL', '1'), ('OLDPWD', '/home/yfu/projects'), ('SSH_TTY', '/dev/pts/0'), ('JETSON_L4T', '35.4.1'), ('ROS_PYTHON_VERSION', '3'), ('JETSON_MODEL', 'NVIDIA Orin Nano Developer Kit'), ('DBUS_SESSION_BUS_ADDRESS', 'unix:path=/run/user/1001/bus'), ('COLCON_PREFIX_PATH', '/home/yfu/projects/ros2-picas/install'), ('ROS_DISTRO', 'galactic'), ('LOGNAME', 'yfu'), ('JETSON_MODULE', 'NVIDIA Jetson Orin Nano (Developer kit)'), ('JETSON_SERIAL_NUMBER', '1421523024361'), ('_', '/usr/bin/colcon'), ('ROS_VERSION', '2'), ('JETSON_CODENAME', 'P3768'), ('XDG_SESSION_CLASS', 'user'), ('TERM', 'xterm'), ('XDG_SESSION_ID', '656'), ('ROS_LOCALHOST_ONLY', '0'), ('PATH', '/usr/bin:/home/yfu/.local/bin:/opt/ros/galactic/bin:/home/yfu/Miniconda/ENTER/bin:/home/yfu/Miniconda/ENTER/condabin:$/home/yfu/Miniconda/ENTER/bin:/usr/local/sbin:/usr/local/bin:/usr/sbin:/usr/bin:/sbin:/bin:/usr/games:/usr/local/games:/snap/bin'), ('XDG_RUNTIME_DIR', '/run/user/1001'), ('DISPLAY', 'localhost:10.0'), ('LANG', 'en_US.UTF-8'), ('LS_COLORS', 'rs=0:di=01;34:ln=01;36:mh=00:pi=40;33:so=01;35:do=01;35:bd=40;33;01:cd=40;33;01:or=40;31;01:mi=00:su=37;41:sg=30;43:ca=30;41:tw=30;42:ow=34;42:st=37;44:ex=01;32:*.tar=01;31:*.tgz=01;31:*.arc=01;31:*.arj=01;31:*.taz=01;31:*.lha=01;31:*.lz4=01;31:*.lzh=01;31:*.lzma=01;31:*.tlz=01;31:*.txz=01;31:*.tzo=01;31:*.t7z=01;31:*.zip=01;31:*.z=01;31:*.dz=01;31:*.gz=01;31:*.lrz=01;31:*.lz=01;31:*.lzo=01;31:*.xz=01;31:*.zst=01;31:*.tzst=01;31:*.bz2=01;31:*.bz=01;31:*.tbz=01;31:*.tbz2=01;31:*.tz=01;31:*.deb=01;31:*.rpm=01;31:*.jar=01;31:*.war=01;31:*.ear=01;31:*.sar=01;31:*.rar=01;31:*.alz=01;31:*.ace=01;31:*.zoo=01;31:*.cpio=01;31:*.7z=01;31:*.rz=01;31:*.cab=01;31:*.wim=01;31:*.swm=01;31:*.dwm=01;31:*.esd=01;31:*.jpg=01;35:*.jpeg=01;35:*.mjpg=01;35:*.mjpeg=01;35:*.gif=01;35:*.bmp=01;35:*.pbm=01;35:*.pgm=01;35:*.ppm=01;35:*.tga=01;35:*.xbm=01;35:*.xpm=01;35:*.tif=01;35:*.tiff=01;35:*.png=01;35:*.svg=01;35:*.svgz=01;35:*.mng=01;35:*.pcx=01;35:*.mov=01;35:*.mpg=01;35:*.mpeg=01;35:*.m2v=01;35:*.mkv=01;35:*.webm=01;35:*.ogm=01;35:*.mp4=01;35:*.m4v=01;35:*.mp4v=01;35:*.vob=01;35:*.qt=01;35:*.nuv=01;35:*.wmv=01;35:*.asf=01;35:*.rm=01;35:*.rmvb=01;35:*.flc=01;35:*.avi=01;35:*.fli=01;35:*.flv=01;35:*.gl=01;35:*.dl=01;35:*.xcf=01;35:*.xwd=01;35:*.yuv=01;35:*.cgm=01;35:*.emf=01;35:*.ogv=01;35:*.ogx=01;35:*.aac=00;36:*.au=00;36:*.flac=00;36:*.m4a=00;36:*.mid=00;36:*.midi=00;36:*.mka=00;36:*.mp3=00;36:*.mpc=00;36:*.ogg=00;36:*.ra=00;36:*.wav=00;36:*.oga=00;36:*.opus=00;36:*.spx=00;36:*.xspf=00;36:'), ('JETSON_SOC', 'tegra23x'), ('AMENT_PREFIX_PATH', '/home/yfu/projects/ros2-picas/install/picas_example_mt:/home/yfu/projects/ros2-picas/install/picas_example:/home/yfu/projects/ros2-picas/install/trace_picas:/home/yfu/projects/ros2-picas/install/test_msgs:/home/yfu/projects/ros2-picas/install/rclcpp:/opt/ros/galactic'), ('CONDA_PYTHON_EXE', '/home/yfu/Miniconda/ENTER/bin/python'), ('SHELL', '/bin/bash'), ('LESSCLOSE', '/usr/bin/lesspipe %s %s'), ('CONDA_DEFAULT_ENV', 'base'), ('JETSON_CUDA_ARCH_BIN', '8.7'), ('PWD', '/home/yfu/projects/ros2-picas/build/rclcpp'), ('CONDA_EXE', '/home/yfu/Miniconda/ENTER/bin/conda'), ('SSH_CONNECTION', '172.19.37.200 13487 192.168.0.226 22'), ('XDG_DATA_DIRS', '/usr/local/share:/usr/share:/var/lib/snapd/desktop'), ('PYTHONPATH', '/home/yfu/projects/ros2-picas/install/test_msgs/lib/python3.8/site-packages:/opt/ros/galactic/lib/python3.8/site-packages'), ('CONDA_PREFIX', '/home/yfu/Miniconda/ENTER'), ('COLCON', '1'), ('JETSON_JETPACK', '5.1.2'), ('CMAKE_PREFIX_PATH', '/home/yfu/projects/ros2-picas/install/test_msgs:/home/yfu/projects/ros2-picas/install/picas_example_mt:/home/yfu/projects/ros2-picas/install/picas_example:/home/yfu/projects/ros2-picas/install/trace_picas:/home/yfu/projects/ros2-picas/install/rclcpp:/opt/ros/galactic'), ('JETSON_P_NUMBER', 'p3767-0005')]), 'shell': False}
[1.002242] (-) TimerEvent: {}
[1.103351] (-) TimerEvent: {}
[1.168900] (rclcpp) StdoutLine: {'line': b'[100%] Built target rclcpp\n'}
[1.203631] (-) TimerEvent: {}
[1.210043] (rclcpp) CommandEnded: {'returncode': 0}
[1.212735] (rclcpp) JobProgress: {'identifier': 'rclcpp', 'progress': 'install'}
[1.213546] (rclcpp) Command: {'cmd': ['/usr/bin/cmake', '--install', '/home/yfu/projects/ros2-picas/build/rclcpp'], 'cwd': '/home/yfu/projects/ros2-picas/build/rclcpp', 'env': OrderedDict([('LESSOPEN', '| /usr/bin/lesspipe %s'), ('CONDA_PROMPT_MODIFIER', '(base)'), ('USER', 'yfu'), ('SSH_CLIENT', '172.19.37.200 13487 22'), ('XDG_SESSION_TYPE', 'tty'), ('SHLVL', '1'), ('LD_LIBRARY_PATH', '/home/yfu/projects/ros2-picas/install/test_msgs/lib:/home/yfu/projects/ros2-picas/install/trace_picas/lib:/home/yfu/projects/ros2-picas/install/rclcpp/lib:/opt/ros/galactic/opt/yaml_cpp_vendor/lib:/opt/ros/galactic/lib/aarch64-linux-gnu:/opt/ros/galactic/lib'), ('MOTD_SHOWN', 'pam'), ('HOME', '/home/yfu'), ('CONDA_SHLVL', '1'), ('OLDPWD', '/home/yfu/projects'), ('SSH_TTY', '/dev/pts/0'), ('JETSON_L4T', '35.4.1'), ('ROS_PYTHON_VERSION', '3'), ('JETSON_MODEL', 'NVIDIA Orin Nano Developer Kit'), ('DBUS_SESSION_BUS_ADDRESS', 'unix:path=/run/user/1001/bus'), ('COLCON_PREFIX_PATH', '/home/yfu/projects/ros2-picas/install'), ('ROS_DISTRO', 'galactic'), ('LOGNAME', 'yfu'), ('JETSON_MODULE', 'NVIDIA Jetson Orin Nano (Developer kit)'), ('JETSON_SERIAL_NUMBER', '1421523024361'), ('_', '/usr/bin/colcon'), ('ROS_VERSION', '2'), ('JETSON_CODENAME', 'P3768'), ('XDG_SESSION_CLASS', 'user'), ('TERM', 'xterm'), ('XDG_SESSION_ID', '656'), ('ROS_LOCALHOST_ONLY', '0'), ('PATH', '/usr/bin:/home/yfu/.local/bin:/opt/ros/galactic/bin:/home/yfu/Miniconda/ENTER/bin:/home/yfu/Miniconda/ENTER/condabin:$/home/yfu/Miniconda/ENTER/bin:/usr/local/sbin:/usr/local/bin:/usr/sbin:/usr/bin:/sbin:/bin:/usr/games:/usr/local/games:/snap/bin'), ('XDG_RUNTIME_DIR', '/run/user/1001'), ('DISPLAY', 'localhost:10.0'), ('LANG', 'en_US.UTF-8'), ('LS_COLORS', 'rs=0:di=01;34:ln=01;36:mh=00:pi=40;33:so=01;35:do=01;35:bd=40;33;01:cd=40;33;01:or=40;31;01:mi=00:su=37;41:sg=30;43:ca=30;41:tw=30;42:ow=34;42:st=37;44:ex=01;32:*.tar=01;31:*.tgz=01;31:*.arc=01;31:*.arj=01;31:*.taz=01;31:*.lha=01;31:*.lz4=01;31:*.lzh=01;31:*.lzma=01;31:*.tlz=01;31:*.txz=01;31:*.tzo=01;31:*.t7z=01;31:*.zip=01;31:*.z=01;31:*.dz=01;31:*.gz=01;31:*.lrz=01;31:*.lz=01;31:*.lzo=01;31:*.xz=01;31:*.zst=01;31:*.tzst=01;31:*.bz2=01;31:*.bz=01;31:*.tbz=01;31:*.tbz2=01;31:*.tz=01;31:*.deb=01;31:*.rpm=01;31:*.jar=01;31:*.war=01;31:*.ear=01;31:*.sar=01;31:*.rar=01;31:*.alz=01;31:*.ace=01;31:*.zoo=01;31:*.cpio=01;31:*.7z=01;31:*.rz=01;31:*.cab=01;31:*.wim=01;31:*.swm=01;31:*.dwm=01;31:*.esd=01;31:*.jpg=01;35:*.jpeg=01;35:*.mjpg=01;35:*.mjpeg=01;35:*.gif=01;35:*.bmp=01;35:*.pbm=01;35:*.pgm=01;35:*.ppm=01;35:*.tga=01;35:*.xbm=01;35:*.xpm=01;35:*.tif=01;35:*.tiff=01;35:*.png=01;35:*.svg=01;35:*.svgz=01;35:*.mng=01;35:*.pcx=01;35:*.mov=01;35:*.mpg=01;35:*.mpeg=01;35:*.m2v=01;35:*.mkv=01;35:*.webm=01;35:*.ogm=01;35:*.mp4=01;35:*.m4v=01;35:*.mp4v=01;35:*.vob=01;35:*.qt=01;35:*.nuv=01;35:*.wmv=01;35:*.asf=01;35:*.rm=01;35:*.rmvb=01;35:*.flc=01;35:*.avi=01;35:*.fli=01;35:*.flv=01;35:*.gl=01;35:*.dl=01;35:*.xcf=01;35:*.xwd=01;35:*.yuv=01;35:*.cgm=01;35:*.emf=01;35:*.ogv=01;35:*.ogx=01;35:*.aac=00;36:*.au=00;36:*.flac=00;36:*.m4a=00;36:*.mid=00;36:*.midi=00;36:*.mka=00;36:*.mp3=00;36:*.mpc=00;36:*.ogg=00;36:*.ra=00;36:*.wav=00;36:*.oga=00;36:*.opus=00;36:*.spx=00;36:*.xspf=00;36:'), ('JETSON_SOC', 'tegra23x'), ('AMENT_PREFIX_PATH', '/home/yfu/projects/ros2-picas/install/picas_example_mt:/home/yfu/projects/ros2-picas/install/picas_example:/home/yfu/projects/ros2-picas/install/trace_picas:/home/yfu/projects/ros2-picas/install/test_msgs:/home/yfu/projects/ros2-picas/install/rclcpp:/opt/ros/galactic'), ('CONDA_PYTHON_EXE', '/home/yfu/Miniconda/ENTER/bin/python'), ('SHELL', '/bin/bash'), ('LESSCLOSE', '/usr/bin/lesspipe %s %s'), ('CONDA_DEFAULT_ENV', 'base'), ('JETSON_CUDA_ARCH_BIN', '8.7'), ('PWD', '/home/yfu/projects/ros2-picas/build/rclcpp'), ('CONDA_EXE', '/home/yfu/Miniconda/ENTER/bin/conda'), ('SSH_CONNECTION', '172.19.37.200 13487 192.168.0.226 22'), ('XDG_DATA_DIRS', '/usr/local/share:/usr/share:/var/lib/snapd/desktop'), ('PYTHONPATH', '/home/yfu/projects/ros2-picas/install/test_msgs/lib/python3.8/site-packages:/opt/ros/galactic/lib/python3.8/site-packages'), ('CONDA_PREFIX', '/home/yfu/Miniconda/ENTER'), ('COLCON', '1'), ('JETSON_JETPACK', '5.1.2'), ('CMAKE_PREFIX_PATH', '/home/yfu/projects/ros2-picas/install/test_msgs:/home/yfu/projects/ros2-picas/install/picas_example_mt:/home/yfu/projects/ros2-picas/install/picas_example:/home/yfu/projects/ros2-picas/install/trace_picas:/home/yfu/projects/ros2-picas/install/rclcpp:/opt/ros/galactic'), ('JETSON_P_NUMBER', 'p3767-0005')]), 'shell': False}
[1.243451] (rclcpp) StdoutLine: {'line': b'-- Install configuration: ""\n'}
[1.244299] (rclcpp) StdoutLine: {'line': b'-- Up-to-date: /home/yfu/projects/ros2-picas/install/rclcpp/lib/librclcpp.so\n'}
[1.244558] (rclcpp) StdoutLine: {'line': b'-- Up-to-date: /home/yfu/projects/ros2-picas/install/rclcpp/share/rclcpp/environment/library_path.sh\n'}
[1.244786] (rclcpp) StdoutLine: {'line': b'-- Up-to-date: /home/yfu/projects/ros2-picas/install/rclcpp/share/rclcpp/environment/library_path.dsv\n'}
[1.244976] (rclcpp) StdoutLine: {'line': b'-- Up-to-date: /home/yfu/projects/ros2-picas/install/rclcpp/share/ament_index/resource_index/package_run_dependencies/rclcpp\n'}
[1.245246] (rclcpp) StdoutLine: {'line': b'-- Up-to-date: /home/yfu/projects/ros2-picas/install/rclcpp/share/ament_index/resource_index/parent_prefix_path/rclcpp\n'}
[1.245435] (rclcpp) StdoutLine: {'line': b'-- Up-to-date: /home/yfu/projects/ros2-picas/install/rclcpp/share/rclcpp/environment/ament_prefix_path.sh\n'}
[1.245608] (rclcpp) StdoutLine: {'line': b'-- Up-to-date: /home/yfu/projects/ros2-picas/install/rclcpp/share/rclcpp/environment/ament_prefix_path.dsv\n'}
[1.245751] (rclcpp) StdoutLine: {'line': b'-- Up-to-date: /home/yfu/projects/ros2-picas/install/rclcpp/share/rclcpp/environment/path.sh\n'}
[1.245893] (rclcpp) StdoutLine: {'line': b'-- Up-to-date: /home/yfu/projects/ros2-picas/install/rclcpp/share/rclcpp/environment/path.dsv\n'}
[1.246035] (rclcpp) StdoutLine: {'line': b'-- Up-to-date: /home/yfu/projects/ros2-picas/install/rclcpp/share/rclcpp/local_setup.bash\n'}
[1.246203] (rclcpp) StdoutLine: {'line': b'-- Up-to-date: /home/yfu/projects/ros2-picas/install/rclcpp/share/rclcpp/local_setup.sh\n'}
[1.246344] (rclcpp) StdoutLine: {'line': b'-- Up-to-date: /home/yfu/projects/ros2-picas/install/rclcpp/share/rclcpp/local_setup.zsh\n'}
[1.246539] (rclcpp) StdoutLine: {'line': b'-- Up-to-date: /home/yfu/projects/ros2-picas/install/rclcpp/share/rclcpp/local_setup.dsv\n'}
[1.246705] (rclcpp) StdoutLine: {'line': b'-- Installing: /home/yfu/projects/ros2-picas/install/rclcpp/share/rclcpp/package.dsv\n'}
[1.246885] (rclcpp) StdoutLine: {'line': b'-- Up-to-date: /home/yfu/projects/ros2-picas/install/rclcpp/share/ament_index/resource_index/packages/rclcpp\n'}
[1.247049] (rclcpp) StdoutLine: {'line': b'-- Up-to-date: /home/yfu/projects/ros2-picas/install/rclcpp/share/rclcpp/cmake/rclcppExport.cmake\n'}
[1.247231] (rclcpp) StdoutLine: {'line': b'-- Up-to-date: /home/yfu/projects/ros2-picas/install/rclcpp/share/rclcpp/cmake/rclcppExport-noconfig.cmake\n'}
[1.247448] (rclcpp) StdoutLine: {'line': b'-- Up-to-date: /home/yfu/projects/ros2-picas/install/rclcpp/share/rclcpp/cmake/ament_cmake_export_include_directories-extras.cmake\n'}
[1.247654] (rclcpp) StdoutLine: {'line': b'-- Up-to-date: /home/yfu/projects/ros2-picas/install/rclcpp/share/rclcpp/cmake/ament_cmake_export_libraries-extras.cmake\n'}
[1.247904] (rclcpp) StdoutLine: {'line': b'-- Up-to-date: /home/yfu/projects/ros2-picas/install/rclcpp/share/rclcpp/cmake/ament_cmake_export_targets-extras.cmake\n'}
[1.248106] (rclcpp) StdoutLine: {'line': b'-- Up-to-date: /home/yfu/projects/ros2-picas/install/rclcpp/share/rclcpp/cmake/ament_cmake_export_dependencies-extras.cmake\n'}
[1.248351] (rclcpp) StdoutLine: {'line': b'-- Up-to-date: /home/yfu/projects/ros2-picas/install/rclcpp/share/rclcpp/cmake/rclcppConfig.cmake\n'}
[1.248594] (rclcpp) StdoutLine: {'line': b'-- Up-to-date: /home/yfu/projects/ros2-picas/install/rclcpp/share/rclcpp/cmake/rclcppConfig-version.cmake\n'}
[1.248846] (rclcpp) StdoutLine: {'line': b'-- Up-to-date: /home/yfu/projects/ros2-picas/install/rclcpp/share/rclcpp/package.xml\n'}
[1.249083] (rclcpp) StdoutLine: {'line': b'-- Up-to-date: /home/yfu/projects/ros2-picas/install/rclcpp/include\n'}
[1.249315] (rclcpp) StdoutLine: {'line': b'-- Up-to-date: /home/yfu/projects/ros2-picas/install/rclcpp/include/rclcpp\n'}
[1.249587] (rclcpp) StdoutLine: {'line': b'-- Up-to-date: /home/yfu/projects/ros2-picas/install/rclcpp/include/rclcpp/function_traits.hpp\n'}
[1.249854] (rclcpp) StdoutLine: {'line': b'-- Up-to-date: /home/yfu/projects/ros2-picas/install/rclcpp/include/rclcpp/node_impl.hpp\n'}
[1.250116] (rclcpp) StdoutLine: {'line': b'-- Up-to-date: /home/yfu/projects/ros2-picas/install/rclcpp/include/rclcpp/typesupport_helpers.hpp\n'}
[1.250353] (rclcpp) StdoutLine: {'line': b'-- Up-to-date: /home/yfu/projects/ros2-picas/install/rclcpp/include/rclcpp/publisher_factory.hpp\n'}
[1.250608] (rclcpp) StdoutLine: {'line': b'-- Up-to-date: /home/yfu/projects/ros2-picas/install/rclcpp/include/rclcpp/timer.hpp\n'}
[1.250820] (rclcpp) StdoutLine: {'line': b'-- Up-to-date: /home/yfu/projects/ros2-picas/install/rclcpp/include/rclcpp/parameter_map.hpp\n'}
[1.251035] (rclcpp) StdoutLine: {'line': b'-- Up-to-date: /home/yfu/projects/ros2-picas/install/rclcpp/include/rclcpp/experimental\n'}
[1.251263] (rclcpp) StdoutLine: {'line': b'-- Up-to-date: /home/yfu/projects/ros2-picas/install/rclcpp/include/rclcpp/experimental/subscription_intra_process_base.hpp\n'}
[1.251497] (rclcpp) StdoutLine: {'line': b'-- Up-to-date: /home/yfu/projects/ros2-picas/install/rclcpp/include/rclcpp/experimental/README.md\n'}
[1.251742] (rclcpp) StdoutLine: {'line': b'-- Up-to-date: /home/yfu/projects/ros2-picas/install/rclcpp/include/rclcpp/experimental/intra_process_manager.hpp\n'}
[1.251999] (rclcpp) StdoutLine: {'line': b'-- Up-to-date: /home/yfu/projects/ros2-picas/install/rclcpp/include/rclcpp/experimental/subscription_intra_process.hpp\n'}
[1.252247] (rclcpp) StdoutLine: {'line': b'-- Up-to-date: /home/yfu/projects/ros2-picas/install/rclcpp/include/rclcpp/experimental/buffers\n'}
[1.252520] (rclcpp) StdoutLine: {'line': b'-- Up-to-date: /home/yfu/projects/ros2-picas/install/rclcpp/include/rclcpp/experimental/buffers/intra_process_buffer.hpp\n'}
[1.253011] (rclcpp) StdoutLine: {'line': b'-- Up-to-date: /home/yfu/projects/ros2-picas/install/rclcpp/include/rclcpp/experimental/buffers/ring_buffer_implementation.hpp\n'}
[1.254049] (rclcpp) StdoutLine: {'line': b'-- Up-to-date: /home/yfu/projects/ros2-picas/install/rclcpp/include/rclcpp/experimental/buffers/buffer_implementation_base.hpp\n'}
[1.254835] (rclcpp) StdoutLine: {'line': b'-- Up-to-date: /home/yfu/projects/ros2-picas/install/rclcpp/include/rclcpp/experimental/create_intra_process_buffer.hpp\n'}
[1.256297] (rclcpp) StdoutLine: {'line': b'-- Up-to-date: /home/yfu/projects/ros2-picas/install/rclcpp/include/rclcpp/experimental/executable_list.hpp\n'}
[1.256703] (rclcpp) StdoutLine: {'line': b'-- Up-to-date: /home/yfu/projects/ros2-picas/install/rclcpp/include/rclcpp/macros.hpp\n'}
[1.257016] (rclcpp) StdoutLine: {'line': b'-- Up-to-date: /home/yfu/projects/ros2-picas/install/rclcpp/include/rclcpp/strategies\n'}
[1.257314] (rclcpp) StdoutLine: {'line': b'-- Up-to-date: /home/yfu/projects/ros2-picas/install/rclcpp/include/rclcpp/strategies/allocator_memory_strategy.hpp\n'}
[1.257598] (rclcpp) StdoutLine: {'line': b'-- Up-to-date: /home/yfu/projects/ros2-picas/install/rclcpp/include/rclcpp/strategies/message_pool_memory_strategy.hpp\n'}
[1.257872] (rclcpp) StdoutLine: {'line': b'-- Up-to-date: /home/yfu/projects/ros2-picas/install/rclcpp/include/rclcpp/any_service_callback.hpp\n'}
[1.258136] (rclcpp) StdoutLine: {'line': b'-- Up-to-date: /home/yfu/projects/ros2-picas/install/rclcpp/include/rclcpp/executors.hpp\n'}
[1.258395] (rclcpp) StdoutLine: {'line': b'-- Up-to-date: /home/yfu/projects/ros2-picas/install/rclcpp/include/rclcpp/parameter.hpp\n'}
[1.258652] (rclcpp) StdoutLine: {'line': b'-- Up-to-date: /home/yfu/projects/ros2-picas/install/rclcpp/include/rclcpp/generic_publisher.hpp\n'}
[1.258912] (rclcpp) StdoutLine: {'line': b'-- Up-to-date: /home/yfu/projects/ros2-picas/install/rclcpp/include/rclcpp/parameter_events_filter.hpp\n'}
[1.259160] (rclcpp) StdoutLine: {'line': b'-- Up-to-date: /home/yfu/projects/ros2-picas/install/rclcpp/include/rclcpp/wait_set.hpp\n'}
[1.259403] (rclcpp) StdoutLine: {'line': b'-- Up-to-date: /home/yfu/projects/ros2-picas/install/rclcpp/include/rclcpp/parameter_service.hpp\n'}
[1.259762] (rclcpp) StdoutLine: {'line': b'-- Up-to-date: /home/yfu/projects/ros2-picas/install/rclcpp/include/rclcpp/topic_statistics\n'}
[1.260025] (rclcpp) StdoutLine: {'line': b'-- Up-to-date: /home/yfu/projects/ros2-picas/install/rclcpp/include/rclcpp/topic_statistics/subscription_topic_statistics.hpp\n'}
[1.260260] (rclcpp) StdoutLine: {'line': b'-- Up-to-date: /home/yfu/projects/ros2-picas/install/rclcpp/include/rclcpp/wait_for_message.hpp\n'}
[1.260488] (rclcpp) StdoutLine: {'line': b'-- Up-to-date: /home/yfu/projects/ros2-picas/install/rclcpp/include/rclcpp/exceptions\n'}
[1.260713] (rclcpp) StdoutLine: {'line': b'-- Up-to-date: /home/yfu/projects/ros2-picas/install/rclcpp/include/rclcpp/exceptions/exceptions.hpp\n'}
[1.260976] (rclcpp) StdoutLine: {'line': b'-- Up-to-date: /home/yfu/projects/ros2-picas/install/rclcpp/include/rclcpp/future_return_code.hpp\n'}
[1.261209] (rclcpp) StdoutLine: {'line': b'-- Up-to-date: /home/yfu/projects/ros2-picas/install/rclcpp/include/rclcpp/intra_process_buffer_type.hpp\n'}
[1.261442] (rclcpp) StdoutLine: {'line': b'-- Up-to-date: /home/yfu/projects/ros2-picas/install/rclcpp/include/rclcpp/create_generic_subscription.hpp\n'}
[1.261676] (rclcpp) StdoutLine: {'line': b'-- Up-to-date: /home/yfu/projects/ros2-picas/install/rclcpp/include/rclcpp/event.hpp\n'}
[1.261905] (rclcpp) StdoutLine: {'line': b'-- Up-to-date: /home/yfu/projects/ros2-picas/install/rclcpp/include/rclcpp/qos_overriding_options.hpp\n'}
[1.262128] (rclcpp) StdoutLine: {'line': b'-- Up-to-date: /home/yfu/projects/ros2-picas/install/rclcpp/include/rclcpp/type_support_decl.hpp\n'}
[1.262351] (rclcpp) StdoutLine: {'line': b'-- Up-to-date: /home/yfu/projects/ros2-picas/install/rclcpp/include/rclcpp/topic_statistics_state.hpp\n'}
[1.262573] (rclcpp) StdoutLine: {'line': b'-- Up-to-date: /home/yfu/projects/ros2-picas/install/rclcpp/include/rclcpp/scheduler.hpp\n'}
[1.262794] (rclcpp) StdoutLine: {'line': b'-- Up-to-date: /home/yfu/projects/ros2-picas/install/rclcpp/include/rclcpp/publisher.hpp\n'}
[1.263016] (rclcpp) StdoutLine: {'line': b'-- Up-to-date: /home/yfu/projects/ros2-picas/install/rclcpp/include/rclcpp/exceptions.hpp\n'}
[1.263238] (rclcpp) StdoutLine: {'line': b'-- Up-to-date: /home/yfu/projects/ros2-picas/install/rclcpp/include/rclcpp/create_subscription.hpp\n'}
[1.263461] (rclcpp) StdoutLine: {'line': b'-- Up-to-date: /home/yfu/projects/ros2-picas/install/rclcpp/include/rclcpp/callback_group.hpp\n'}
[1.263931] (rclcpp) StdoutLine: {'line': b'-- Up-to-date: /home/yfu/projects/ros2-picas/install/rclcpp/include/rclcpp/visibility_control.hpp\n'}
[1.264177] (rclcpp) StdoutLine: {'line': b'-- Up-to-date: /home/yfu/projects/ros2-picas/install/rclcpp/include/rclcpp/node.hpp\n'}
[1.264400] (rclcpp) StdoutLine: {'line': b'-- Up-to-date: /home/yfu/projects/ros2-picas/install/rclcpp/include/rclcpp/client.hpp\n'}
[1.264616] (rclcpp) StdoutLine: {'line': b'-- Up-to-date: /home/yfu/projects/ros2-picas/install/rclcpp/include/rclcpp/duration.hpp\n'}
[1.265601] (rclcpp) StdoutLine: {'line': b'-- Up-to-date: /home/yfu/projects/ros2-picas/install/rclcpp/include/rclcpp/parameter_event_handler.hpp\n'}
[1.266428] (rclcpp) StdoutLine: {'line': b'-- Up-to-date: /home/yfu/projects/ros2-picas/install/rclcpp/include/rclcpp/clock.hpp\n'}
[1.269713] (rclcpp) StdoutLine: {'line': b'-- Up-to-date: /home/yfu/projects/ros2-picas/install/rclcpp/include/rclcpp/expand_topic_or_service_name.hpp\n'}
[1.270176] (rclcpp) StdoutLine: {'line': b'-- Up-to-date: /home/yfu/projects/ros2-picas/install/rclcpp/include/rclcpp/parameter_value.hpp\n'}
[1.270536] (rclcpp) StdoutLine: {'line': b'-- Up-to-date: /home/yfu/projects/ros2-picas/install/rclcpp/include/rclcpp/subscription_base.hpp\n'}
[1.270963] (rclcpp) StdoutLine: {'line': b'-- Up-to-date: /home/yfu/projects/ros2-picas/install/rclcpp/include/rclcpp/subscription_traits.hpp\n'}
[1.271367] (rclcpp) StdoutLine: {'line': b'-- Up-to-date: /home/yfu/projects/ros2-picas/install/rclcpp/include/rclcpp/cb_sched.hpp\n'}
[1.271936] (rclcpp) StdoutLine: {'line': b'-- Up-to-date: /home/yfu/projects/ros2-picas/install/rclcpp/include/rclcpp/memory_strategies.hpp\n'}
[1.272334] (rclcpp) StdoutLine: {'line': b'-- Up-to-date: /home/yfu/projects/ros2-picas/install/rclcpp/include/rclcpp/publisher_options.hpp\n'}
[1.272729] (rclcpp) StdoutLine: {'line': b'-- Up-to-date: /home/yfu/projects/ros2-picas/install/rclcpp/include/rclcpp/executor.hpp\n'}
[1.273102] (rclcpp) StdoutLine: {'line': b'-- Up-to-date: /home/yfu/projects/ros2-picas/install/rclcpp/include/rclcpp/rate.hpp\n'}
[1.273652] (rclcpp) StdoutLine: {'line': b'-- Up-to-date: /home/yfu/projects/ros2-picas/install/rclcpp/include/rclcpp/node_interfaces\n'}
[1.274029] (rclcpp) StdoutLine: {'line': b'-- Up-to-date: /home/yfu/projects/ros2-picas/install/rclcpp/include/rclcpp/node_interfaces/node_logging_interface.hpp\n'}
[1.274409] (rclcpp) StdoutLine: {'line': b'-- Up-to-date: /home/yfu/projects/ros2-picas/install/rclcpp/include/rclcpp/node_interfaces/node_time_source.hpp\n'}
[1.274723] (rclcpp) StdoutLine: {'line': b'-- Up-to-date: /home/yfu/projects/ros2-picas/install/rclcpp/include/rclcpp/node_interfaces/node_services_interface.hpp\n'}
[1.275027] (rclcpp) StdoutLine: {'line': b'-- Up-to-date: /home/yfu/projects/ros2-picas/install/rclcpp/include/rclcpp/node_interfaces/node_time_source_interface.hpp\n'}
[1.275334] (rclcpp) StdoutLine: {'line': b'-- Up-to-date: /home/yfu/projects/ros2-picas/install/rclcpp/include/rclcpp/node_interfaces/node_timers_interface.hpp\n'}
[1.276572] (rclcpp) StdoutLine: {'line': b'-- Up-to-date: /home/yfu/projects/ros2-picas/install/rclcpp/include/rclcpp/node_interfaces/node_parameters.hpp\n'}
[1.278267] (rclcpp) StdoutLine: {'line': b'-- Up-to-date: /home/yfu/projects/ros2-picas/install/rclcpp/include/rclcpp/node_interfaces/node_services.hpp\n'}
[1.278620] (rclcpp) StdoutLine: {'line': b'-- Up-to-date: /home/yfu/projects/ros2-picas/install/rclcpp/include/rclcpp/node_interfaces/node_waitables.hpp\n'}
[1.278969] (rclcpp) StdoutLine: {'line': b'-- Up-to-date: /home/yfu/projects/ros2-picas/install/rclcpp/include/rclcpp/node_interfaces/node_graph.hpp\n'}
[1.279685] (rclcpp) StdoutLine: {'line': b'-- Up-to-date: /home/yfu/projects/ros2-picas/install/rclcpp/include/rclcpp/node_interfaces/node_parameters_interface.hpp\n'}
[1.280413] (rclcpp) StdoutLine: {'line': b'-- Up-to-date: /home/yfu/projects/ros2-picas/install/rclcpp/include/rclcpp/node_interfaces/node_topics_interface.hpp\n'}
[1.280711] (rclcpp) StdoutLine: {'line': b'-- Up-to-date: /home/yfu/projects/ros2-picas/install/rclcpp/include/rclcpp/node_interfaces/node_base.hpp\n'}
[1.281236] (rclcpp) StdoutLine: {'line': b'-- Up-to-date: /home/yfu/projects/ros2-picas/install/rclcpp/include/rclcpp/node_interfaces/node_clock.hpp\n'}
[1.282259] (rclcpp) StdoutLine: {'line': b'-- Up-to-date: /home/yfu/projects/ros2-picas/install/rclcpp/include/rclcpp/node_interfaces/node_topics.hpp\n'}
[1.282611] (rclcpp) StdoutLine: {'line': b'-- Up-to-date: /home/yfu/projects/ros2-picas/install/rclcpp/include/rclcpp/node_interfaces/node_waitables_interface.hpp\n'}
[1.282935] (rclcpp) StdoutLine: {'line': b'-- Up-to-date: /home/yfu/projects/ros2-picas/install/rclcpp/include/rclcpp/node_interfaces/node_base_interface.hpp\n'}
[1.283839] (rclcpp) StdoutLine: {'line': b'-- Up-to-date: /home/yfu/projects/ros2-picas/install/rclcpp/include/rclcpp/node_interfaces/node_timers.hpp\n'}
[1.284447] (rclcpp) StdoutLine: {'line': b'-- Up-to-date: /home/yfu/projects/ros2-picas/install/rclcpp/include/rclcpp/node_interfaces/node_logging.hpp\n'}
[1.285702] (rclcpp) StdoutLine: {'line': b'-- Up-to-date: /home/yfu/projects/ros2-picas/install/rclcpp/include/rclcpp/node_interfaces/node_graph_interface.hpp\n'}
[1.286511] (rclcpp) StdoutLine: {'line': b'-- Up-to-date: /home/yfu/projects/ros2-picas/install/rclcpp/include/rclcpp/node_interfaces/node_clock_interface.hpp\n'}
[1.286853] (rclcpp) StdoutLine: {'line': b'-- Up-to-date: /home/yfu/projects/ros2-picas/install/rclcpp/include/rclcpp/loaned_message.hpp\n'}
[1.287173] (rclcpp) StdoutLine: {'line': b'-- Up-to-date: /home/yfu/projects/ros2-picas/install/rclcpp/include/rclcpp/serialized_message.hpp\n'}
[1.287929] (rclcpp) StdoutLine: {'line': b'-- Up-to-date: /home/yfu/projects/ros2-picas/install/rclcpp/include/rclcpp/time.hpp\n'}
[1.288597] (rclcpp) StdoutLine: {'line': b'-- Up-to-date: /home/yfu/projects/ros2-picas/install/rclcpp/include/rclcpp/parameter_client.hpp\n'}
[1.288947] (rclcpp) StdoutLine: {'line': b'-- Up-to-date: /home/yfu/projects/ros2-picas/install/rclcpp/include/rclcpp/wait_result_kind.hpp\n'}
[1.289607] (rclcpp) StdoutLine: {'line': b'-- Up-to-date: /home/yfu/projects/ros2-picas/install/rclcpp/include/rclcpp/guard_condition.hpp\n'}
[1.290413] (rclcpp) StdoutLine: {'line': b'-- Up-to-date: /home/yfu/projects/ros2-picas/install/rclcpp/include/rclcpp/subscription.hpp\n'}
[1.290806] (rclcpp) StdoutLine: {'line': b'-- Up-to-date: /home/yfu/projects/ros2-picas/install/rclcpp/include/rclcpp/subscription_wait_set_mask.hpp\n'}
[1.291543] (rclcpp) StdoutLine: {'line': b'-- Up-to-date: /home/yfu/projects/ros2-picas/install/rclcpp/include/rclcpp/logger.hpp\n'}
[1.293671] (rclcpp) StdoutLine: {'line': b'-- Up-to-date: /home/yfu/projects/ros2-picas/install/rclcpp/include/rclcpp/utilities.hpp\n'}
[1.295258] (rclcpp) StdoutLine: {'line': b'-- Up-to-date: /home/yfu/projects/ros2-picas/install/rclcpp/include/rclcpp/publisher_base.hpp\n'}
[1.296541] (rclcpp) StdoutLine: {'line': b'-- Up-to-date: /home/yfu/projects/ros2-picas/install/rclcpp/include/rclcpp/service.hpp\n'}
[1.296912] (rclcpp) StdoutLine: {'line': b'-- Up-to-date: /home/yfu/projects/ros2-picas/install/rclcpp/include/rclcpp/memory_strategy.hpp\n'}
[1.297280] (rclcpp) StdoutLine: {'line': b'-- Up-to-date: /home/yfu/projects/ros2-picas/install/rclcpp/include/rclcpp/qos_event.hpp\n'}
[1.297993] (rclcpp) StdoutLine: {'line': b'-- Up-to-date: /home/yfu/projects/ros2-picas/install/rclcpp/include/rclcpp/node_options.hpp\n'}
[1.299006] (rclcpp) StdoutLine: {'line': b'-- Up-to-date: /home/yfu/projects/ros2-picas/install/rclcpp/include/rclcpp/graph_listener.hpp\n'}
[1.299567] (rclcpp) StdoutLine: {'line': b'-- Up-to-date: /home/yfu/projects/ros2-picas/install/rclcpp/include/rclcpp/network_flow_endpoint.hpp\n'}
[1.300715] (rclcpp) StdoutLine: {'line': b'-- Up-to-date: /home/yfu/projects/ros2-picas/install/rclcpp/include/rclcpp/message_info.hpp\n'}
[1.301060] (rclcpp) StdoutLine: {'line': b'-- Up-to-date: /home/yfu/projects/ros2-picas/install/rclcpp/include/rclcpp/create_generic_publisher.hpp\n'}
[1.301398] (rclcpp) StdoutLine: {'line': b'-- Up-to-date: /home/yfu/projects/ros2-picas/install/rclcpp/include/rclcpp/wait_set_template.hpp\n'}
[1.302135] (rclcpp) StdoutLine: {'line': b'-- Up-to-date: /home/yfu/projects/ros2-picas/install/rclcpp/include/rclcpp/contexts\n'}
[1.302904] (rclcpp) StdoutLine: {'line': b'-- Up-to-date: /home/yfu/projects/ros2-picas/install/rclcpp/include/rclcpp/contexts/default_context.hpp\n'}
[1.303494] (rclcpp) StdoutLine: {'line': b'-- Up-to-date: /home/yfu/projects/ros2-picas/install/rclcpp/include/rclcpp/any_subscription_callback.hpp\n'}
[1.304480] (-) TimerEvent: {}
[1.304966] (rclcpp) StdoutLine: {'line': b'-- Up-to-date: /home/yfu/projects/ros2-picas/install/rclcpp/include/rclcpp/wait_set_policies\n'}
[1.305609] (rclcpp) StdoutLine: {'line': b'-- Up-to-date: /home/yfu/projects/ros2-picas/install/rclcpp/include/rclcpp/wait_set_policies/thread_safe_synchronization.hpp\n'}
[1.306067] (rclcpp) StdoutLine: {'line': b'-- Up-to-date: /home/yfu/projects/ros2-picas/install/rclcpp/include/rclcpp/wait_set_policies/detail\n'}
[1.306604] (rclcpp) StdoutLine: {'line': b'-- Up-to-date: /home/yfu/projects/ros2-picas/install/rclcpp/include/rclcpp/wait_set_policies/detail/write_preferring_read_write_lock.hpp\n'}
[1.306917] (rclcpp) StdoutLine: {'line': b'-- Up-to-date: /home/yfu/projects/ros2-picas/install/rclcpp/include/rclcpp/wait_set_policies/detail/synchronization_policy_common.hpp\n'}
[1.307686] (rclcpp) StdoutLine: {'line': b'-- Up-to-date: /home/yfu/projects/ros2-picas/install/rclcpp/include/rclcpp/wait_set_policies/detail/storage_policy_common.hpp\n'}
[1.310010] (rclcpp) StdoutLine: {'line': b'-- Up-to-date: /home/yfu/projects/ros2-picas/install/rclcpp/include/rclcpp/wait_set_policies/static_storage.hpp\n'}
[1.310522] (rclcpp) StdoutLine: {'line': b'-- Up-to-date: /home/yfu/projects/ros2-picas/install/rclcpp/include/rclcpp/wait_set_policies/dynamic_storage.hpp\n'}
[1.310899] (rclcpp) StdoutLine: {'line': b'-- Up-to-date: /home/yfu/projects/ros2-picas/install/rclcpp/include/rclcpp/wait_set_policies/sequential_synchronization.hpp\n'}
[1.311582] (rclcpp) StdoutLine: {'line': b'-- Up-to-date: /home/yfu/projects/ros2-picas/install/rclcpp/include/rclcpp/rclcpp.hpp\n'}
[1.311939] (rclcpp) StdoutLine: {'line': b'-- Up-to-date: /home/yfu/projects/ros2-picas/install/rclcpp/include/rclcpp/subscription_factory.hpp\n'}
[1.312654] (rclcpp) StdoutLine: {'line': b'-- Up-to-date: /home/yfu/projects/ros2-picas/install/rclcpp/include/rclcpp/generic_subscription.hpp\n'}
[1.313055] (rclcpp) StdoutLine: {'line': b'-- Up-to-date: /home/yfu/projects/ros2-picas/install/rclcpp/include/rclcpp/qos.hpp\n'}
[1.313394] (rclcpp) StdoutLine: {'line': b'-- Up-to-date: /home/yfu/projects/ros2-picas/install/rclcpp/include/rclcpp/executors\n'}
[1.313757] (rclcpp) StdoutLine: {'line': b'-- Up-to-date: /home/yfu/projects/ros2-picas/install/rclcpp/include/rclcpp/executors/single_threaded_executor.hpp\n'}
[1.314079] (rclcpp) StdoutLine: {'line': b'-- Up-to-date: /home/yfu/projects/ros2-picas/install/rclcpp/include/rclcpp/executors/multi_threaded_executor.hpp\n'}
[1.314512] (rclcpp) StdoutLine: {'line': b'-- Up-to-date: /home/yfu/projects/ros2-picas/install/rclcpp/include/rclcpp/executors/static_single_threaded_executor.hpp\n'}
[1.315573] (rclcpp) StdoutLine: {'line': b'-- Up-to-date: /home/yfu/projects/ros2-picas/install/rclcpp/include/rclcpp/executors/static_executor_entities_collector.hpp\n'}
[1.316415] (rclcpp) StdoutLine: {'line': b'-- Up-to-date: /home/yfu/projects/ros2-picas/install/rclcpp/include/rclcpp/detail\n'}
[1.316645] (rclcpp) StdoutLine: {'line': b'-- Up-to-date: /home/yfu/projects/ros2-picas/install/rclcpp/include/rclcpp/detail/rmw_implementation_specific_payload.hpp\n'}
[1.316851] (rclcpp) StdoutLine: {'line': b'-- Up-to-date: /home/yfu/projects/ros2-picas/install/rclcpp/include/rclcpp/detail/resolve_enable_topic_statistics.hpp\n'}
[1.317051] (rclcpp) StdoutLine: {'line': b'-- Up-to-date: /home/yfu/projects/ros2-picas/install/rclcpp/include/rclcpp/detail/README.md\n'}
[1.317247] (rclcpp) StdoutLine: {'line': b'-- Up-to-date: /home/yfu/projects/ros2-picas/install/rclcpp/include/rclcpp/detail/resolve_use_intra_process.hpp\n'}
[1.317440] (rclcpp) StdoutLine: {'line': b'-- Up-to-date: /home/yfu/projects/ros2-picas/install/rclcpp/include/rclcpp/detail/subscription_callback_type_helper.hpp\n'}
[1.317634] (rclcpp) StdoutLine: {'line': b'-- Up-to-date: /home/yfu/projects/ros2-picas/install/rclcpp/include/rclcpp/detail/qos_parameters.hpp\n'}
[1.317830] (rclcpp) StdoutLine: {'line': b'-- Up-to-date: /home/yfu/projects/ros2-picas/install/rclcpp/include/rclcpp/detail/utilities.hpp\n'}
[1.318024] (rclcpp) StdoutLine: {'line': b'-- Up-to-date: /home/yfu/projects/ros2-picas/install/rclcpp/include/rclcpp/detail/mutex_two_priorities.hpp\n'}
[1.318218] (rclcpp) StdoutLine: {'line': b'-- Up-to-date: /home/yfu/projects/ros2-picas/install/rclcpp/include/rclcpp/detail/rmw_implementation_specific_subscription_payload.hpp\n'}
[1.318413] (rclcpp) StdoutLine: {'line': b'-- Up-to-date: /home/yfu/projects/ros2-picas/install/rclcpp/include/rclcpp/detail/rmw_implementation_specific_publisher_payload.hpp\n'}
[1.318607] (rclcpp) StdoutLine: {'line': b'-- Up-to-date: /home/yfu/projects/ros2-picas/install/rclcpp/include/rclcpp/detail/resolve_intra_process_buffer_type.hpp\n'}
[1.318872] (rclcpp) StdoutLine: {'line': b'-- Up-to-date: /home/yfu/projects/ros2-picas/install/rclcpp/include/rclcpp/create_publisher.hpp\n'}
[1.319078] (rclcpp) StdoutLine: {'line': b'-- Up-to-date: /home/yfu/projects/ros2-picas/install/rclcpp/include/rclcpp/allocator\n'}
[1.319280] (rclcpp) StdoutLine: {'line': b'-- Up-to-date: /home/yfu/projects/ros2-picas/install/rclcpp/include/rclcpp/allocator/allocator_deleter.hpp\n'}
[1.319476] (rclcpp) StdoutLine: {'line': b'-- Up-to-date: /home/yfu/projects/ros2-picas/install/rclcpp/include/rclcpp/allocator/allocator_common.hpp\n'}
[1.319741] (rclcpp) StdoutLine: {'line': b'-- Up-to-date: /home/yfu/projects/ros2-picas/install/rclcpp/include/rclcpp/any_executable.hpp\n'}
[1.319944] (rclcpp) StdoutLine: {'line': b'-- Up-to-date: /home/yfu/projects/ros2-picas/install/rclcpp/include/rclcpp/create_timer.hpp\n'}
[1.320138] (rclcpp) StdoutLine: {'line': b'-- Up-to-date: /home/yfu/projects/ros2-picas/install/rclcpp/include/rclcpp/intra_process_setting.hpp\n'}
[1.320324] (rclcpp) StdoutLine: {'line': b'-- Up-to-date: /home/yfu/projects/ros2-picas/install/rclcpp/include/rclcpp/time_source.hpp\n'}
[1.320532] (rclcpp) StdoutLine: {'line': b'-- Up-to-date: /home/yfu/projects/ros2-picas/install/rclcpp/include/rclcpp/scope_exit.hpp\n'}
[1.320720] (rclcpp) StdoutLine: {'line': b'-- Up-to-date: /home/yfu/projects/ros2-picas/install/rclcpp/include/rclcpp/create_client.hpp\n'}
[1.320908] (rclcpp) StdoutLine: {'line': b'-- Up-to-date: /home/yfu/projects/ros2-picas/install/rclcpp/include/rclcpp/serialization.hpp\n'}
[1.321097] (rclcpp) StdoutLine: {'line': b'-- Up-to-date: /home/yfu/projects/ros2-picas/install/rclcpp/include/rclcpp/waitable.hpp\n'}
[1.321286] (rclcpp) StdoutLine: {'line': b'-- Up-to-date: /home/yfu/projects/ros2-picas/install/rclcpp/include/rclcpp/wait_result.hpp\n'}
[1.321473] (rclcpp) StdoutLine: {'line': b'-- Up-to-date: /home/yfu/projects/ros2-picas/install/rclcpp/include/rclcpp/message_memory_strategy.hpp\n'}
[1.321653] (rclcpp) StdoutLine: {'line': b'-- Up-to-date: /home/yfu/projects/ros2-picas/install/rclcpp/include/rclcpp/subscription_options.hpp\n'}
[1.321835] (rclcpp) StdoutLine: {'line': b'-- Up-to-date: /home/yfu/projects/ros2-picas/install/rclcpp/include/rclcpp/executor_options.hpp\n'}
[1.322015] (rclcpp) StdoutLine: {'line': b'-- Up-to-date: /home/yfu/projects/ros2-picas/install/rclcpp/include/rclcpp/init_options.hpp\n'}
[1.322196] (rclcpp) StdoutLine: {'line': b'-- Up-to-date: /home/yfu/projects/ros2-picas/install/rclcpp/include/rclcpp/create_service.hpp\n'}
[1.322379] (rclcpp) StdoutLine: {'line': b'-- Up-to-date: /home/yfu/projects/ros2-picas/install/rclcpp/include/rclcpp/context.hpp\n'}
[1.322558] (rclcpp) StdoutLine: {'line': b'-- Up-to-date: /home/yfu/projects/ros2-picas/install/rclcpp/include\n'}
[1.322738] (rclcpp) StdoutLine: {'line': b'-- Up-to-date: /home/yfu/projects/ros2-picas/install/rclcpp/include/rclcpp\n'}
[1.322917] (rclcpp) StdoutLine: {'line': b'-- Up-to-date: /home/yfu/projects/ros2-picas/install/rclcpp/include/rclcpp/logging.hpp\n'}
[1.323102] (rclcpp) StdoutLine: {'line': b'-- Up-to-date: /home/yfu/projects/ros2-picas/install/rclcpp/include/rclcpp/node_interfaces\n'}
[1.323281] (rclcpp) StdoutLine: {'line': b'-- Up-to-date: /home/yfu/projects/ros2-picas/install/rclcpp/include/rclcpp/node_interfaces/get_node_timers_interface.hpp\n'}
[1.323458] (rclcpp) StdoutLine: {'line': b'-- Up-to-date: /home/yfu/projects/ros2-picas/install/rclcpp/include/rclcpp/node_interfaces/node_timers_interface_traits.hpp\n'}
[1.323677] (rclcpp) StdoutLine: {'line': b'-- Up-to-date: /home/yfu/projects/ros2-picas/install/rclcpp/include/rclcpp/node_interfaces/get_node_clock_interface.hpp\n'}
[1.323852] (rclcpp) StdoutLine: {'line': b'-- Up-to-date: /home/yfu/projects/ros2-picas/install/rclcpp/include/rclcpp/node_interfaces/node_services_interface_traits.hpp\n'}
[1.324023] (rclcpp) StdoutLine: {'line': b'-- Up-to-date: /home/yfu/projects/ros2-picas/install/rclcpp/include/rclcpp/node_interfaces/get_node_topics_interface.hpp\n'}
[1.324195] (rclcpp) StdoutLine: {'line': b'-- Up-to-date: /home/yfu/projects/ros2-picas/install/rclcpp/include/rclcpp/node_interfaces/node_waitables_interface_traits.hpp\n'}
[1.324365] (rclcpp) StdoutLine: {'line': b'-- Up-to-date: /home/yfu/projects/ros2-picas/install/rclcpp/include/rclcpp/node_interfaces/node_logging_interface_traits.hpp\n'}
[1.324532] (rclcpp) StdoutLine: {'line': b'-- Up-to-date: /home/yfu/projects/ros2-picas/install/rclcpp/include/rclcpp/node_interfaces/get_node_graph_interface.hpp\n'}
[1.324702] (rclcpp) StdoutLine: {'line': b'-- Up-to-date: /home/yfu/projects/ros2-picas/install/rclcpp/include/rclcpp/node_interfaces/get_node_services_interface.hpp\n'}
[1.324867] (rclcpp) StdoutLine: {'line': b'-- Up-to-date: /home/yfu/projects/ros2-picas/install/rclcpp/include/rclcpp/node_interfaces/get_node_waitables_interface.hpp\n'}
[1.325039] (rclcpp) StdoutLine: {'line': b'-- Up-to-date: /home/yfu/projects/ros2-picas/install/rclcpp/include/rclcpp/node_interfaces/get_node_time_source_interface.hpp\n'}
[1.325206] (rclcpp) StdoutLine: {'line': b'-- Up-to-date: /home/yfu/projects/ros2-picas/install/rclcpp/include/rclcpp/node_interfaces/node_base_interface_traits.hpp\n'}
[1.325406] (rclcpp) StdoutLine: {'line': b'-- Up-to-date: /home/yfu/projects/ros2-picas/install/rclcpp/include/rclcpp/node_interfaces/node_clock_interface_traits.hpp\n'}
[1.325582] (rclcpp) StdoutLine: {'line': b'-- Up-to-date: /home/yfu/projects/ros2-picas/install/rclcpp/include/rclcpp/node_interfaces/node_graph_interface_traits.hpp\n'}
[1.325751] (rclcpp) StdoutLine: {'line': b'-- Up-to-date: /home/yfu/projects/ros2-picas/install/rclcpp/include/rclcpp/node_interfaces/node_parameters_interface_traits.hpp\n'}
[1.325923] (rclcpp) StdoutLine: {'line': b'-- Up-to-date: /home/yfu/projects/ros2-picas/install/rclcpp/include/rclcpp/node_interfaces/get_node_parameters_interface.hpp\n'}
[1.326150] (rclcpp) StdoutLine: {'line': b'-- Up-to-date: /home/yfu/projects/ros2-picas/install/rclcpp/include/rclcpp/node_interfaces/get_node_base_interface.hpp\n'}
[1.326333] (rclcpp) StdoutLine: {'line': b'-- Up-to-date: /home/yfu/projects/ros2-picas/install/rclcpp/include/rclcpp/node_interfaces/node_time_source_interface_traits.hpp\n'}
[1.326515] (rclcpp) StdoutLine: {'line': b'-- Up-to-date: /home/yfu/projects/ros2-picas/install/rclcpp/include/rclcpp/node_interfaces/node_topics_interface_traits.hpp\n'}
[1.326696] (rclcpp) StdoutLine: {'line': b'-- Up-to-date: /home/yfu/projects/ros2-picas/install/rclcpp/include/rclcpp/node_interfaces/get_node_logging_interface.hpp\n'}
[1.326880] (rclcpp) CommandEnded: {'returncode': 0}
[1.405211] (-) TimerEvent: {}
[1.413331] (rclcpp) JobEnded: {'identifier': 'rclcpp', 'rc': 0}
[1.416497] (trace_picas) JobStarted: {'identifier': 'trace_picas'}
[1.441632] (trace_picas) JobProgress: {'identifier': 'trace_picas', 'progress': 'cmake'}
[1.443778] (trace_picas) JobProgress: {'identifier': 'trace_picas', 'progress': 'build'}
[1.444461] (trace_picas) Command: {'cmd': ['/usr/bin/cmake', '--build', '/home/yfu/projects/ros2-picas/build/trace_picas', '--', '-j6', '-l6'], 'cwd': '/home/yfu/projects/ros2-picas/build/trace_picas', 'env': OrderedDict([('LESSOPEN', '| /usr/bin/lesspipe %s'), ('CONDA_PROMPT_MODIFIER', '(base)'), ('USER', 'yfu'), ('SSH_CLIENT', '172.19.37.200 13487 22'), ('XDG_SESSION_TYPE', 'tty'), ('SHLVL', '1'), ('LD_LIBRARY_PATH', '/home/yfu/projects/ros2-picas/install/rclcpp/lib:/home/yfu/projects/ros2-picas/install/test_msgs/lib:/home/yfu/projects/ros2-picas/install/trace_picas/lib:/opt/ros/galactic/opt/yaml_cpp_vendor/lib:/opt/ros/galactic/lib/aarch64-linux-gnu:/opt/ros/galactic/lib'), ('MOTD_SHOWN', 'pam'), ('HOME', '/home/yfu'), ('CONDA_SHLVL', '1'), ('OLDPWD', '/home/yfu/projects'), ('SSH_TTY', '/dev/pts/0'), ('JETSON_L4T', '35.4.1'), ('ROS_PYTHON_VERSION', '3'), ('JETSON_MODEL', 'NVIDIA Orin Nano Developer Kit'), ('DBUS_SESSION_BUS_ADDRESS', 'unix:path=/run/user/1001/bus'), ('COLCON_PREFIX_PATH', '/home/yfu/projects/ros2-picas/install'), ('ROS_DISTRO', 'galactic'), ('LOGNAME', 'yfu'), ('JETSON_MODULE', 'NVIDIA Jetson Orin Nano (Developer kit)'), ('JETSON_SERIAL_NUMBER', '1421523024361'), ('_', '/usr/bin/colcon'), ('ROS_VERSION', '2'), ('JETSON_CODENAME', 'P3768'), ('XDG_SESSION_CLASS', 'user'), ('TERM', 'xterm'), ('XDG_SESSION_ID', '656'), ('ROS_LOCALHOST_ONLY', '0'), ('PATH', '/usr/bin:/home/yfu/.local/bin:/opt/ros/galactic/bin:/home/yfu/Miniconda/ENTER/bin:/home/yfu/Miniconda/ENTER/condabin:$/home/yfu/Miniconda/ENTER/bin:/usr/local/sbin:/usr/local/bin:/usr/sbin:/usr/bin:/sbin:/bin:/usr/games:/usr/local/games:/snap/bin'), ('XDG_RUNTIME_DIR', '/run/user/1001'), ('DISPLAY', 'localhost:10.0'), ('LANG', 'en_US.UTF-8'), ('LS_COLORS', 'rs=0:di=01;34:ln=01;36:mh=00:pi=40;33:so=01;35:do=01;35:bd=40;33;01:cd=40;33;01:or=40;31;01:mi=00:su=37;41:sg=30;43:ca=30;41:tw=30;42:ow=34;42:st=37;44:ex=01;32:*.tar=01;31:*.tgz=01;31:*.arc=01;31:*.arj=01;31:*.taz=01;31:*.lha=01;31:*.lz4=01;31:*.lzh=01;31:*.lzma=01;31:*.tlz=01;31:*.txz=01;31:*.tzo=01;31:*.t7z=01;31:*.zip=01;31:*.z=01;31:*.dz=01;31:*.gz=01;31:*.lrz=01;31:*.lz=01;31:*.lzo=01;31:*.xz=01;31:*.zst=01;31:*.tzst=01;31:*.bz2=01;31:*.bz=01;31:*.tbz=01;31:*.tbz2=01;31:*.tz=01;31:*.deb=01;31:*.rpm=01;31:*.jar=01;31:*.war=01;31:*.ear=01;31:*.sar=01;31:*.rar=01;31:*.alz=01;31:*.ace=01;31:*.zoo=01;31:*.cpio=01;31:*.7z=01;31:*.rz=01;31:*.cab=01;31:*.wim=01;31:*.swm=01;31:*.dwm=01;31:*.esd=01;31:*.jpg=01;35:*.jpeg=01;35:*.mjpg=01;35:*.mjpeg=01;35:*.gif=01;35:*.bmp=01;35:*.pbm=01;35:*.pgm=01;35:*.ppm=01;35:*.tga=01;35:*.xbm=01;35:*.xpm=01;35:*.tif=01;35:*.tiff=01;35:*.png=01;35:*.svg=01;35:*.svgz=01;35:*.mng=01;35:*.pcx=01;35:*.mov=01;35:*.mpg=01;35:*.mpeg=01;35:*.m2v=01;35:*.mkv=01;35:*.webm=01;35:*.ogm=01;35:*.mp4=01;35:*.m4v=01;35:*.mp4v=01;35:*.vob=01;35:*.qt=01;35:*.nuv=01;35:*.wmv=01;35:*.asf=01;35:*.rm=01;35:*.rmvb=01;35:*.flc=01;35:*.avi=01;35:*.fli=01;35:*.flv=01;35:*.gl=01;35:*.dl=01;35:*.xcf=01;35:*.xwd=01;35:*.yuv=01;35:*.cgm=01;35:*.emf=01;35:*.ogv=01;35:*.ogx=01;35:*.aac=00;36:*.au=00;36:*.flac=00;36:*.m4a=00;36:*.mid=00;36:*.midi=00;36:*.mka=00;36:*.mp3=00;36:*.mpc=00;36:*.ogg=00;36:*.ra=00;36:*.wav=00;36:*.oga=00;36:*.opus=00;36:*.spx=00;36:*.xspf=00;36:'), ('JETSON_SOC', 'tegra23x'), ('AMENT_PREFIX_PATH', '/home/yfu/projects/ros2-picas/install/picas_example_mt:/home/yfu/projects/ros2-picas/install/picas_example:/home/yfu/projects/ros2-picas/install/trace_picas:/home/yfu/projects/ros2-picas/install/test_msgs:/home/yfu/projects/ros2-picas/install/rclcpp:/opt/ros/galactic'), ('CONDA_PYTHON_EXE', '/home/yfu/Miniconda/ENTER/bin/python'), ('SHELL', '/bin/bash'), ('LESSCLOSE', '/usr/bin/lesspipe %s %s'), ('CONDA_DEFAULT_ENV', 'base'), ('JETSON_CUDA_ARCH_BIN', '8.7'), ('PWD', '/home/yfu/projects/ros2-picas/build/trace_picas'), ('CONDA_EXE', '/home/yfu/Miniconda/ENTER/bin/conda'), ('SSH_CONNECTION', '172.19.37.200 13487 192.168.0.226 22'), ('XDG_DATA_DIRS', '/usr/local/share:/usr/share:/var/lib/snapd/desktop'), ('PYTHONPATH', '/home/yfu/projects/ros2-picas/install/test_msgs/lib/python3.8/site-packages:/opt/ros/galactic/lib/python3.8/site-packages'), ('CONDA_PREFIX', '/home/yfu/Miniconda/ENTER'), ('COLCON', '1'), ('JETSON_JETPACK', '5.1.2'), ('CMAKE_PREFIX_PATH', '/home/yfu/projects/ros2-picas/install/rclcpp:/home/yfu/projects/ros2-picas/install/test_msgs:/home/yfu/projects/ros2-picas/install/picas_example_mt:/home/yfu/projects/ros2-picas/install/picas_example:/home/yfu/projects/ros2-picas/install/trace_picas:/opt/ros/galactic'), ('JETSON_P_NUMBER', 'p3767-0005')]), 'shell': False}
[1.505574] (-) TimerEvent: {}
[1.574662] (trace_picas) StdoutLine: {'line': b'[100%] Built target trace_picas\n'}
[1.605954] (-) TimerEvent: {}
[1.608307] (trace_picas) CommandEnded: {'returncode': 0}
[1.609914] (trace_picas) JobProgress: {'identifier': 'trace_picas', 'progress': 'install'}
[1.610548] (trace_picas) Command: {'cmd': ['/usr/bin/cmake', '--install', '/home/yfu/projects/ros2-picas/build/trace_picas'], 'cwd': '/home/yfu/projects/ros2-picas/build/trace_picas', 'env': OrderedDict([('LESSOPEN', '| /usr/bin/lesspipe %s'), ('CONDA_PROMPT_MODIFIER', '(base)'), ('USER', 'yfu'), ('SSH_CLIENT', '172.19.37.200 13487 22'), ('XDG_SESSION_TYPE', 'tty'), ('SHLVL', '1'), ('LD_LIBRARY_PATH', '/home/yfu/projects/ros2-picas/install/rclcpp/lib:/home/yfu/projects/ros2-picas/install/test_msgs/lib:/home/yfu/projects/ros2-picas/install/trace_picas/lib:/opt/ros/galactic/opt/yaml_cpp_vendor/lib:/opt/ros/galactic/lib/aarch64-linux-gnu:/opt/ros/galactic/lib'), ('MOTD_SHOWN', 'pam'), ('HOME', '/home/yfu'), ('CONDA_SHLVL', '1'), ('OLDPWD', '/home/yfu/projects'), ('SSH_TTY', '/dev/pts/0'), ('JETSON_L4T', '35.4.1'), ('ROS_PYTHON_VERSION', '3'), ('JETSON_MODEL', 'NVIDIA Orin Nano Developer Kit'), ('DBUS_SESSION_BUS_ADDRESS', 'unix:path=/run/user/1001/bus'), ('COLCON_PREFIX_PATH', '/home/yfu/projects/ros2-picas/install'), ('ROS_DISTRO', 'galactic'), ('LOGNAME', 'yfu'), ('JETSON_MODULE', 'NVIDIA Jetson Orin Nano (Developer kit)'), ('JETSON_SERIAL_NUMBER', '1421523024361'), ('_', '/usr/bin/colcon'), ('ROS_VERSION', '2'), ('JETSON_CODENAME', 'P3768'), ('XDG_SESSION_CLASS', 'user'), ('TERM', 'xterm'), ('XDG_SESSION_ID', '656'), ('ROS_LOCALHOST_ONLY', '0'), ('PATH', '/usr/bin:/home/yfu/.local/bin:/opt/ros/galactic/bin:/home/yfu/Miniconda/ENTER/bin:/home/yfu/Miniconda/ENTER/condabin:$/home/yfu/Miniconda/ENTER/bin:/usr/local/sbin:/usr/local/bin:/usr/sbin:/usr/bin:/sbin:/bin:/usr/games:/usr/local/games:/snap/bin'), ('XDG_RUNTIME_DIR', '/run/user/1001'), ('DISPLAY', 'localhost:10.0'), ('LANG', 'en_US.UTF-8'), ('LS_COLORS', 'rs=0:di=01;34:ln=01;36:mh=00:pi=40;33:so=01;35:do=01;35:bd=40;33;01:cd=40;33;01:or=40;31;01:mi=00:su=37;41:sg=30;43:ca=30;41:tw=30;42:ow=34;42:st=37;44:ex=01;32:*.tar=01;31:*.tgz=01;31:*.arc=01;31:*.arj=01;31:*.taz=01;31:*.lha=01;31:*.lz4=01;31:*.lzh=01;31:*.lzma=01;31:*.tlz=01;31:*.txz=01;31:*.tzo=01;31:*.t7z=01;31:*.zip=01;31:*.z=01;31:*.dz=01;31:*.gz=01;31:*.lrz=01;31:*.lz=01;31:*.lzo=01;31:*.xz=01;31:*.zst=01;31:*.tzst=01;31:*.bz2=01;31:*.bz=01;31:*.tbz=01;31:*.tbz2=01;31:*.tz=01;31:*.deb=01;31:*.rpm=01;31:*.jar=01;31:*.war=01;31:*.ear=01;31:*.sar=01;31:*.rar=01;31:*.alz=01;31:*.ace=01;31:*.zoo=01;31:*.cpio=01;31:*.7z=01;31:*.rz=01;31:*.cab=01;31:*.wim=01;31:*.swm=01;31:*.dwm=01;31:*.esd=01;31:*.jpg=01;35:*.jpeg=01;35:*.mjpg=01;35:*.mjpeg=01;35:*.gif=01;35:*.bmp=01;35:*.pbm=01;35:*.pgm=01;35:*.ppm=01;35:*.tga=01;35:*.xbm=01;35:*.xpm=01;35:*.tif=01;35:*.tiff=01;35:*.png=01;35:*.svg=01;35:*.svgz=01;35:*.mng=01;35:*.pcx=01;35:*.mov=01;35:*.mpg=01;35:*.mpeg=01;35:*.m2v=01;35:*.mkv=01;35:*.webm=01;35:*.ogm=01;35:*.mp4=01;35:*.m4v=01;35:*.mp4v=01;35:*.vob=01;35:*.qt=01;35:*.nuv=01;35:*.wmv=01;35:*.asf=01;35:*.rm=01;35:*.rmvb=01;35:*.flc=01;35:*.avi=01;35:*.fli=01;35:*.flv=01;35:*.gl=01;35:*.dl=01;35:*.xcf=01;35:*.xwd=01;35:*.yuv=01;35:*.cgm=01;35:*.emf=01;35:*.ogv=01;35:*.ogx=01;35:*.aac=00;36:*.au=00;36:*.flac=00;36:*.m4a=00;36:*.mid=00;36:*.midi=00;36:*.mka=00;36:*.mp3=00;36:*.mpc=00;36:*.ogg=00;36:*.ra=00;36:*.wav=00;36:*.oga=00;36:*.opus=00;36:*.spx=00;36:*.xspf=00;36:'), ('JETSON_SOC', 'tegra23x'), ('AMENT_PREFIX_PATH', '/home/yfu/projects/ros2-picas/install/picas_example_mt:/home/yfu/projects/ros2-picas/install/picas_example:/home/yfu/projects/ros2-picas/install/trace_picas:/home/yfu/projects/ros2-picas/install/test_msgs:/home/yfu/projects/ros2-picas/install/rclcpp:/opt/ros/galactic'), ('CONDA_PYTHON_EXE', '/home/yfu/Miniconda/ENTER/bin/python'), ('SHELL', '/bin/bash'), ('LESSCLOSE', '/usr/bin/lesspipe %s %s'), ('CONDA_DEFAULT_ENV', 'base'), ('JETSON_CUDA_ARCH_BIN', '8.7'), ('PWD', '/home/yfu/projects/ros2-picas/build/trace_picas'), ('CONDA_EXE', '/home/yfu/Miniconda/ENTER/bin/conda'), ('SSH_CONNECTION', '172.19.37.200 13487 192.168.0.226 22'), ('XDG_DATA_DIRS', '/usr/local/share:/usr/share:/var/lib/snapd/desktop'), ('PYTHONPATH', '/home/yfu/projects/ros2-picas/install/test_msgs/lib/python3.8/site-packages:/opt/ros/galactic/lib/python3.8/site-packages'), ('CONDA_PREFIX', '/home/yfu/Miniconda/ENTER'), ('COLCON', '1'), ('JETSON_JETPACK', '5.1.2'), ('CMAKE_PREFIX_PATH', '/home/yfu/projects/ros2-picas/install/rclcpp:/home/yfu/projects/ros2-picas/install/test_msgs:/home/yfu/projects/ros2-picas/install/picas_example_mt:/home/yfu/projects/ros2-picas/install/picas_example:/home/yfu/projects/ros2-picas/install/trace_picas:/opt/ros/galactic'), ('JETSON_P_NUMBER', 'p3767-0005')]), 'shell': False}
[1.640786] (trace_picas) StdoutLine: {'line': b'-- Install configuration: ""\n'}
[1.641706] (trace_picas) StdoutLine: {'line': b'-- Up-to-date: /home/yfu/projects/ros2-picas/install/trace_picas/share/trace_picas/environment/library_path.sh\n'}
[1.641979] (trace_picas) StdoutLine: {'line': b'-- Up-to-date: /home/yfu/projects/ros2-picas/install/trace_picas/share/trace_picas/environment/library_path.dsv\n'}
[1.642193] (trace_picas) StdoutLine: {'line': b'-- Up-to-date: /home/yfu/projects/ros2-picas/install/trace_picas/include/trace_picas/\n'}
[1.642401] (trace_picas) StdoutLine: {'line': b'-- Up-to-date: /home/yfu/projects/ros2-picas/install/trace_picas/include/trace_picas//trace.hpp\n'}
[1.642614] (trace_picas) StdoutLine: {'line': b'-- Up-to-date: /home/yfu/projects/ros2-picas/install/trace_picas/lib/libtrace_picas.a\n'}
[1.642772] (trace_picas) StdoutLine: {'line': b'-- Up-to-date: /home/yfu/projects/ros2-picas/install/trace_picas/share/ament_index/resource_index/package_run_dependencies/trace_picas\n'}
[1.642928] (trace_picas) StdoutLine: {'line': b'-- Up-to-date: /home/yfu/projects/ros2-picas/install/trace_picas/share/ament_index/resource_index/parent_prefix_path/trace_picas\n'}
[1.643141] (trace_picas) StdoutLine: {'line': b'-- Up-to-date: /home/yfu/projects/ros2-picas/install/trace_picas/share/trace_picas/environment/ament_prefix_path.sh\n'}
[1.643318] (trace_picas) StdoutLine: {'line': b'-- Up-to-date: /home/yfu/projects/ros2-picas/install/trace_picas/share/trace_picas/environment/ament_prefix_path.dsv\n'}
[1.643460] (trace_picas) StdoutLine: {'line': b'-- Up-to-date: /home/yfu/projects/ros2-picas/install/trace_picas/share/trace_picas/environment/path.sh\n'}
[1.643772] (trace_picas) StdoutLine: {'line': b'-- Up-to-date: /home/yfu/projects/ros2-picas/install/trace_picas/share/trace_picas/environment/path.dsv\n'}
[1.643976] (trace_picas) StdoutLine: {'line': b'-- Up-to-date: /home/yfu/projects/ros2-picas/install/trace_picas/share/trace_picas/local_setup.bash\n'}
[1.644156] (trace_picas) StdoutLine: {'line': b'-- Up-to-date: /home/yfu/projects/ros2-picas/install/trace_picas/share/trace_picas/local_setup.sh\n'}
[1.644353] (trace_picas) StdoutLine: {'line': b'-- Up-to-date: /home/yfu/projects/ros2-picas/install/trace_picas/share/trace_picas/local_setup.zsh\n'}
[1.644549] (trace_picas) StdoutLine: {'line': b'-- Up-to-date: /home/yfu/projects/ros2-picas/install/trace_picas/share/trace_picas/local_setup.dsv\n'}
[1.644726] (trace_picas) StdoutLine: {'line': b'-- Installing: /home/yfu/projects/ros2-picas/install/trace_picas/share/trace_picas/package.dsv\n'}
[1.644904] (trace_picas) StdoutLine: {'line': b'-- Up-to-date: /home/yfu/projects/ros2-picas/install/trace_picas/share/ament_index/resource_index/packages/trace_picas\n'}
[1.645049] (trace_picas) StdoutLine: {'line': b'-- Up-to-date: /home/yfu/projects/ros2-picas/install/trace_picas/share/trace_picas/cmake/export_traceExport.cmake\n'}
[1.645193] (trace_picas) StdoutLine: {'line': b'-- Up-to-date: /home/yfu/projects/ros2-picas/install/trace_picas/share/trace_picas/cmake/export_traceExport-noconfig.cmake\n'}
[1.645340] (trace_picas) StdoutLine: {'line': b'-- Up-to-date: /home/yfu/projects/ros2-picas/install/trace_picas/share/trace_picas/cmake/ament_cmake_export_dependencies-extras.cmake\n'}
[1.645481] (trace_picas) StdoutLine: {'line': b'-- Up-to-date: /home/yfu/projects/ros2-picas/install/trace_picas/share/trace_picas/cmake/ament_cmake_export_targets-extras.cmake\n'}
[1.645622] (trace_picas) StdoutLine: {'line': b'-- Up-to-date: /home/yfu/projects/ros2-picas/install/trace_picas/share/trace_picas/cmake/ament_cmake_export_include_directories-extras.cmake\n'}
[1.645766] (trace_picas) StdoutLine: {'line': b'-- Up-to-date: /home/yfu/projects/ros2-picas/install/trace_picas/share/trace_picas/cmake/ament_cmake_export_libraries-extras.cmake\n'}
[1.645903] (trace_picas) StdoutLine: {'line': b'-- Up-to-date: /home/yfu/projects/ros2-picas/install/trace_picas/share/trace_picas/cmake/trace_picasConfig.cmake\n'}
[1.646035] (trace_picas) StdoutLine: {'line': b'-- Up-to-date: /home/yfu/projects/ros2-picas/install/trace_picas/share/trace_picas/cmake/trace_picasConfig-version.cmake\n'}
[1.646167] (trace_picas) StdoutLine: {'line': b'-- Up-to-date: /home/yfu/projects/ros2-picas/install/trace_picas/share/trace_picas/package.xml\n'}
[1.662267] (trace_picas) CommandEnded: {'returncode': 0}
[1.706058] (-) TimerEvent: {}
[1.806987] (trace_picas) JobEnded: {'identifier': 'trace_picas', 'rc': 0}
[1.809953] (-) TimerEvent: {}
[1.810254] (picas_example) JobStarted: {'identifier': 'picas_example'}
[1.825503] (picas_example_mt) JobStarted: {'identifier': 'picas_example_mt'}
[1.847438] (picas_example) JobProgress: {'identifier': 'picas_example', 'progress': 'cmake'}
[1.849694] (picas_example) JobProgress: {'identifier': 'picas_example', 'progress': 'build'}
[1.850280] (picas_example) Command: {'cmd': ['/usr/bin/cmake', '--build', '/home/yfu/projects/ros2-picas/build/picas_example', '--', '-j6', '-l6'], 'cwd': '/home/yfu/projects/ros2-picas/build/picas_example', 'env': OrderedDict([('LESSOPEN', '| /usr/bin/lesspipe %s'), ('CONDA_PROMPT_MODIFIER', '(base)'), ('USER', 'yfu'), ('SSH_CLIENT', '172.19.37.200 13487 22'), ('XDG_SESSION_TYPE', 'tty'), ('SHLVL', '1'), ('LD_LIBRARY_PATH', '/home/yfu/projects/ros2-picas/install/rclcpp/lib:/home/yfu/projects/ros2-picas/install/test_msgs/lib:/home/yfu/projects/ros2-picas/install/trace_picas/lib:/opt/ros/galactic/opt/yaml_cpp_vendor/lib:/opt/ros/galactic/lib/aarch64-linux-gnu:/opt/ros/galactic/lib'), ('MOTD_SHOWN', 'pam'), ('HOME', '/home/yfu'), ('CONDA_SHLVL', '1'), ('OLDPWD', '/home/yfu/projects'), ('SSH_TTY', '/dev/pts/0'), ('JETSON_L4T', '35.4.1'), ('ROS_PYTHON_VERSION', '3'), ('JETSON_MODEL', 'NVIDIA Orin Nano Developer Kit'), ('DBUS_SESSION_BUS_ADDRESS', 'unix:path=/run/user/1001/bus'), ('COLCON_PREFIX_PATH', '/home/yfu/projects/ros2-picas/install'), ('ROS_DISTRO', 'galactic'), ('LOGNAME', 'yfu'), ('JETSON_MODULE', 'NVIDIA Jetson Orin Nano (Developer kit)'), ('JETSON_SERIAL_NUMBER', '1421523024361'), ('_', '/usr/bin/colcon'), ('ROS_VERSION', '2'), ('JETSON_CODENAME', 'P3768'), ('XDG_SESSION_CLASS', 'user'), ('TERM', 'xterm'), ('XDG_SESSION_ID', '656'), ('ROS_LOCALHOST_ONLY', '0'), ('PATH', '/usr/bin:/home/yfu/.local/bin:/opt/ros/galactic/bin:/home/yfu/Miniconda/ENTER/bin:/home/yfu/Miniconda/ENTER/condabin:$/home/yfu/Miniconda/ENTER/bin:/usr/local/sbin:/usr/local/bin:/usr/sbin:/usr/bin:/sbin:/bin:/usr/games:/usr/local/games:/snap/bin'), ('XDG_RUNTIME_DIR', '/run/user/1001'), ('DISPLAY', 'localhost:10.0'), ('LANG', 'en_US.UTF-8'), ('LS_COLORS', 'rs=0:di=01;34:ln=01;36:mh=00:pi=40;33:so=01;35:do=01;35:bd=40;33;01:cd=40;33;01:or=40;31;01:mi=00:su=37;41:sg=30;43:ca=30;41:tw=30;42:ow=34;42:st=37;44:ex=01;32:*.tar=01;31:*.tgz=01;31:*.arc=01;31:*.arj=01;31:*.taz=01;31:*.lha=01;31:*.lz4=01;31:*.lzh=01;31:*.lzma=01;31:*.tlz=01;31:*.txz=01;31:*.tzo=01;31:*.t7z=01;31:*.zip=01;31:*.z=01;31:*.dz=01;31:*.gz=01;31:*.lrz=01;31:*.lz=01;31:*.lzo=01;31:*.xz=01;31:*.zst=01;31:*.tzst=01;31:*.bz2=01;31:*.bz=01;31:*.tbz=01;31:*.tbz2=01;31:*.tz=01;31:*.deb=01;31:*.rpm=01;31:*.jar=01;31:*.war=01;31:*.ear=01;31:*.sar=01;31:*.rar=01;31:*.alz=01;31:*.ace=01;31:*.zoo=01;31:*.cpio=01;31:*.7z=01;31:*.rz=01;31:*.cab=01;31:*.wim=01;31:*.swm=01;31:*.dwm=01;31:*.esd=01;31:*.jpg=01;35:*.jpeg=01;35:*.mjpg=01;35:*.mjpeg=01;35:*.gif=01;35:*.bmp=01;35:*.pbm=01;35:*.pgm=01;35:*.ppm=01;35:*.tga=01;35:*.xbm=01;35:*.xpm=01;35:*.tif=01;35:*.tiff=01;35:*.png=01;35:*.svg=01;35:*.svgz=01;35:*.mng=01;35:*.pcx=01;35:*.mov=01;35:*.mpg=01;35:*.mpeg=01;35:*.m2v=01;35:*.mkv=01;35:*.webm=01;35:*.ogm=01;35:*.mp4=01;35:*.m4v=01;35:*.mp4v=01;35:*.vob=01;35:*.qt=01;35:*.nuv=01;35:*.wmv=01;35:*.asf=01;35:*.rm=01;35:*.rmvb=01;35:*.flc=01;35:*.avi=01;35:*.fli=01;35:*.flv=01;35:*.gl=01;35:*.dl=01;35:*.xcf=01;35:*.xwd=01;35:*.yuv=01;35:*.cgm=01;35:*.emf=01;35:*.ogv=01;35:*.ogx=01;35:*.aac=00;36:*.au=00;36:*.flac=00;36:*.m4a=00;36:*.mid=00;36:*.midi=00;36:*.mka=00;36:*.mp3=00;36:*.mpc=00;36:*.ogg=00;36:*.ra=00;36:*.wav=00;36:*.oga=00;36:*.opus=00;36:*.spx=00;36:*.xspf=00;36:'), ('JETSON_SOC', 'tegra23x'), ('AMENT_PREFIX_PATH', '/home/yfu/projects/ros2-picas/install/picas_example_mt:/home/yfu/projects/ros2-picas/install/picas_example:/home/yfu/projects/ros2-picas/install/trace_picas:/home/yfu/projects/ros2-picas/install/test_msgs:/home/yfu/projects/ros2-picas/install/rclcpp:/opt/ros/galactic'), ('CONDA_PYTHON_EXE', '/home/yfu/Miniconda/ENTER/bin/python'), ('SHELL', '/bin/bash'), ('LESSCLOSE', '/usr/bin/lesspipe %s %s'), ('CONDA_DEFAULT_ENV', 'base'), ('JETSON_CUDA_ARCH_BIN', '8.7'), ('PWD', '/home/yfu/projects/ros2-picas/build/picas_example'), ('CONDA_EXE', '/home/yfu/Miniconda/ENTER/bin/conda'), ('SSH_CONNECTION', '172.19.37.200 13487 192.168.0.226 22'), ('XDG_DATA_DIRS', '/usr/local/share:/usr/share:/var/lib/snapd/desktop'), ('PYTHONPATH', '/home/yfu/projects/ros2-picas/install/test_msgs/lib/python3.8/site-packages:/opt/ros/galactic/lib/python3.8/site-packages'), ('CONDA_PREFIX', '/home/yfu/Miniconda/ENTER'), ('COLCON', '1'), ('JETSON_JETPACK', '5.1.2'), ('CMAKE_PREFIX_PATH', '/home/yfu/projects/ros2-picas/install/trace_picas:/home/yfu/projects/ros2-picas/install/rclcpp:/home/yfu/projects/ros2-picas/install/test_msgs:/home/yfu/projects/ros2-picas/install/picas_example_mt:/home/yfu/projects/ros2-picas/install/picas_example:/opt/ros/galactic'), ('JETSON_P_NUMBER', 'p3767-0005')]), 'shell': False}
[1.861094] (picas_example_mt) JobProgress: {'identifier': 'picas_example_mt', 'progress': 'cmake'}
[1.862588] (picas_example_mt) JobProgress: {'identifier': 'picas_example_mt', 'progress': 'build'}
[1.863130] (picas_example_mt) Command: {'cmd': ['/usr/bin/cmake', '--build', '/home/yfu/projects/ros2-picas/build/picas_example_mt', '--', '-j6', '-l6'], 'cwd': '/home/yfu/projects/ros2-picas/build/picas_example_mt', 'env': OrderedDict([('LESSOPEN', '| /usr/bin/lesspipe %s'), ('CONDA_PROMPT_MODIFIER', '(base)'), ('USER', 'yfu'), ('SSH_CLIENT', '172.19.37.200 13487 22'), ('XDG_SESSION_TYPE', 'tty'), ('SHLVL', '1'), ('LD_LIBRARY_PATH', '/home/yfu/projects/ros2-picas/install/rclcpp/lib:/home/yfu/projects/ros2-picas/install/test_msgs/lib:/home/yfu/projects/ros2-picas/install/trace_picas/lib:/opt/ros/galactic/opt/yaml_cpp_vendor/lib:/opt/ros/galactic/lib/aarch64-linux-gnu:/opt/ros/galactic/lib'), ('MOTD_SHOWN', 'pam'), ('HOME', '/home/yfu'), ('CONDA_SHLVL', '1'), ('OLDPWD', '/home/yfu/projects'), ('SSH_TTY', '/dev/pts/0'), ('JETSON_L4T', '35.4.1'), ('ROS_PYTHON_VERSION', '3'), ('JETSON_MODEL', 'NVIDIA Orin Nano Developer Kit'), ('DBUS_SESSION_BUS_ADDRESS', 'unix:path=/run/user/1001/bus'), ('COLCON_PREFIX_PATH', '/home/yfu/projects/ros2-picas/install'), ('ROS_DISTRO', 'galactic'), ('LOGNAME', 'yfu'), ('JETSON_MODULE', 'NVIDIA Jetson Orin Nano (Developer kit)'), ('JETSON_SERIAL_NUMBER', '1421523024361'), ('_', '/usr/bin/colcon'), ('ROS_VERSION', '2'), ('JETSON_CODENAME', 'P3768'), ('XDG_SESSION_CLASS', 'user'), ('TERM', 'xterm'), ('XDG_SESSION_ID', '656'), ('ROS_LOCALHOST_ONLY', '0'), ('PATH', '/usr/bin:/home/yfu/.local/bin:/opt/ros/galactic/bin:/home/yfu/Miniconda/ENTER/bin:/home/yfu/Miniconda/ENTER/condabin:$/home/yfu/Miniconda/ENTER/bin:/usr/local/sbin:/usr/local/bin:/usr/sbin:/usr/bin:/sbin:/bin:/usr/games:/usr/local/games:/snap/bin'), ('XDG_RUNTIME_DIR', '/run/user/1001'), ('DISPLAY', 'localhost:10.0'), ('LANG', 'en_US.UTF-8'), ('LS_COLORS', 'rs=0:di=01;34:ln=01;36:mh=00:pi=40;33:so=01;35:do=01;35:bd=40;33;01:cd=40;33;01:or=40;31;01:mi=00:su=37;41:sg=30;43:ca=30;41:tw=30;42:ow=34;42:st=37;44:ex=01;32:*.tar=01;31:*.tgz=01;31:*.arc=01;31:*.arj=01;31:*.taz=01;31:*.lha=01;31:*.lz4=01;31:*.lzh=01;31:*.lzma=01;31:*.tlz=01;31:*.txz=01;31:*.tzo=01;31:*.t7z=01;31:*.zip=01;31:*.z=01;31:*.dz=01;31:*.gz=01;31:*.lrz=01;31:*.lz=01;31:*.lzo=01;31:*.xz=01;31:*.zst=01;31:*.tzst=01;31:*.bz2=01;31:*.bz=01;31:*.tbz=01;31:*.tbz2=01;31:*.tz=01;31:*.deb=01;31:*.rpm=01;31:*.jar=01;31:*.war=01;31:*.ear=01;31:*.sar=01;31:*.rar=01;31:*.alz=01;31:*.ace=01;31:*.zoo=01;31:*.cpio=01;31:*.7z=01;31:*.rz=01;31:*.cab=01;31:*.wim=01;31:*.swm=01;31:*.dwm=01;31:*.esd=01;31:*.jpg=01;35:*.jpeg=01;35:*.mjpg=01;35:*.mjpeg=01;35:*.gif=01;35:*.bmp=01;35:*.pbm=01;35:*.pgm=01;35:*.ppm=01;35:*.tga=01;35:*.xbm=01;35:*.xpm=01;35:*.tif=01;35:*.tiff=01;35:*.png=01;35:*.svg=01;35:*.svgz=01;35:*.mng=01;35:*.pcx=01;35:*.mov=01;35:*.mpg=01;35:*.mpeg=01;35:*.m2v=01;35:*.mkv=01;35:*.webm=01;35:*.ogm=01;35:*.mp4=01;35:*.m4v=01;35:*.mp4v=01;35:*.vob=01;35:*.qt=01;35:*.nuv=01;35:*.wmv=01;35:*.asf=01;35:*.rm=01;35:*.rmvb=01;35:*.flc=01;35:*.avi=01;35:*.fli=01;35:*.flv=01;35:*.gl=01;35:*.dl=01;35:*.xcf=01;35:*.xwd=01;35:*.yuv=01;35:*.cgm=01;35:*.emf=01;35:*.ogv=01;35:*.ogx=01;35:*.aac=00;36:*.au=00;36:*.flac=00;36:*.m4a=00;36:*.mid=00;36:*.midi=00;36:*.mka=00;36:*.mp3=00;36:*.mpc=00;36:*.ogg=00;36:*.ra=00;36:*.wav=00;36:*.oga=00;36:*.opus=00;36:*.spx=00;36:*.xspf=00;36:'), ('JETSON_SOC', 'tegra23x'), ('AMENT_PREFIX_PATH', '/home/yfu/projects/ros2-picas/install/picas_example_mt:/home/yfu/projects/ros2-picas/install/picas_example:/home/yfu/projects/ros2-picas/install/trace_picas:/home/yfu/projects/ros2-picas/install/test_msgs:/home/yfu/projects/ros2-picas/install/rclcpp:/opt/ros/galactic'), ('CONDA_PYTHON_EXE', '/home/yfu/Miniconda/ENTER/bin/python'), ('SHELL', '/bin/bash'), ('LESSCLOSE', '/usr/bin/lesspipe %s %s'), ('CONDA_DEFAULT_ENV', 'base'), ('JETSON_CUDA_ARCH_BIN', '8.7'), ('PWD', '/home/yfu/projects/ros2-picas/build/picas_example_mt'), ('CONDA_EXE', '/home/yfu/Miniconda/ENTER/bin/conda'), ('SSH_CONNECTION', '172.19.37.200 13487 192.168.0.226 22'), ('XDG_DATA_DIRS', '/usr/local/share:/usr/share:/var/lib/snapd/desktop'), ('PYTHONPATH', '/home/yfu/projects/ros2-picas/install/test_msgs/lib/python3.8/site-packages:/opt/ros/galactic/lib/python3.8/site-packages'), ('CONDA_PREFIX', '/home/yfu/Miniconda/ENTER'), ('COLCON', '1'), ('JETSON_JETPACK', '5.1.2'), ('CMAKE_PREFIX_PATH', '/home/yfu/projects/ros2-picas/install/trace_picas:/home/yfu/projects/ros2-picas/install/rclcpp:/home/yfu/projects/ros2-picas/install/test_msgs:/home/yfu/projects/ros2-picas/install/picas_example_mt:/home/yfu/projects/ros2-picas/install/picas_example:/opt/ros/galactic'), ('JETSON_P_NUMBER', 'p3767-0005')]), 'shell': False}
[1.910350] (-) TimerEvent: {}
[1.962417] (picas_example) StdoutLine: {'line': b'\x1b[35m\x1b[1mScanning dependencies of target example\x1b[0m\n'}
[1.997511] (picas_example) StdoutLine: {'line': b'[ 66%] Built target sstest\n'}
[1.998334] (picas_example) StdoutLine: {'line': b'[ 66%] Built target case_study\n'}
[2.010527] (-) TimerEvent: {}
[2.021413] (picas_example_mt) StdoutLine: {'line': b'[100%] Built target example_mt\n'}
[2.031257] (picas_example) StdoutLine: {'line': b'[ 83%] \x1b[32mBuilding CXX object CMakeFiles/example.dir/src/example.cpp.o\x1b[0m\n'}
[2.051784] (picas_example_mt) CommandEnded: {'returncode': 0}
[2.054374] (picas_example_mt) JobProgress: {'identifier': 'picas_example_mt', 'progress': 'install'}
[2.055167] (picas_example_mt) Command: {'cmd': ['/usr/bin/cmake', '--install', '/home/yfu/projects/ros2-picas/build/picas_example_mt'], 'cwd': '/home/yfu/projects/ros2-picas/build/picas_example_mt', 'env': OrderedDict([('LESSOPEN', '| /usr/bin/lesspipe %s'), ('CONDA_PROMPT_MODIFIER', '(base)'), ('USER', 'yfu'), ('SSH_CLIENT', '172.19.37.200 13487 22'), ('XDG_SESSION_TYPE', 'tty'), ('SHLVL', '1'), ('LD_LIBRARY_PATH', '/home/yfu/projects/ros2-picas/install/rclcpp/lib:/home/yfu/projects/ros2-picas/install/test_msgs/lib:/home/yfu/projects/ros2-picas/install/trace_picas/lib:/opt/ros/galactic/opt/yaml_cpp_vendor/lib:/opt/ros/galactic/lib/aarch64-linux-gnu:/opt/ros/galactic/lib'), ('MOTD_SHOWN', 'pam'), ('HOME', '/home/yfu'), ('CONDA_SHLVL', '1'), ('OLDPWD', '/home/yfu/projects'), ('SSH_TTY', '/dev/pts/0'), ('JETSON_L4T', '35.4.1'), ('ROS_PYTHON_VERSION', '3'), ('JETSON_MODEL', 'NVIDIA Orin Nano Developer Kit'), ('DBUS_SESSION_BUS_ADDRESS', 'unix:path=/run/user/1001/bus'), ('COLCON_PREFIX_PATH', '/home/yfu/projects/ros2-picas/install'), ('ROS_DISTRO', 'galactic'), ('LOGNAME', 'yfu'), ('JETSON_MODULE', 'NVIDIA Jetson Orin Nano (Developer kit)'), ('JETSON_SERIAL_NUMBER', '1421523024361'), ('_', '/usr/bin/colcon'), ('ROS_VERSION', '2'), ('JETSON_CODENAME', 'P3768'), ('XDG_SESSION_CLASS', 'user'), ('TERM', 'xterm'), ('XDG_SESSION_ID', '656'), ('ROS_LOCALHOST_ONLY', '0'), ('PATH', '/usr/bin:/home/yfu/.local/bin:/opt/ros/galactic/bin:/home/yfu/Miniconda/ENTER/bin:/home/yfu/Miniconda/ENTER/condabin:$/home/yfu/Miniconda/ENTER/bin:/usr/local/sbin:/usr/local/bin:/usr/sbin:/usr/bin:/sbin:/bin:/usr/games:/usr/local/games:/snap/bin'), ('XDG_RUNTIME_DIR', '/run/user/1001'), ('DISPLAY', 'localhost:10.0'), ('LANG', 'en_US.UTF-8'), ('LS_COLORS', 'rs=0:di=01;34:ln=01;36:mh=00:pi=40;33:so=01;35:do=01;35:bd=40;33;01:cd=40;33;01:or=40;31;01:mi=00:su=37;41:sg=30;43:ca=30;41:tw=30;42:ow=34;42:st=37;44:ex=01;32:*.tar=01;31:*.tgz=01;31:*.arc=01;31:*.arj=01;31:*.taz=01;31:*.lha=01;31:*.lz4=01;31:*.lzh=01;31:*.lzma=01;31:*.tlz=01;31:*.txz=01;31:*.tzo=01;31:*.t7z=01;31:*.zip=01;31:*.z=01;31:*.dz=01;31:*.gz=01;31:*.lrz=01;31:*.lz=01;31:*.lzo=01;31:*.xz=01;31:*.zst=01;31:*.tzst=01;31:*.bz2=01;31:*.bz=01;31:*.tbz=01;31:*.tbz2=01;31:*.tz=01;31:*.deb=01;31:*.rpm=01;31:*.jar=01;31:*.war=01;31:*.ear=01;31:*.sar=01;31:*.rar=01;31:*.alz=01;31:*.ace=01;31:*.zoo=01;31:*.cpio=01;31:*.7z=01;31:*.rz=01;31:*.cab=01;31:*.wim=01;31:*.swm=01;31:*.dwm=01;31:*.esd=01;31:*.jpg=01;35:*.jpeg=01;35:*.mjpg=01;35:*.mjpeg=01;35:*.gif=01;35:*.bmp=01;35:*.pbm=01;35:*.pgm=01;35:*.ppm=01;35:*.tga=01;35:*.xbm=01;35:*.xpm=01;35:*.tif=01;35:*.tiff=01;35:*.png=01;35:*.svg=01;35:*.svgz=01;35:*.mng=01;35:*.pcx=01;35:*.mov=01;35:*.mpg=01;35:*.mpeg=01;35:*.m2v=01;35:*.mkv=01;35:*.webm=01;35:*.ogm=01;35:*.mp4=01;35:*.m4v=01;35:*.mp4v=01;35:*.vob=01;35:*.qt=01;35:*.nuv=01;35:*.wmv=01;35:*.asf=01;35:*.rm=01;35:*.rmvb=01;35:*.flc=01;35:*.avi=01;35:*.fli=01;35:*.flv=01;35:*.gl=01;35:*.dl=01;35:*.xcf=01;35:*.xwd=01;35:*.yuv=01;35:*.cgm=01;35:*.emf=01;35:*.ogv=01;35:*.ogx=01;35:*.aac=00;36:*.au=00;36:*.flac=00;36:*.m4a=00;36:*.mid=00;36:*.midi=00;36:*.mka=00;36:*.mp3=00;36:*.mpc=00;36:*.ogg=00;36:*.ra=00;36:*.wav=00;36:*.oga=00;36:*.opus=00;36:*.spx=00;36:*.xspf=00;36:'), ('JETSON_SOC', 'tegra23x'), ('AMENT_PREFIX_PATH', '/home/yfu/projects/ros2-picas/install/picas_example_mt:/home/yfu/projects/ros2-picas/install/picas_example:/home/yfu/projects/ros2-picas/install/trace_picas:/home/yfu/projects/ros2-picas/install/test_msgs:/home/yfu/projects/ros2-picas/install/rclcpp:/opt/ros/galactic'), ('CONDA_PYTHON_EXE', '/home/yfu/Miniconda/ENTER/bin/python'), ('SHELL', '/bin/bash'), ('LESSCLOSE', '/usr/bin/lesspipe %s %s'), ('CONDA_DEFAULT_ENV', 'base'), ('JETSON_CUDA_ARCH_BIN', '8.7'), ('PWD', '/home/yfu/projects/ros2-picas/build/picas_example_mt'), ('CONDA_EXE', '/home/yfu/Miniconda/ENTER/bin/conda'), ('SSH_CONNECTION', '172.19.37.200 13487 192.168.0.226 22'), ('XDG_DATA_DIRS', '/usr/local/share:/usr/share:/var/lib/snapd/desktop'), ('PYTHONPATH', '/home/yfu/projects/ros2-picas/install/test_msgs/lib/python3.8/site-packages:/opt/ros/galactic/lib/python3.8/site-packages'), ('CONDA_PREFIX', '/home/yfu/Miniconda/ENTER'), ('COLCON', '1'), ('JETSON_JETPACK', '5.1.2'), ('CMAKE_PREFIX_PATH', '/home/yfu/projects/ros2-picas/install/trace_picas:/home/yfu/projects/ros2-picas/install/rclcpp:/home/yfu/projects/ros2-picas/install/test_msgs:/home/yfu/projects/ros2-picas/install/picas_example_mt:/home/yfu/projects/ros2-picas/install/picas_example:/opt/ros/galactic'), ('JETSON_P_NUMBER', 'p3767-0005')]), 'shell': False}
[2.084358] (picas_example_mt) StdoutLine: {'line': b'-- Install configuration: ""\n'}
[2.085334] (picas_example_mt) StdoutLine: {'line': b'-- Up-to-date: /home/yfu/projects/ros2-picas/install/picas_example_mt/lib/picas_example_mt/example_mt\n'}
[2.085700] (picas_example_mt) StdoutLine: {'line': b'-- Up-to-date: /home/yfu/projects/ros2-picas/install/picas_example_mt/share/ament_index/resource_index/package_run_dependencies/picas_example_mt\n'}
[2.085978] (picas_example_mt) StdoutLine: {'line': b'-- Up-to-date: /home/yfu/projects/ros2-picas/install/picas_example_mt/share/ament_index/resource_index/parent_prefix_path/picas_example_mt\n'}
[2.086229] (picas_example_mt) StdoutLine: {'line': b'-- Up-to-date: /home/yfu/projects/ros2-picas/install/picas_example_mt/share/picas_example_mt/environment/ament_prefix_path.sh\n'}
[2.086483] (picas_example_mt) StdoutLine: {'line': b'-- Up-to-date: /home/yfu/projects/ros2-picas/install/picas_example_mt/share/picas_example_mt/environment/ament_prefix_path.dsv\n'}
[2.086642] (picas_example_mt) StdoutLine: {'line': b'-- Up-to-date: /home/yfu/projects/ros2-picas/install/picas_example_mt/share/picas_example_mt/environment/path.sh\n'}
[2.086799] (picas_example_mt) StdoutLine: {'line': b'-- Up-to-date: /home/yfu/projects/ros2-picas/install/picas_example_mt/share/picas_example_mt/environment/path.dsv\n'}
[2.086948] (picas_example_mt) StdoutLine: {'line': b'-- Up-to-date: /home/yfu/projects/ros2-picas/install/picas_example_mt/share/picas_example_mt/local_setup.bash\n'}
[2.087148] (picas_example_mt) StdoutLine: {'line': b'-- Up-to-date: /home/yfu/projects/ros2-picas/install/picas_example_mt/share/picas_example_mt/local_setup.sh\n'}
[2.087403] (picas_example_mt) StdoutLine: {'line': b'-- Up-to-date: /home/yfu/projects/ros2-picas/install/picas_example_mt/share/picas_example_mt/local_setup.zsh\n'}
[2.087581] (picas_example_mt) StdoutLine: {'line': b'-- Up-to-date: /home/yfu/projects/ros2-picas/install/picas_example_mt/share/picas_example_mt/local_setup.dsv\n'}
[2.087779] (picas_example_mt) StdoutLine: {'line': b'-- Installing: /home/yfu/projects/ros2-picas/install/picas_example_mt/share/picas_example_mt/package.dsv\n'}
[2.087929] (picas_example_mt) StdoutLine: {'line': b'-- Up-to-date: /home/yfu/projects/ros2-picas/install/picas_example_mt/share/ament_index/resource_index/packages/picas_example_mt\n'}
[2.088072] (picas_example_mt) StdoutLine: {'line': b'-- Up-to-date: /home/yfu/projects/ros2-picas/install/picas_example_mt/share/picas_example_mt/cmake/picas_example_mtConfig.cmake\n'}
[2.088244] (picas_example_mt) StdoutLine: {'line': b'-- Up-to-date: /home/yfu/projects/ros2-picas/install/picas_example_mt/share/picas_example_mt/cmake/picas_example_mtConfig-version.cmake\n'}
[2.088391] (picas_example_mt) StdoutLine: {'line': b'-- Up-to-date: /home/yfu/projects/ros2-picas/install/picas_example_mt/share/picas_example_mt/package.xml\n'}
[2.094483] (picas_example_mt) CommandEnded: {'returncode': 0}
[2.110610] (-) TimerEvent: {}
[2.151149] (picas_example_mt) JobEnded: {'identifier': 'picas_example_mt', 'rc': 0}
[2.210891] (-) TimerEvent: {}
[2.311885] (-) TimerEvent: {}
[2.412774] (-) TimerEvent: {}
[2.513962] (-) TimerEvent: {}
[2.615139] (-) TimerEvent: {}
[2.716306] (-) TimerEvent: {}
[2.817408] (-) TimerEvent: {}
[2.918506] (-) TimerEvent: {}
[3.019680] (-) TimerEvent: {}
[3.120840] (-) TimerEvent: {}
[3.222060] (-) TimerEvent: {}
[3.323219] (-) TimerEvent: {}
[3.424316] (-) TimerEvent: {}
[3.525394] (-) TimerEvent: {}
[3.626508] (-) TimerEvent: {}
[3.727636] (-) TimerEvent: {}
[3.828736] (-) TimerEvent: {}
[3.929850] (-) TimerEvent: {}
[4.030969] (-) TimerEvent: {}
[4.132204] (-) TimerEvent: {}
[4.233401] (-) TimerEvent: {}
[4.334545] (-) TimerEvent: {}
[4.435731] (-) TimerEvent: {}
[4.536841] (-) TimerEvent: {}
[4.637942] (-) TimerEvent: {}
[4.739058] (-) TimerEvent: {}
[4.840190] (-) TimerEvent: {}
[4.941348] (-) TimerEvent: {}
[5.042466] (-) TimerEvent: {}
[5.143657] (-) TimerEvent: {}
[5.244791] (-) TimerEvent: {}
[5.346070] (-) TimerEvent: {}
[5.447156] (-) TimerEvent: {}
[5.548357] (-) TimerEvent: {}
[5.649534] (-) TimerEvent: {}
[5.750697] (-) TimerEvent: {}
[5.851843] (-) TimerEvent: {}
[5.952978] (-) TimerEvent: {}
[6.054168] (-) TimerEvent: {}
[6.155307] (-) TimerEvent: {}
[6.256585] (-) TimerEvent: {}
[6.357786] (-) TimerEvent: {}
[6.458941] (-) TimerEvent: {}
[6.560123] (-) TimerEvent: {}
[6.661281] (-) TimerEvent: {}
[6.762479] (-) TimerEvent: {}
[6.981591] (-) TimerEvent: {}
[7.082636] (-) TimerEvent: {}
[7.183819] (-) TimerEvent: {}
[7.285082] (-) TimerEvent: {}
[7.386291] (-) TimerEvent: {}
[7.487470] (-) TimerEvent: {}
[7.588670] (-) TimerEvent: {}
[7.689782] (-) TimerEvent: {}
[7.790916] (-) TimerEvent: {}
[7.892032] (-) TimerEvent: {}
[7.993097] (-) TimerEvent: {}
[8.094174] (-) TimerEvent: {}
[8.195301] (-) TimerEvent: {}
[8.296491] (-) TimerEvent: {}
[8.397625] (-) TimerEvent: {}
[8.498756] (-) TimerEvent: {}
[8.599903] (-) TimerEvent: {}
[8.700980] (-) TimerEvent: {}
[8.802077] (-) TimerEvent: {}
[8.903227] (-) TimerEvent: {}
[9.004366] (-) TimerEvent: {}
[9.105438] (-) TimerEvent: {}
[9.206515] (-) TimerEvent: {}
[9.307741] (-) TimerEvent: {}
[9.408909] (-) TimerEvent: {}
[9.510082] (-) TimerEvent: {}
[9.611302] (-) TimerEvent: {}
[9.712553] (-) TimerEvent: {}
[9.813763] (-) TimerEvent: {}
[9.914987] (-) TimerEvent: {}
[10.016223] (-) TimerEvent: {}
[10.117414] (-) TimerEvent: {}
[10.218630] (-) TimerEvent: {}
[10.320068] (-) TimerEvent: {}
[10.421233] (-) TimerEvent: {}
[10.522617] (-) TimerEvent: {}
[10.623812] (-) TimerEvent: {}
[10.724957] (-) TimerEvent: {}
[10.826356] (-) TimerEvent: {}
[10.927555] (-) TimerEvent: {}
[11.028706] (-) TimerEvent: {}
[11.129850] (-) TimerEvent: {}
[11.230991] (-) TimerEvent: {}
[11.332186] (-) TimerEvent: {}
[11.433316] (-) TimerEvent: {}
[11.534433] (-) TimerEvent: {}
[11.635828] (-) TimerEvent: {}
[11.736983] (-) TimerEvent: {}
[11.838209] (-) TimerEvent: {}
[11.939389] (-) TimerEvent: {}
[12.040546] (-) TimerEvent: {}
[12.141758] (-) TimerEvent: {}
[12.242863] (-) TimerEvent: {}
[12.344008] (-) TimerEvent: {}
[12.445123] (-) TimerEvent: {}
[12.546264] (-) TimerEvent: {}
[12.647405] (-) TimerEvent: {}
[12.748563] (-) TimerEvent: {}
[12.849658] (-) TimerEvent: {}
[12.950748] (-) TimerEvent: {}
[13.051895] (-) TimerEvent: {}
[13.152982] (-) TimerEvent: {}
[13.254062] (-) TimerEvent: {}
[13.355143] (-) TimerEvent: {}
[13.456287] (-) TimerEvent: {}
[13.557464] (-) TimerEvent: {}
[13.658587] (-) TimerEvent: {}
[13.759732] (-) TimerEvent: {}
[13.860826] (-) TimerEvent: {}
[13.961903] (-) TimerEvent: {}
[14.062967] (-) TimerEvent: {}
[14.164048] (-) TimerEvent: {}
[14.265126] (-) TimerEvent: {}
[14.366215] (-) TimerEvent: {}
[14.467493] (-) TimerEvent: {}
[14.568798] (-) TimerEvent: {}
[14.670051] (-) TimerEvent: {}
[14.771061] (-) TimerEvent: {}
[14.872392] (-) TimerEvent: {}
[14.973451] (-) TimerEvent: {}
[15.074686] (-) TimerEvent: {}
[15.175698] (-) TimerEvent: {}
[15.276992] (-) TimerEvent: {}
[15.378281] (-) TimerEvent: {}
[15.479281] (-) TimerEvent: {}
[15.580214] (-) TimerEvent: {}
[15.681137] (-) TimerEvent: {}
[15.782154] (-) TimerEvent: {}
[15.883153] (-) TimerEvent: {}
[15.984167] (-) TimerEvent: {}
[15.986674] (picas_example) StdoutLine: {'line': b'[100%] \x1b[32m\x1b[1mLinking CXX executable example\x1b[0m\n'}
[16.084459] (-) TimerEvent: {}
[16.185580] (-) TimerEvent: {}
[16.287066] (-) TimerEvent: {}
[16.388382] (-) TimerEvent: {}
[16.489617] (-) TimerEvent: {}
[16.590836] (-) TimerEvent: {}
[16.692088] (-) TimerEvent: {}
[16.793339] (-) TimerEvent: {}
[17.001957] (-) TimerEvent: {}
[17.103214] (-) TimerEvent: {}
[17.204530] (-) TimerEvent: {}
[17.305765] (-) TimerEvent: {}
[17.406961] (-) TimerEvent: {}
[17.508242] (-) TimerEvent: {}
[17.609438] (-) TimerEvent: {}
[17.710647] (-) TimerEvent: {}
[17.811886] (-) TimerEvent: {}
[17.913013] (-) TimerEvent: {}
[18.014177] (-) TimerEvent: {}
[18.115375] (-) TimerEvent: {}
[18.197136] (picas_example) StdoutLine: {'line': b'[100%] Built target example\n'}
[18.215673] (-) TimerEvent: {}
[18.316885] (-) TimerEvent: {}
[18.344801] (picas_example) CommandEnded: {'returncode': 0}
[18.347844] (picas_example) JobProgress: {'identifier': 'picas_example', 'progress': 'install'}
[18.348721] (picas_example) Command: {'cmd': ['/usr/bin/cmake', '--install', '/home/yfu/projects/ros2-picas/build/picas_example'], 'cwd': '/home/yfu/projects/ros2-picas/build/picas_example', 'env': OrderedDict([('LESSOPEN', '| /usr/bin/lesspipe %s'), ('CONDA_PROMPT_MODIFIER', '(base)'), ('USER', 'yfu'), ('SSH_CLIENT', '172.19.37.200 13487 22'), ('XDG_SESSION_TYPE', 'tty'), ('SHLVL', '1'), ('LD_LIBRARY_PATH', '/home/yfu/projects/ros2-picas/install/rclcpp/lib:/home/yfu/projects/ros2-picas/install/test_msgs/lib:/home/yfu/projects/ros2-picas/install/trace_picas/lib:/opt/ros/galactic/opt/yaml_cpp_vendor/lib:/opt/ros/galactic/lib/aarch64-linux-gnu:/opt/ros/galactic/lib'), ('MOTD_SHOWN', 'pam'), ('HOME', '/home/yfu'), ('CONDA_SHLVL', '1'), ('OLDPWD', '/home/yfu/projects'), ('SSH_TTY', '/dev/pts/0'), ('JETSON_L4T', '35.4.1'), ('ROS_PYTHON_VERSION', '3'), ('JETSON_MODEL', 'NVIDIA Orin Nano Developer Kit'), ('DBUS_SESSION_BUS_ADDRESS', 'unix:path=/run/user/1001/bus'), ('COLCON_PREFIX_PATH', '/home/yfu/projects/ros2-picas/install'), ('ROS_DISTRO', 'galactic'), ('LOGNAME', 'yfu'), ('JETSON_MODULE', 'NVIDIA Jetson Orin Nano (Developer kit)'), ('JETSON_SERIAL_NUMBER', '1421523024361'), ('_', '/usr/bin/colcon'), ('ROS_VERSION', '2'), ('JETSON_CODENAME', 'P3768'), ('XDG_SESSION_CLASS', 'user'), ('TERM', 'xterm'), ('XDG_SESSION_ID', '656'), ('ROS_LOCALHOST_ONLY', '0'), ('PATH', '/usr/bin:/home/yfu/.local/bin:/opt/ros/galactic/bin:/home/yfu/Miniconda/ENTER/bin:/home/yfu/Miniconda/ENTER/condabin:$/home/yfu/Miniconda/ENTER/bin:/usr/local/sbin:/usr/local/bin:/usr/sbin:/usr/bin:/sbin:/bin:/usr/games:/usr/local/games:/snap/bin'), ('XDG_RUNTIME_DIR', '/run/user/1001'), ('DISPLAY', 'localhost:10.0'), ('LANG', 'en_US.UTF-8'), ('LS_COLORS', 'rs=0:di=01;34:ln=01;36:mh=00:pi=40;33:so=01;35:do=01;35:bd=40;33;01:cd=40;33;01:or=40;31;01:mi=00:su=37;41:sg=30;43:ca=30;41:tw=30;42:ow=34;42:st=37;44:ex=01;32:*.tar=01;31:*.tgz=01;31:*.arc=01;31:*.arj=01;31:*.taz=01;31:*.lha=01;31:*.lz4=01;31:*.lzh=01;31:*.lzma=01;31:*.tlz=01;31:*.txz=01;31:*.tzo=01;31:*.t7z=01;31:*.zip=01;31:*.z=01;31:*.dz=01;31:*.gz=01;31:*.lrz=01;31:*.lz=01;31:*.lzo=01;31:*.xz=01;31:*.zst=01;31:*.tzst=01;31:*.bz2=01;31:*.bz=01;31:*.tbz=01;31:*.tbz2=01;31:*.tz=01;31:*.deb=01;31:*.rpm=01;31:*.jar=01;31:*.war=01;31:*.ear=01;31:*.sar=01;31:*.rar=01;31:*.alz=01;31:*.ace=01;31:*.zoo=01;31:*.cpio=01;31:*.7z=01;31:*.rz=01;31:*.cab=01;31:*.wim=01;31:*.swm=01;31:*.dwm=01;31:*.esd=01;31:*.jpg=01;35:*.jpeg=01;35:*.mjpg=01;35:*.mjpeg=01;35:*.gif=01;35:*.bmp=01;35:*.pbm=01;35:*.pgm=01;35:*.ppm=01;35:*.tga=01;35:*.xbm=01;35:*.xpm=01;35:*.tif=01;35:*.tiff=01;35:*.png=01;35:*.svg=01;35:*.svgz=01;35:*.mng=01;35:*.pcx=01;35:*.mov=01;35:*.mpg=01;35:*.mpeg=01;35:*.m2v=01;35:*.mkv=01;35:*.webm=01;35:*.ogm=01;35:*.mp4=01;35:*.m4v=01;35:*.mp4v=01;35:*.vob=01;35:*.qt=01;35:*.nuv=01;35:*.wmv=01;35:*.asf=01;35:*.rm=01;35:*.rmvb=01;35:*.flc=01;35:*.avi=01;35:*.fli=01;35:*.flv=01;35:*.gl=01;35:*.dl=01;35:*.xcf=01;35:*.xwd=01;35:*.yuv=01;35:*.cgm=01;35:*.emf=01;35:*.ogv=01;35:*.ogx=01;35:*.aac=00;36:*.au=00;36:*.flac=00;36:*.m4a=00;36:*.mid=00;36:*.midi=00;36:*.mka=00;36:*.mp3=00;36:*.mpc=00;36:*.ogg=00;36:*.ra=00;36:*.wav=00;36:*.oga=00;36:*.opus=00;36:*.spx=00;36:*.xspf=00;36:'), ('JETSON_SOC', 'tegra23x'), ('AMENT_PREFIX_PATH', '/home/yfu/projects/ros2-picas/install/picas_example_mt:/home/yfu/projects/ros2-picas/install/picas_example:/home/yfu/projects/ros2-picas/install/trace_picas:/home/yfu/projects/ros2-picas/install/test_msgs:/home/yfu/projects/ros2-picas/install/rclcpp:/opt/ros/galactic'), ('CONDA_PYTHON_EXE', '/home/yfu/Miniconda/ENTER/bin/python'), ('SHELL', '/bin/bash'), ('LESSCLOSE', '/usr/bin/lesspipe %s %s'), ('CONDA_DEFAULT_ENV', 'base'), ('JETSON_CUDA_ARCH_BIN', '8.7'), ('PWD', '/home/yfu/projects/ros2-picas/build/picas_example'), ('CONDA_EXE', '/home/yfu/Miniconda/ENTER/bin/conda'), ('SSH_CONNECTION', '172.19.37.200 13487 192.168.0.226 22'), ('XDG_DATA_DIRS', '/usr/local/share:/usr/share:/var/lib/snapd/desktop'), ('PYTHONPATH', '/home/yfu/projects/ros2-picas/install/test_msgs/lib/python3.8/site-packages:/opt/ros/galactic/lib/python3.8/site-packages'), ('CONDA_PREFIX', '/home/yfu/Miniconda/ENTER'), ('COLCON', '1'), ('JETSON_JETPACK', '5.1.2'), ('CMAKE_PREFIX_PATH', '/home/yfu/projects/ros2-picas/install/trace_picas:/home/yfu/projects/ros2-picas/install/rclcpp:/home/yfu/projects/ros2-picas/install/test_msgs:/home/yfu/projects/ros2-picas/install/picas_example_mt:/home/yfu/projects/ros2-picas/install/picas_example:/opt/ros/galactic'), ('JETSON_P_NUMBER', 'p3767-0005')]), 'shell': False}
[18.379546] (picas_example) StdoutLine: {'line': b'-- Install configuration: ""\n'}
[18.380302] (picas_example) StdoutLine: {'line': b'-- Up-to-date: /home/yfu/projects/ros2-picas/install/picas_example/lib/picas_example/sstest\n'}
[18.380605] (picas_example) StdoutLine: {'line': b'-- Installing: /home/yfu/projects/ros2-picas/install/picas_example/lib/picas_example/example\n'}
[18.386020] (picas_example) StdoutLine: {'line': b'-- Set runtime path of "/home/yfu/projects/ros2-picas/install/picas_example/lib/picas_example/example" to ""\n'}
[18.386419] (picas_example) StdoutLine: {'line': b'-- Up-to-date: /home/yfu/projects/ros2-picas/install/picas_example/lib/picas_example/case_study\n'}
[18.386822] (picas_example) StdoutLine: {'line': b'-- Up-to-date: /home/yfu/projects/ros2-picas/install/picas_example/share/ament_index/resource_index/package_run_dependencies/picas_example\n'}
[18.387016] (picas_example) StdoutLine: {'line': b'-- Up-to-date: /home/yfu/projects/ros2-picas/install/picas_example/share/ament_index/resource_index/parent_prefix_path/picas_example\n'}
[18.387208] (picas_example) StdoutLine: {'line': b'-- Up-to-date: /home/yfu/projects/ros2-picas/install/picas_example/share/picas_example/environment/ament_prefix_path.sh\n'}
[18.387440] (picas_example) StdoutLine: {'line': b'-- Up-to-date: /home/yfu/projects/ros2-picas/install/picas_example/share/picas_example/environment/ament_prefix_path.dsv\n'}
[18.387679] (picas_example) StdoutLine: {'line': b'-- Up-to-date: /home/yfu/projects/ros2-picas/install/picas_example/share/picas_example/environment/path.sh\n'}
[18.387877] (picas_example) StdoutLine: {'line': b'-- Up-to-date: /home/yfu/projects/ros2-picas/install/picas_example/share/picas_example/environment/path.dsv\n'}
[18.388082] (picas_example) StdoutLine: {'line': b'-- Up-to-date: /home/yfu/projects/ros2-picas/install/picas_example/share/picas_example/local_setup.bash\n'}
[18.388258] (picas_example) StdoutLine: {'line': b'-- Up-to-date: /home/yfu/projects/ros2-picas/install/picas_example/share/picas_example/local_setup.sh\n'}
[18.388402] (picas_example) StdoutLine: {'line': b'-- Up-to-date: /home/yfu/projects/ros2-picas/install/picas_example/share/picas_example/local_setup.zsh\n'}
[18.388573] (picas_example) StdoutLine: {'line': b'-- Up-to-date: /home/yfu/projects/ros2-picas/install/picas_example/share/picas_example/local_setup.dsv\n'}
[18.388753] (picas_example) StdoutLine: {'line': b'-- Installing: /home/yfu/projects/ros2-picas/install/picas_example/share/picas_example/package.dsv\n'}
[18.388948] (picas_example) StdoutLine: {'line': b'-- Up-to-date: /home/yfu/projects/ros2-picas/install/picas_example/share/ament_index/resource_index/packages/picas_example\n'}
[18.389118] (picas_example) StdoutLine: {'line': b'-- Up-to-date: /home/yfu/projects/ros2-picas/install/picas_example/share/picas_example/cmake/picas_exampleConfig.cmake\n'}
[18.389263] (picas_example) StdoutLine: {'line': b'-- Up-to-date: /home/yfu/projects/ros2-picas/install/picas_example/share/picas_example/cmake/picas_exampleConfig-version.cmake\n'}
[18.389402] (picas_example) StdoutLine: {'line': b'-- Up-to-date: /home/yfu/projects/ros2-picas/install/picas_example/share/picas_example/package.xml\n'}
[18.397718] (picas_example) CommandEnded: {'returncode': 0}
[18.417333] (-) TimerEvent: {}
[18.519990] (-) TimerEvent: {}
[18.539791] (picas_example) JobEnded: {'identifier': 'picas_example', 'rc': 0}
[18.542080] (-) EventReactorShutdown: {}
