[0.000000] (-) TimerEvent: {}
[0.000572] (test_msgs) JobQueued: {'identifier': 'test_msgs', 'dependencies': OrderedDict()}
[0.000916] (rclcpp) JobQueued: {'identifier': 'rclcpp', 'dependencies': OrderedDict([('test_msgs', '/home/yfu/projects/ros2-picas/install/test_msgs')])}
[0.001168] (trace_picas) JobQueued: {'identifier': 'trace_picas', 'dependencies': OrderedDict([('test_msgs', '/home/yfu/projects/ros2-picas/install/test_msgs'), ('rclcpp', '/home/yfu/projects/ros2-picas/install/rclcpp')])}
[0.001653] (picas_example) JobQueued: {'identifier': 'picas_example', 'dependencies': OrderedDict([('test_msgs', '/home/yfu/projects/ros2-picas/install/test_msgs'), ('rclcpp', '/home/yfu/projects/ros2-picas/install/rclcpp'), ('trace_picas', '/home/yfu/projects/ros2-picas/install/trace_picas')])}
[0.001923] (picas_example_mt) JobQueued: {'identifier': 'picas_example_mt', 'dependencies': OrderedDict([('test_msgs', '/home/yfu/projects/ros2-picas/install/test_msgs'), ('rclcpp', '/home/yfu/projects/ros2-picas/install/rclcpp'), ('trace_picas', '/home/yfu/projects/ros2-picas/install/trace_picas')])}
[0.002253] (test_msgs) JobStarted: {'identifier': 'test_msgs'}
[0.023502] (test_msgs) JobProgress: {'identifier': 'test_msgs', 'progress': 'cmake'}
[0.024849] (test_msgs) Command: {'cmd': ['/usr/bin/cmake', '/home/yfu/projects/ros2-picas/ros2-picas-example/test_msgs', '-DPICAS=TRUE', '-DCMAKE_INSTALL_PREFIX=/home/yfu/projects/ros2-picas/install/test_msgs'], 'cwd': '/home/yfu/projects/ros2-picas/build/test_msgs', 'env': OrderedDict([('LESSOPEN', '| /usr/bin/lesspipe %s'), ('CONDA_PROMPT_MODIFIER', '(base)'), ('USER', 'yfu'), ('SSH_CLIENT', '172.19.37.143 6742 22'), ('XDG_SESSION_TYPE', 'tty'), ('SHLVL', '1'), ('LD_LIBRARY_PATH', '/opt/ros/galactic/opt/yaml_cpp_vendor/lib:/opt/ros/galactic/lib/aarch64-linux-gnu:/opt/ros/galactic/lib'), ('MOTD_SHOWN', 'pam'), ('HOME', '/home/yfu'), ('CONDA_SHLVL', '1'), ('OLDPWD', '/home/yfu/projects'), ('SSH_TTY', '/dev/pts/3'), ('JETSON_L4T', '35.4.1'), ('ROS_PYTHON_VERSION', '3'), ('JETSON_MODEL', 'NVIDIA Orin Nano Developer Kit'), ('DBUS_SESSION_BUS_ADDRESS', 'unix:path=/run/user/1001/bus'), ('ROS_DISTRO', 'galactic'), ('LOGNAME', 'yfu'), ('JETSON_MODULE', 'NVIDIA Jetson Orin Nano (Developer kit)'), ('JETSON_SERIAL_NUMBER', '1421523024361'), ('_', '/usr/bin/colcon'), ('ROS_VERSION', '2'), ('JETSON_CODENAME', 'P3768'), ('XDG_SESSION_CLASS', 'user'), ('TERM', 'xterm'), ('XDG_SESSION_ID', '278'), ('ROS_LOCALHOST_ONLY', '0'), ('PATH', '/usr/bin:/home/yfu/.local/bin:/opt/ros/galactic/bin:/home/yfu/Miniconda/ENTER/bin:/home/yfu/Miniconda/ENTER/condabin:$/home/yfu/Miniconda/ENTER/bin:/usr/local/sbin:/usr/local/bin:/usr/sbin:/usr/bin:/sbin:/bin:/usr/games:/usr/local/games:/snap/bin'), ('XDG_RUNTIME_DIR', '/run/user/1001'), ('DISPLAY', 'localhost:10.0'), ('LANG', 'en_US.UTF-8'), ('LS_COLORS', 'rs=0:di=01;34:ln=01;36:mh=00:pi=40;33:so=01;35:do=01;35:bd=40;33;01:cd=40;33;01:or=40;31;01:mi=00:su=37;41:sg=30;43:ca=30;41:tw=30;42:ow=34;42:st=37;44:ex=01;32:*.tar=01;31:*.tgz=01;31:*.arc=01;31:*.arj=01;31:*.taz=01;31:*.lha=01;31:*.lz4=01;31:*.lzh=01;31:*.lzma=01;31:*.tlz=01;31:*.txz=01;31:*.tzo=01;31:*.t7z=01;31:*.zip=01;31:*.z=01;31:*.dz=01;31:*.gz=01;31:*.lrz=01;31:*.lz=01;31:*.lzo=01;31:*.xz=01;31:*.zst=01;31:*.tzst=01;31:*.bz2=01;31:*.bz=01;31:*.tbz=01;31:*.tbz2=01;31:*.tz=01;31:*.deb=01;31:*.rpm=01;31:*.jar=01;31:*.war=01;31:*.ear=01;31:*.sar=01;31:*.rar=01;31:*.alz=01;31:*.ace=01;31:*.zoo=01;31:*.cpio=01;31:*.7z=01;31:*.rz=01;31:*.cab=01;31:*.wim=01;31:*.swm=01;31:*.dwm=01;31:*.esd=01;31:*.jpg=01;35:*.jpeg=01;35:*.mjpg=01;35:*.mjpeg=01;35:*.gif=01;35:*.bmp=01;35:*.pbm=01;35:*.pgm=01;35:*.ppm=01;35:*.tga=01;35:*.xbm=01;35:*.xpm=01;35:*.tif=01;35:*.tiff=01;35:*.png=01;35:*.svg=01;35:*.svgz=01;35:*.mng=01;35:*.pcx=01;35:*.mov=01;35:*.mpg=01;35:*.mpeg=01;35:*.m2v=01;35:*.mkv=01;35:*.webm=01;35:*.ogm=01;35:*.mp4=01;35:*.m4v=01;35:*.mp4v=01;35:*.vob=01;35:*.qt=01;35:*.nuv=01;35:*.wmv=01;35:*.asf=01;35:*.rm=01;35:*.rmvb=01;35:*.flc=01;35:*.avi=01;35:*.fli=01;35:*.flv=01;35:*.gl=01;35:*.dl=01;35:*.xcf=01;35:*.xwd=01;35:*.yuv=01;35:*.cgm=01;35:*.emf=01;35:*.ogv=01;35:*.ogx=01;35:*.aac=00;36:*.au=00;36:*.flac=00;36:*.m4a=00;36:*.mid=00;36:*.midi=00;36:*.mka=00;36:*.mp3=00;36:*.mpc=00;36:*.ogg=00;36:*.ra=00;36:*.wav=00;36:*.oga=00;36:*.opus=00;36:*.spx=00;36:*.xspf=00;36:'), ('JETSON_SOC', 'tegra23x'), ('AMENT_PREFIX_PATH', '/opt/ros/galactic'), ('CONDA_PYTHON_EXE', '/home/yfu/Miniconda/ENTER/bin/python'), ('SHELL', '/bin/bash'), ('LESSCLOSE', '/usr/bin/lesspipe %s %s'), ('CONDA_DEFAULT_ENV', 'base'), ('JETSON_CUDA_ARCH_BIN', '8.7'), ('PWD', '/home/yfu/projects/ros2-picas/build/test_msgs'), ('CONDA_EXE', '/home/yfu/Miniconda/ENTER/bin/conda'), ('SSH_CONNECTION', '172.19.37.143 6742 192.168.0.226 22'), ('XDG_DATA_DIRS', '/usr/local/share:/usr/share:/var/lib/snapd/desktop'), ('PYTHONPATH', '/opt/ros/galactic/lib/python3.8/site-packages'), ('CONDA_PREFIX', '/home/yfu/Miniconda/ENTER'), ('COLCON', '1'), ('JETSON_JETPACK', '5.1.2'), ('JETSON_P_NUMBER', 'p3767-0005'), ('CMAKE_PREFIX_PATH', '/opt/ros/galactic')]), 'shell': False}
[0.099429] (-) TimerEvent: {}
[0.200615] (-) TimerEvent: {}
[0.248566] (test_msgs) StdoutLine: {'line': b'-- The C compiler identification is GNU 9.4.0\n'}
[0.300897] (-) TimerEvent: {}
[0.402001] (-) TimerEvent: {}
[0.435733] (test_msgs) StdoutLine: {'line': b'-- The CXX compiler identification is GNU 9.4.0\n'}
[0.445423] (test_msgs) StdoutLine: {'line': b'-- Check for working C compiler: /usr/bin/cc\n'}
[0.502257] (-) TimerEvent: {}
[0.603322] (-) TimerEvent: {}
[0.680804] (test_msgs) StdoutLine: {'line': b'-- Check for working C compiler: /usr/bin/cc -- works\n'}
[0.683347] (test_msgs) StdoutLine: {'line': b'-- Detecting C compiler ABI info\n'}
[0.703772] (-) TimerEvent: {}
[0.805434] (-) TimerEvent: {}
[0.906484] (-) TimerEvent: {}
[0.934595] (test_msgs) StdoutLine: {'line': b'-- Detecting C compiler ABI info - done\n'}
[0.966316] (test_msgs) StdoutLine: {'line': b'-- Detecting C compile features\n'}
[0.967436] (test_msgs) StdoutLine: {'line': b'-- Detecting C compile features - done\n'}
[0.973397] (test_msgs) StdoutLine: {'line': b'-- Check for working CXX compiler: /usr/bin/c++\n'}
[1.006674] (-) TimerEvent: {}
[1.107674] (-) TimerEvent: {}
[1.208843] (-) TimerEvent: {}
[1.225842] (test_msgs) StdoutLine: {'line': b'-- Check for working CXX compiler: /usr/bin/c++ -- works\n'}
[1.228649] (test_msgs) StdoutLine: {'line': b'-- Detecting CXX compiler ABI info\n'}
[1.309127] (-) TimerEvent: {}
[1.410208] (-) TimerEvent: {}
[1.491183] (test_msgs) StdoutLine: {'line': b'-- Detecting CXX compiler ABI info - done\n'}
[1.510366] (-) TimerEvent: {}
[1.518482] (test_msgs) StdoutLine: {'line': b'-- Detecting CXX compile features\n'}
[1.519908] (test_msgs) StdoutLine: {'line': b'-- Detecting CXX compile features - done\n'}
[1.527258] (test_msgs) StdoutLine: {'line': b'-- Found ament_cmake: 1.1.6 (/opt/ros/galactic/share/ament_cmake/cmake)\n'}
[1.576867] (test_msgs) StdoutLine: {'line': b'-- Found PythonInterp: /usr/bin/python3 (found suitable version "3.8.10", minimum required is "3") \n'}
[1.577463] (test_msgs) StdoutLine: {'line': b'-- Using PYTHON_EXECUTABLE: /usr/bin/python3\n'}
[1.610516] (-) TimerEvent: {}
[1.711422] (-) TimerEvent: {}
[1.749265] (test_msgs) StdoutLine: {'line': b'-- Found builtin_interfaces: 1.0.3 (/opt/ros/galactic/share/builtin_interfaces/cmake)\n'}
[1.788983] (test_msgs) StdoutLine: {'line': b'-- Using single rosidl_typesupport_c: rosidl_typesupport_introspection_c\n'}
[1.798610] (test_msgs) StdoutLine: {'line': b'-- Found rosidl_adapter: 2.2.3 (/opt/ros/galactic/share/rosidl_adapter/cmake)\n'}
[1.811483] (-) TimerEvent: {}
[1.832520] (test_msgs) StdoutLine: {'line': b'-- Using single rosidl_typesupport_cpp: rosidl_typesupport_introspection_cpp\n'}
[1.880374] (test_msgs) StdoutLine: {'line': b'-- Found rosidl_default_generators: 1.1.1 (/opt/ros/galactic/share/rosidl_default_generators/cmake)\n'}
[1.911700] (-) TimerEvent: {}
[1.951723] (test_msgs) StdoutLine: {'line': b'-- Found PythonInterp: /usr/bin/python3 (found version "3.8.10") \n'}
[2.011848] (-) TimerEvent: {}
[2.112721] (-) TimerEvent: {}
[2.213757] (-) TimerEvent: {}
[2.227208] (test_msgs) StdoutLine: {'line': b'-- Found ament_cmake_cppcheck: 0.10.7 (/opt/ros/galactic/share/ament_cmake_cppcheck/cmake)\n'}
[2.230259] (test_msgs) StdoutLine: {'line': b'-- Found ament_cmake_cpplint: 0.10.7 (/opt/ros/galactic/share/ament_cmake_cpplint/cmake)\n'}
[2.233381] (test_msgs) StdoutLine: {'line': b'-- Found ament_cmake_uncrustify: 0.10.7 (/opt/ros/galactic/share/ament_cmake_uncrustify/cmake)\n'}
[2.251732] (test_msgs) StdoutLine: {'line': b'-- Using single rosidl_typesupport_c: rosidl_typesupport_introspection_c\n'}
[2.281263] (test_msgs) StdoutLine: {'line': b'-- Using single rosidl_typesupport_cpp: rosidl_typesupport_introspection_cpp\n'}
[2.313865] (-) TimerEvent: {}
[2.334083] (test_msgs) StdoutLine: {'line': b'-- Found PythonInterp: /usr/bin/python3 (found suitable version "3.8.10", minimum required is "3.5") \n'}
[2.335970] (test_msgs) StdoutLine: {'line': b'-- Found python_cmake_module: 0.8.1 (/opt/ros/galactic/share/python_cmake_module/cmake)\n'}
[2.390919] (test_msgs) StdoutLine: {'line': b'-- Found PythonLibs: /usr/lib/aarch64-linux-gnu/libpython3.8.so (found suitable version "3.8.10", minimum required is "3.5") \n'}
[2.391514] (test_msgs) StdoutLine: {'line': b'-- Using PYTHON_EXECUTABLE: /usr/bin/python3\n'}
[2.391805] (test_msgs) StdoutLine: {'line': b'-- Using PYTHON_INCLUDE_DIRS: /usr/include/python3.8\n'}
[2.392072] (test_msgs) StdoutLine: {'line': b'-- Using PYTHON_LIBRARIES: /usr/lib/aarch64-linux-gnu/libpython3.8.so\n'}
[2.413981] (-) TimerEvent: {}
[2.437645] (test_msgs) StdoutLine: {'line': b'-- Found PythonExtra: .so  \n'}
[2.514255] (-) TimerEvent: {}
[2.538327] (test_msgs) StdoutLine: {'line': b'-- Found ament_cmake_flake8: 0.10.7 (/opt/ros/galactic/share/ament_cmake_flake8/cmake)\n'}
[2.541776] (test_msgs) StdoutLine: {'line': b'-- Found ament_cmake_pep257: 0.10.7 (/opt/ros/galactic/share/ament_cmake_pep257/cmake)\n'}
[2.562920] (test_msgs) StdoutLine: {'line': b'-- Configuring done\n'}
[2.614401] (-) TimerEvent: {}
[2.615386] (test_msgs) StdoutLine: {'line': b'-- Generating done\n'}
[2.619690] (test_msgs) StderrLine: {'line': b'CMake Warning:\n'}
[2.620062] (test_msgs) StderrLine: {'line': b'  Manually-specified variables were not used by the project:\n'}
[2.620284] (test_msgs) StderrLine: {'line': b'\n'}
[2.620483] (test_msgs) StderrLine: {'line': b'    PICAS\n'}
[2.620666] (test_msgs) StderrLine: {'line': b'\n'}
[2.620842] (test_msgs) StderrLine: {'line': b'\n'}
[2.638987] (test_msgs) StdoutLine: {'line': b'-- Build files have been written to: /home/yfu/projects/ros2-picas/build/test_msgs\n'}
[2.662099] (test_msgs) CommandEnded: {'returncode': 0}
[2.663680] (test_msgs) JobProgress: {'identifier': 'test_msgs', 'progress': 'build'}
[2.665379] (test_msgs) Command: {'cmd': ['/usr/bin/cmake', '--build', '/home/yfu/projects/ros2-picas/build/test_msgs', '--', '-j6', '-l6'], 'cwd': '/home/yfu/projects/ros2-picas/build/test_msgs', 'env': OrderedDict([('LESSOPEN', '| /usr/bin/lesspipe %s'), ('CONDA_PROMPT_MODIFIER', '(base)'), ('USER', 'yfu'), ('SSH_CLIENT', '172.19.37.143 6742 22'), ('XDG_SESSION_TYPE', 'tty'), ('SHLVL', '1'), ('LD_LIBRARY_PATH', '/opt/ros/galactic/opt/yaml_cpp_vendor/lib:/opt/ros/galactic/lib/aarch64-linux-gnu:/opt/ros/galactic/lib'), ('MOTD_SHOWN', 'pam'), ('HOME', '/home/yfu'), ('CONDA_SHLVL', '1'), ('OLDPWD', '/home/yfu/projects'), ('SSH_TTY', '/dev/pts/3'), ('JETSON_L4T', '35.4.1'), ('ROS_PYTHON_VERSION', '3'), ('JETSON_MODEL', 'NVIDIA Orin Nano Developer Kit'), ('DBUS_SESSION_BUS_ADDRESS', 'unix:path=/run/user/1001/bus'), ('ROS_DISTRO', 'galactic'), ('LOGNAME', 'yfu'), ('JETSON_MODULE', 'NVIDIA Jetson Orin Nano (Developer kit)'), ('JETSON_SERIAL_NUMBER', '1421523024361'), ('_', '/usr/bin/colcon'), ('ROS_VERSION', '2'), ('JETSON_CODENAME', 'P3768'), ('XDG_SESSION_CLASS', 'user'), ('TERM', 'xterm'), ('XDG_SESSION_ID', '278'), ('ROS_LOCALHOST_ONLY', '0'), ('PATH', '/usr/bin:/home/yfu/.local/bin:/opt/ros/galactic/bin:/home/yfu/Miniconda/ENTER/bin:/home/yfu/Miniconda/ENTER/condabin:$/home/yfu/Miniconda/ENTER/bin:/usr/local/sbin:/usr/local/bin:/usr/sbin:/usr/bin:/sbin:/bin:/usr/games:/usr/local/games:/snap/bin'), ('XDG_RUNTIME_DIR', '/run/user/1001'), ('DISPLAY', 'localhost:10.0'), ('LANG', 'en_US.UTF-8'), ('LS_COLORS', 'rs=0:di=01;34:ln=01;36:mh=00:pi=40;33:so=01;35:do=01;35:bd=40;33;01:cd=40;33;01:or=40;31;01:mi=00:su=37;41:sg=30;43:ca=30;41:tw=30;42:ow=34;42:st=37;44:ex=01;32:*.tar=01;31:*.tgz=01;31:*.arc=01;31:*.arj=01;31:*.taz=01;31:*.lha=01;31:*.lz4=01;31:*.lzh=01;31:*.lzma=01;31:*.tlz=01;31:*.txz=01;31:*.tzo=01;31:*.t7z=01;31:*.zip=01;31:*.z=01;31:*.dz=01;31:*.gz=01;31:*.lrz=01;31:*.lz=01;31:*.lzo=01;31:*.xz=01;31:*.zst=01;31:*.tzst=01;31:*.bz2=01;31:*.bz=01;31:*.tbz=01;31:*.tbz2=01;31:*.tz=01;31:*.deb=01;31:*.rpm=01;31:*.jar=01;31:*.war=01;31:*.ear=01;31:*.sar=01;31:*.rar=01;31:*.alz=01;31:*.ace=01;31:*.zoo=01;31:*.cpio=01;31:*.7z=01;31:*.rz=01;31:*.cab=01;31:*.wim=01;31:*.swm=01;31:*.dwm=01;31:*.esd=01;31:*.jpg=01;35:*.jpeg=01;35:*.mjpg=01;35:*.mjpeg=01;35:*.gif=01;35:*.bmp=01;35:*.pbm=01;35:*.pgm=01;35:*.ppm=01;35:*.tga=01;35:*.xbm=01;35:*.xpm=01;35:*.tif=01;35:*.tiff=01;35:*.png=01;35:*.svg=01;35:*.svgz=01;35:*.mng=01;35:*.pcx=01;35:*.mov=01;35:*.mpg=01;35:*.mpeg=01;35:*.m2v=01;35:*.mkv=01;35:*.webm=01;35:*.ogm=01;35:*.mp4=01;35:*.m4v=01;35:*.mp4v=01;35:*.vob=01;35:*.qt=01;35:*.nuv=01;35:*.wmv=01;35:*.asf=01;35:*.rm=01;35:*.rmvb=01;35:*.flc=01;35:*.avi=01;35:*.fli=01;35:*.flv=01;35:*.gl=01;35:*.dl=01;35:*.xcf=01;35:*.xwd=01;35:*.yuv=01;35:*.cgm=01;35:*.emf=01;35:*.ogv=01;35:*.ogx=01;35:*.aac=00;36:*.au=00;36:*.flac=00;36:*.m4a=00;36:*.mid=00;36:*.midi=00;36:*.mka=00;36:*.mp3=00;36:*.mpc=00;36:*.ogg=00;36:*.ra=00;36:*.wav=00;36:*.oga=00;36:*.opus=00;36:*.spx=00;36:*.xspf=00;36:'), ('JETSON_SOC', 'tegra23x'), ('AMENT_PREFIX_PATH', '/opt/ros/galactic'), ('CONDA_PYTHON_EXE', '/home/yfu/Miniconda/ENTER/bin/python'), ('SHELL', '/bin/bash'), ('LESSCLOSE', '/usr/bin/lesspipe %s %s'), ('CONDA_DEFAULT_ENV', 'base'), ('JETSON_CUDA_ARCH_BIN', '8.7'), ('PWD', '/home/yfu/projects/ros2-picas/build/test_msgs'), ('CONDA_EXE', '/home/yfu/Miniconda/ENTER/bin/conda'), ('SSH_CONNECTION', '172.19.37.143 6742 192.168.0.226 22'), ('XDG_DATA_DIRS', '/usr/local/share:/usr/share:/var/lib/snapd/desktop'), ('PYTHONPATH', '/opt/ros/galactic/lib/python3.8/site-packages'), ('CONDA_PREFIX', '/home/yfu/Miniconda/ENTER'), ('COLCON', '1'), ('JETSON_JETPACK', '5.1.2'), ('JETSON_P_NUMBER', 'p3767-0005'), ('CMAKE_PREFIX_PATH', '/opt/ros/galactic')]), 'shell': False}
[2.714744] (-) TimerEvent: {}
[2.772856] (test_msgs) StdoutLine: {'line': b'[  3%] \x1b[34m\x1b[1mGenerating C code for ROS interfaces\x1b[0m\n'}
[2.773715] (test_msgs) StdoutLine: {'line': b'\x1b[35m\x1b[1mScanning dependencies of target test_msgs__cpp\x1b[0m\n'}
[2.801764] (test_msgs) StdoutLine: {'line': b'[  6%] \x1b[34m\x1b[1mGenerating C++ code for ROS interfaces\x1b[0m\n'}
[2.814911] (-) TimerEvent: {}
[2.915876] (-) TimerEvent: {}
[3.016788] (-) TimerEvent: {}
[3.117735] (-) TimerEvent: {}
[3.218552] (-) TimerEvent: {}
[3.319502] (-) TimerEvent: {}
[3.357317] (test_msgs) StdoutLine: {'line': b'[  6%] Built target test_msgs__cpp\n'}
[3.381420] (test_msgs) StdoutLine: {'line': b'[ 10%] \x1b[34m\x1b[1mGenerating C++ introspection for ROS interfaces\x1b[0m\n'}
[3.382406] (test_msgs) StdoutLine: {'line': b'\x1b[35m\x1b[1mScanning dependencies of target test_msgs__rosidl_generator_c\x1b[0m\n'}
[3.412383] (test_msgs) StdoutLine: {'line': b'[ 17%] \x1b[32mBuilding C object CMakeFiles/test_msgs__rosidl_generator_c.dir/rosidl_generator_c/test_msgs/msg/detail/u_time__functions.c.o\x1b[0m\n'}
[3.413600] (test_msgs) StdoutLine: {'line': b'[ 17%] \x1b[32mBuilding C object CMakeFiles/test_msgs__rosidl_generator_c.dir/rosidl_generator_c/test_msgs/msg/detail/test_string__functions.c.o\x1b[0m\n'}
[3.419651] (-) TimerEvent: {}
[3.520557] (test_msgs) StdoutLine: {'line': b'[ 20%] \x1b[32m\x1b[1mLinking C shared library libtest_msgs__rosidl_generator_c.so\x1b[0m\n'}
[3.521389] (-) TimerEvent: {}
[3.603791] (test_msgs) StdoutLine: {'line': b'[ 20%] Built target test_msgs__rosidl_generator_c\n'}
[3.621530] (-) TimerEvent: {}
[3.653748] (test_msgs) StdoutLine: {'line': b'[ 24%] \x1b[34m\x1b[1mGenerating C introspection for ROS interfaces\x1b[0m\n'}
[3.721783] (-) TimerEvent: {}
[3.822726] (-) TimerEvent: {}
[3.895592] (test_msgs) StdoutLine: {'line': b'\x1b[35m\x1b[1mScanning dependencies of target test_msgs__rosidl_typesupport_introspection_cpp\x1b[0m\n'}
[3.922915] (-) TimerEvent: {}
[4.074895] (test_msgs) StdoutLine: {'line': b'[ 31%] \x1b[32mBuilding CXX object CMakeFiles/test_msgs__rosidl_typesupport_introspection_cpp.dir/rosidl_typesupport_introspection_cpp/test_msgs/msg/detail/test_string__type_support.cpp.o\x1b[0m\n'}
[4.075605] (-) TimerEvent: {}
[4.075961] (test_msgs) StdoutLine: {'line': b'[ 31%] \x1b[32mBuilding CXX object CMakeFiles/test_msgs__rosidl_typesupport_introspection_cpp.dir/rosidl_typesupport_introspection_cpp/test_msgs/msg/detail/u_time__type_support.cpp.o\x1b[0m\n'}
[4.175910] (-) TimerEvent: {}
[4.242583] (test_msgs) StdoutLine: {'line': b'\x1b[35m\x1b[1mScanning dependencies of target test_msgs__rosidl_typesupport_introspection_c\x1b[0m\n'}
[4.276149] (-) TimerEvent: {}
[4.305742] (test_msgs) StdoutLine: {'line': b'[ 37%] \x1b[32mBuilding C object CMakeFiles/test_msgs__rosidl_typesupport_introspection_c.dir/rosidl_typesupport_introspection_c/test_msgs/msg/detail/test_string__type_support.c.o\x1b[0m\n'}
[4.306745] (test_msgs) StdoutLine: {'line': b'[ 37%] \x1b[32mBuilding C object CMakeFiles/test_msgs__rosidl_typesupport_introspection_c.dir/rosidl_typesupport_introspection_c/test_msgs/msg/detail/u_time__type_support.c.o\x1b[0m\n'}
[4.376408] (-) TimerEvent: {}
[4.410229] (test_msgs) StdoutLine: {'line': b'[ 41%] \x1b[32m\x1b[1mLinking C shared library libtest_msgs__rosidl_typesupport_introspection_c.so\x1b[0m\n'}
[4.476696] (-) TimerEvent: {}
[4.486454] (test_msgs) StdoutLine: {'line': b'[ 41%] Built target test_msgs__rosidl_typesupport_introspection_c\n'}
[4.539576] (test_msgs) StdoutLine: {'line': b'[ 44%] \x1b[34m\x1b[1mGenerating C type support dispatch for ROS interfaces\x1b[0m\n'}
[4.576926] (-) TimerEvent: {}
[4.678471] (-) TimerEvent: {}
[4.779456] (-) TimerEvent: {}
[4.873685] (test_msgs) StdoutLine: {'line': b'[ 48%] \x1b[32m\x1b[1mLinking CXX shared library libtest_msgs__rosidl_typesupport_introspection_cpp.so\x1b[0m\n'}
[4.879569] (-) TimerEvent: {}
[4.980447] (-) TimerEvent: {}
[5.038894] (test_msgs) StdoutLine: {'line': b'\x1b[35m\x1b[1mScanning dependencies of target test_msgs__rosidl_typesupport_c\x1b[0m\n'}
[5.039701] (test_msgs) StdoutLine: {'line': b'[ 48%] Built target test_msgs__rosidl_typesupport_introspection_cpp\n'}
[5.066365] (test_msgs) StdoutLine: {'line': b'[ 58%] \x1b[34m\x1b[1mGenerating C++ type support dispatch for ROS interfaces\x1b[0m\n'}
[5.067132] (test_msgs) StdoutLine: {'line': b'[ 58%] \x1b[32mBuilding CXX object CMakeFiles/test_msgs__rosidl_typesupport_c.dir/rosidl_typesupport_c/test_msgs/msg/u_time__type_support.cpp.o\x1b[0m\n'}
[5.067321] (test_msgs) StdoutLine: {'line': b'[ 58%] \x1b[32mBuilding CXX object CMakeFiles/test_msgs__rosidl_typesupport_c.dir/rosidl_typesupport_c/test_msgs/msg/test_string__type_support.cpp.o\x1b[0m\n'}
[5.080668] (-) TimerEvent: {}
[5.181677] (-) TimerEvent: {}
[5.199781] (test_msgs) StdoutLine: {'line': b'[ 62%] \x1b[32m\x1b[1mLinking CXX shared library libtest_msgs__rosidl_typesupport_c.so\x1b[0m\n'}
[5.281941] (-) TimerEvent: {}
[5.286763] (test_msgs) StdoutLine: {'line': b'[ 62%] Built target test_msgs__rosidl_typesupport_c\n'}
[5.382045] (-) TimerEvent: {}
[5.482891] (-) TimerEvent: {}
[5.521208] (test_msgs) StdoutLine: {'line': b'\x1b[35m\x1b[1mScanning dependencies of target test_msgs__rosidl_typesupport_cpp\x1b[0m\n'}
[5.557630] (test_msgs) StdoutLine: {'line': b'[ 65%] \x1b[32mBuilding CXX object CMakeFiles/test_msgs__rosidl_typesupport_cpp.dir/rosidl_typesupport_cpp/test_msgs/msg/u_time__type_support.cpp.o\x1b[0m\n'}
[5.558431] (test_msgs) StdoutLine: {'line': b'[ 68%] \x1b[32mBuilding CXX object CMakeFiles/test_msgs__rosidl_typesupport_cpp.dir/rosidl_typesupport_cpp/test_msgs/msg/test_string__type_support.cpp.o\x1b[0m\n'}
[5.583148] (-) TimerEvent: {}
[5.684277] (-) TimerEvent: {}
[5.785370] (-) TimerEvent: {}
[5.886468] (-) TimerEvent: {}
[5.987559] (-) TimerEvent: {}
[6.088646] (-) TimerEvent: {}
[6.189786] (-) TimerEvent: {}
[6.290805] (-) TimerEvent: {}
[6.326880] (test_msgs) StdoutLine: {'line': b'[ 72%] \x1b[32m\x1b[1mLinking CXX shared library libtest_msgs__rosidl_typesupport_cpp.so\x1b[0m\n'}
[6.391025] (-) TimerEvent: {}
[6.419675] (test_msgs) StdoutLine: {'line': b'[ 72%] Built target test_msgs__rosidl_typesupport_cpp\n'}
[6.452280] (test_msgs) StdoutLine: {'line': b'\x1b[35m\x1b[1mScanning dependencies of target test_msgs\x1b[0m\n'}
[6.481803] (test_msgs) StdoutLine: {'line': b'[ 72%] Built target test_msgs\n'}
[6.491113] (-) TimerEvent: {}
[6.505668] (test_msgs) StdoutLine: {'line': b'\x1b[35m\x1b[1mScanning dependencies of target test_msgs__py\x1b[0m\n'}
[6.530395] (test_msgs) StdoutLine: {'line': b'[ 75%] \x1b[34m\x1b[1mGenerating Python code for ROS interfaces\x1b[0m\n'}
[6.591318] (-) TimerEvent: {}
[6.692175] (-) TimerEvent: {}
[6.793014] (-) TimerEvent: {}
[6.893940] (-) TimerEvent: {}
[6.994776] (-) TimerEvent: {}
[7.095567] (-) TimerEvent: {}
[7.196298] (-) TimerEvent: {}
[7.296958] (-) TimerEvent: {}
[7.397479] (-) TimerEvent: {}
[7.497940] (-) TimerEvent: {}
[7.598330] (-) TimerEvent: {}
[7.698821] (-) TimerEvent: {}
[7.799682] (-) TimerEvent: {}
[7.900683] (-) TimerEvent: {}
[7.973806] (test_msgs) StdoutLine: {'line': b'[ 75%] Built target test_msgs__py\n'}
[7.998476] (test_msgs) StdoutLine: {'line': b'\x1b[35m\x1b[1mScanning dependencies of target test_msgs__python\x1b[0m\n'}
[8.000724] (-) TimerEvent: {}
[8.043087] (test_msgs) StdoutLine: {'line': b'[ 82%] \x1b[32mBuilding C object CMakeFiles/test_msgs__python.dir/rosidl_generator_py/test_msgs/msg/_u_time_s.c.o\x1b[0m\n'}
[8.043876] (test_msgs) StdoutLine: {'line': b'[ 82%] \x1b[32mBuilding C object CMakeFiles/test_msgs__python.dir/rosidl_generator_py/test_msgs/msg/_test_string_s.c.o\x1b[0m\n'}
[8.101070] (-) TimerEvent: {}
[8.202194] (-) TimerEvent: {}
[8.303079] (-) TimerEvent: {}
[8.359009] (test_msgs) StdoutLine: {'line': b'[ 86%] \x1b[32m\x1b[1mLinking C shared library rosidl_generator_py/test_msgs/libtest_msgs__python.so\x1b[0m\n'}
[8.403399] (-) TimerEvent: {}
[8.457312] (test_msgs) StdoutLine: {'line': b'[ 86%] Built target test_msgs__python\n'}
[8.482725] (test_msgs) StdoutLine: {'line': b'\x1b[35m\x1b[1mScanning dependencies of target test_msgs__rosidl_typesupport_introspection_c__pyext\x1b[0m\n'}
[8.483549] (test_msgs) StdoutLine: {'line': b'\x1b[35m\x1b[1mScanning dependencies of target test_msgs__rosidl_typesupport_c__pyext\x1b[0m\n'}
[8.503579] (-) TimerEvent: {}
[8.526714] (test_msgs) StdoutLine: {'line': b'[ 93%] \x1b[32mBuilding C object CMakeFiles/test_msgs__rosidl_typesupport_introspection_c__pyext.dir/rosidl_generator_py/test_msgs/_test_msgs_s.ep.rosidl_typesupport_introspection_c.c.o\x1b[0m\n'}
[8.527470] (test_msgs) StdoutLine: {'line': b'[ 93%] \x1b[32mBuilding C object CMakeFiles/test_msgs__rosidl_typesupport_c__pyext.dir/rosidl_generator_py/test_msgs/_test_msgs_s.ep.rosidl_typesupport_c.c.o\x1b[0m\n'}
[8.603889] (-) TimerEvent: {}
[8.704978] (-) TimerEvent: {}
[8.805936] (-) TimerEvent: {}
[8.825523] (test_msgs) StdoutLine: {'line': b'[100%] \x1b[32m\x1b[1mLinking C shared library rosidl_generator_py/test_msgs/test_msgs_s__rosidl_typesupport_introspection_c.cpython-38-aarch64-linux-gnu.so\x1b[0m\n'}
[8.826276] (test_msgs) StdoutLine: {'line': b'[100%] \x1b[32m\x1b[1mLinking C shared library rosidl_generator_py/test_msgs/test_msgs_s__rosidl_typesupport_c.cpython-38-aarch64-linux-gnu.so\x1b[0m\n'}
[8.906254] (-) TimerEvent: {}
[8.911035] (test_msgs) StdoutLine: {'line': b'[100%] Built target test_msgs__rosidl_typesupport_introspection_c__pyext\n'}
[8.911659] (test_msgs) StdoutLine: {'line': b'[100%] Built target test_msgs__rosidl_typesupport_c__pyext\n'}
[9.006433] (-) TimerEvent: {}
[9.073253] (test_msgs) CommandEnded: {'returncode': 0}
[9.075256] (test_msgs) JobProgress: {'identifier': 'test_msgs', 'progress': 'install'}
[9.106532] (test_msgs) Command: {'cmd': ['/usr/bin/cmake', '--install', '/home/yfu/projects/ros2-picas/build/test_msgs'], 'cwd': '/home/yfu/projects/ros2-picas/build/test_msgs', 'env': OrderedDict([('LESSOPEN', '| /usr/bin/lesspipe %s'), ('CONDA_PROMPT_MODIFIER', '(base)'), ('USER', 'yfu'), ('SSH_CLIENT', '172.19.37.143 6742 22'), ('XDG_SESSION_TYPE', 'tty'), ('SHLVL', '1'), ('LD_LIBRARY_PATH', '/opt/ros/galactic/opt/yaml_cpp_vendor/lib:/opt/ros/galactic/lib/aarch64-linux-gnu:/opt/ros/galactic/lib'), ('MOTD_SHOWN', 'pam'), ('HOME', '/home/yfu'), ('CONDA_SHLVL', '1'), ('OLDPWD', '/home/yfu/projects'), ('SSH_TTY', '/dev/pts/3'), ('JETSON_L4T', '35.4.1'), ('ROS_PYTHON_VERSION', '3'), ('JETSON_MODEL', 'NVIDIA Orin Nano Developer Kit'), ('DBUS_SESSION_BUS_ADDRESS', 'unix:path=/run/user/1001/bus'), ('ROS_DISTRO', 'galactic'), ('LOGNAME', 'yfu'), ('JETSON_MODULE', 'NVIDIA Jetson Orin Nano (Developer kit)'), ('JETSON_SERIAL_NUMBER', '1421523024361'), ('_', '/usr/bin/colcon'), ('ROS_VERSION', '2'), ('JETSON_CODENAME', 'P3768'), ('XDG_SESSION_CLASS', 'user'), ('TERM', 'xterm'), ('XDG_SESSION_ID', '278'), ('ROS_LOCALHOST_ONLY', '0'), ('PATH', '/usr/bin:/home/yfu/.local/bin:/opt/ros/galactic/bin:/home/yfu/Miniconda/ENTER/bin:/home/yfu/Miniconda/ENTER/condabin:$/home/yfu/Miniconda/ENTER/bin:/usr/local/sbin:/usr/local/bin:/usr/sbin:/usr/bin:/sbin:/bin:/usr/games:/usr/local/games:/snap/bin'), ('XDG_RUNTIME_DIR', '/run/user/1001'), ('DISPLAY', 'localhost:10.0'), ('LANG', 'en_US.UTF-8'), ('LS_COLORS', 'rs=0:di=01;34:ln=01;36:mh=00:pi=40;33:so=01;35:do=01;35:bd=40;33;01:cd=40;33;01:or=40;31;01:mi=00:su=37;41:sg=30;43:ca=30;41:tw=30;42:ow=34;42:st=37;44:ex=01;32:*.tar=01;31:*.tgz=01;31:*.arc=01;31:*.arj=01;31:*.taz=01;31:*.lha=01;31:*.lz4=01;31:*.lzh=01;31:*.lzma=01;31:*.tlz=01;31:*.txz=01;31:*.tzo=01;31:*.t7z=01;31:*.zip=01;31:*.z=01;31:*.dz=01;31:*.gz=01;31:*.lrz=01;31:*.lz=01;31:*.lzo=01;31:*.xz=01;31:*.zst=01;31:*.tzst=01;31:*.bz2=01;31:*.bz=01;31:*.tbz=01;31:*.tbz2=01;31:*.tz=01;31:*.deb=01;31:*.rpm=01;31:*.jar=01;31:*.war=01;31:*.ear=01;31:*.sar=01;31:*.rar=01;31:*.alz=01;31:*.ace=01;31:*.zoo=01;31:*.cpio=01;31:*.7z=01;31:*.rz=01;31:*.cab=01;31:*.wim=01;31:*.swm=01;31:*.dwm=01;31:*.esd=01;31:*.jpg=01;35:*.jpeg=01;35:*.mjpg=01;35:*.mjpeg=01;35:*.gif=01;35:*.bmp=01;35:*.pbm=01;35:*.pgm=01;35:*.ppm=01;35:*.tga=01;35:*.xbm=01;35:*.xpm=01;35:*.tif=01;35:*.tiff=01;35:*.png=01;35:*.svg=01;35:*.svgz=01;35:*.mng=01;35:*.pcx=01;35:*.mov=01;35:*.mpg=01;35:*.mpeg=01;35:*.m2v=01;35:*.mkv=01;35:*.webm=01;35:*.ogm=01;35:*.mp4=01;35:*.m4v=01;35:*.mp4v=01;35:*.vob=01;35:*.qt=01;35:*.nuv=01;35:*.wmv=01;35:*.asf=01;35:*.rm=01;35:*.rmvb=01;35:*.flc=01;35:*.avi=01;35:*.fli=01;35:*.flv=01;35:*.gl=01;35:*.dl=01;35:*.xcf=01;35:*.xwd=01;35:*.yuv=01;35:*.cgm=01;35:*.emf=01;35:*.ogv=01;35:*.ogx=01;35:*.aac=00;36:*.au=00;36:*.flac=00;36:*.m4a=00;36:*.mid=00;36:*.midi=00;36:*.mka=00;36:*.mp3=00;36:*.mpc=00;36:*.ogg=00;36:*.ra=00;36:*.wav=00;36:*.oga=00;36:*.opus=00;36:*.spx=00;36:*.xspf=00;36:'), ('JETSON_SOC', 'tegra23x'), ('AMENT_PREFIX_PATH', '/opt/ros/galactic'), ('CONDA_PYTHON_EXE', '/home/yfu/Miniconda/ENTER/bin/python'), ('SHELL', '/bin/bash'), ('LESSCLOSE', '/usr/bin/lesspipe %s %s'), ('CONDA_DEFAULT_ENV', 'base'), ('JETSON_CUDA_ARCH_BIN', '8.7'), ('PWD', '/home/yfu/projects/ros2-picas/build/test_msgs'), ('CONDA_EXE', '/home/yfu/Miniconda/ENTER/bin/conda'), ('SSH_CONNECTION', '172.19.37.143 6742 192.168.0.226 22'), ('XDG_DATA_DIRS', '/usr/local/share:/usr/share:/var/lib/snapd/desktop'), ('PYTHONPATH', '/opt/ros/galactic/lib/python3.8/site-packages'), ('CONDA_PREFIX', '/home/yfu/Miniconda/ENTER'), ('COLCON', '1'), ('JETSON_JETPACK', '5.1.2'), ('JETSON_P_NUMBER', 'p3767-0005'), ('CMAKE_PREFIX_PATH', '/opt/ros/galactic')]), 'shell': False}
[9.116033] (-) TimerEvent: {}
[9.140594] (test_msgs) StdoutLine: {'line': b'-- Install configuration: ""\n'}
[9.141494] (test_msgs) StdoutLine: {'line': b'-- Installing: /home/yfu/projects/ros2-picas/install/test_msgs/share/ament_index/resource_index/rosidl_interfaces/test_msgs\n'}
[9.141979] (test_msgs) StdoutLine: {'line': b'-- Installing: /home/yfu/projects/ros2-picas/install/test_msgs/include/test_msgs\n'}
[9.142395] (test_msgs) StdoutLine: {'line': b'-- Installing: /home/yfu/projects/ros2-picas/install/test_msgs/include/test_msgs/msg\n'}
[9.142894] (test_msgs) StdoutLine: {'line': b'-- Installing: /home/yfu/projects/ros2-picas/install/test_msgs/include/test_msgs/msg/u_time.h\n'}
[9.143213] (test_msgs) StdoutLine: {'line': b'-- Installing: /home/yfu/projects/ros2-picas/install/test_msgs/include/test_msgs/msg/rosidl_generator_c__visibility_control.h\n'}
[9.143551] (test_msgs) StdoutLine: {'line': b'-- Installing: /home/yfu/projects/ros2-picas/install/test_msgs/include/test_msgs/msg/detail\n'}
[9.143855] (test_msgs) StdoutLine: {'line': b'-- Installing: /home/yfu/projects/ros2-picas/install/test_msgs/include/test_msgs/msg/detail/u_time__functions.c\n'}
[9.144206] (test_msgs) StdoutLine: {'line': b'-- Installing: /home/yfu/projects/ros2-picas/install/test_msgs/include/test_msgs/msg/detail/u_time__functions.h\n'}
[9.144490] (test_msgs) StdoutLine: {'line': b'-- Installing: /home/yfu/projects/ros2-picas/install/test_msgs/include/test_msgs/msg/detail/test_string__functions.c\n'}
[9.144728] (test_msgs) StdoutLine: {'line': b'-- Installing: /home/yfu/projects/ros2-picas/install/test_msgs/include/test_msgs/msg/detail/test_string__type_support.h\n'}
[9.145009] (test_msgs) StdoutLine: {'line': b'-- Installing: /home/yfu/projects/ros2-picas/install/test_msgs/include/test_msgs/msg/detail/test_string__functions.h\n'}
[9.145337] (test_msgs) StdoutLine: {'line': b'-- Installing: /home/yfu/projects/ros2-picas/install/test_msgs/include/test_msgs/msg/detail/u_time__struct.h\n'}
[9.145624] (test_msgs) StdoutLine: {'line': b'-- Installing: /home/yfu/projects/ros2-picas/install/test_msgs/include/test_msgs/msg/detail/u_time__type_support.h\n'}
[9.145832] (test_msgs) StdoutLine: {'line': b'-- Installing: /home/yfu/projects/ros2-picas/install/test_msgs/include/test_msgs/msg/detail/test_string__struct.h\n'}
[9.146003] (test_msgs) StdoutLine: {'line': b'-- Installing: /home/yfu/projects/ros2-picas/install/test_msgs/include/test_msgs/msg/test_string.h\n'}
[9.146164] (test_msgs) StdoutLine: {'line': b'-- Installing: /home/yfu/projects/ros2-picas/install/test_msgs/share/test_msgs/environment/library_path.sh\n'}
[9.146376] (test_msgs) StdoutLine: {'line': b'-- Installing: /home/yfu/projects/ros2-picas/install/test_msgs/share/test_msgs/environment/library_path.dsv\n'}
[9.146635] (test_msgs) StdoutLine: {'line': b'-- Installing: /home/yfu/projects/ros2-picas/install/test_msgs/lib/libtest_msgs__rosidl_generator_c.so\n'}
[9.146846] (test_msgs) StdoutLine: {'line': b'-- Set runtime path of "/home/yfu/projects/ros2-picas/install/test_msgs/lib/libtest_msgs__rosidl_generator_c.so" to ""\n'}
[9.147088] (test_msgs) StdoutLine: {'line': b'-- Up-to-date: /home/yfu/projects/ros2-picas/install/test_msgs/include/test_msgs\n'}
[9.147300] (test_msgs) StdoutLine: {'line': b'-- Up-to-date: /home/yfu/projects/ros2-picas/install/test_msgs/include/test_msgs/msg\n'}
[9.147500] (test_msgs) StdoutLine: {'line': b'-- Installing: /home/yfu/projects/ros2-picas/install/test_msgs/include/test_msgs/msg/rosidl_typesupport_introspection_c__visibility_control.h\n'}
[9.147727] (test_msgs) StdoutLine: {'line': b'-- Up-to-date: /home/yfu/projects/ros2-picas/install/test_msgs/include/test_msgs/msg/detail\n'}
[9.147994] (test_msgs) StdoutLine: {'line': b'-- Installing: /home/yfu/projects/ros2-picas/install/test_msgs/include/test_msgs/msg/detail/u_time__type_support.c\n'}
[9.148305] (test_msgs) StdoutLine: {'line': b'-- Installing: /home/yfu/projects/ros2-picas/install/test_msgs/include/test_msgs/msg/detail/test_string__type_support.c\n'}
[9.148537] (test_msgs) StdoutLine: {'line': b'-- Installing: /home/yfu/projects/ros2-picas/install/test_msgs/include/test_msgs/msg/detail/test_string__rosidl_typesupport_introspection_c.h\n'}
[9.148799] (test_msgs) StdoutLine: {'line': b'-- Installing: /home/yfu/projects/ros2-picas/install/test_msgs/include/test_msgs/msg/detail/u_time__rosidl_typesupport_introspection_c.h\n'}
[9.149119] (test_msgs) StdoutLine: {'line': b'-- Installing: /home/yfu/projects/ros2-picas/install/test_msgs/lib/libtest_msgs__rosidl_typesupport_introspection_c.so\n'}
[9.149397] (test_msgs) StdoutLine: {'line': b'-- Set runtime path of "/home/yfu/projects/ros2-picas/install/test_msgs/lib/libtest_msgs__rosidl_typesupport_introspection_c.so" to ""\n'}
[9.149626] (test_msgs) StdoutLine: {'line': b'-- Installing: /home/yfu/projects/ros2-picas/install/test_msgs/lib/libtest_msgs__rosidl_typesupport_c.so\n'}
[9.150030] (test_msgs) StdoutLine: {'line': b'-- Set runtime path of "/home/yfu/projects/ros2-picas/install/test_msgs/lib/libtest_msgs__rosidl_typesupport_c.so" to ""\n'}
[9.150365] (test_msgs) StdoutLine: {'line': b'-- Up-to-date: /home/yfu/projects/ros2-picas/install/test_msgs/include/test_msgs\n'}
[9.150654] (test_msgs) StdoutLine: {'line': b'-- Up-to-date: /home/yfu/projects/ros2-picas/install/test_msgs/include/test_msgs/msg\n'}
[9.150978] (test_msgs) StdoutLine: {'line': b'-- Installing: /home/yfu/projects/ros2-picas/install/test_msgs/include/test_msgs/msg/u_time.hpp\n'}
[9.151254] (test_msgs) StdoutLine: {'line': b'-- Up-to-date: /home/yfu/projects/ros2-picas/install/test_msgs/include/test_msgs/msg/detail\n'}
[9.151536] (test_msgs) StdoutLine: {'line': b'-- Installing: /home/yfu/projects/ros2-picas/install/test_msgs/include/test_msgs/msg/detail/u_time__traits.hpp\n'}
[9.151816] (test_msgs) StdoutLine: {'line': b'-- Installing: /home/yfu/projects/ros2-picas/install/test_msgs/include/test_msgs/msg/detail/u_time__struct.hpp\n'}
[9.152201] (test_msgs) StdoutLine: {'line': b'-- Installing: /home/yfu/projects/ros2-picas/install/test_msgs/include/test_msgs/msg/detail/test_string__struct.hpp\n'}
[9.152488] (test_msgs) StdoutLine: {'line': b'-- Installing: /home/yfu/projects/ros2-picas/install/test_msgs/include/test_msgs/msg/detail/test_string__builder.hpp\n'}
[9.152810] (test_msgs) StdoutLine: {'line': b'-- Installing: /home/yfu/projects/ros2-picas/install/test_msgs/include/test_msgs/msg/detail/test_string__traits.hpp\n'}
[9.153044] (test_msgs) StdoutLine: {'line': b'-- Installing: /home/yfu/projects/ros2-picas/install/test_msgs/include/test_msgs/msg/detail/u_time__builder.hpp\n'}
[9.153376] (test_msgs) StdoutLine: {'line': b'-- Installing: /home/yfu/projects/ros2-picas/install/test_msgs/include/test_msgs/msg/test_string.hpp\n'}
[9.153605] (test_msgs) StdoutLine: {'line': b'-- Up-to-date: /home/yfu/projects/ros2-picas/install/test_msgs/include/test_msgs\n'}
[9.153823] (test_msgs) StdoutLine: {'line': b'-- Up-to-date: /home/yfu/projects/ros2-picas/install/test_msgs/include/test_msgs/msg\n'}
[9.154131] (test_msgs) StdoutLine: {'line': b'-- Up-to-date: /home/yfu/projects/ros2-picas/install/test_msgs/include/test_msgs/msg/detail\n'}
[9.154440] (test_msgs) StdoutLine: {'line': b'-- Installing: /home/yfu/projects/ros2-picas/install/test_msgs/include/test_msgs/msg/detail/test_string__type_support.cpp\n'}
[9.154669] (test_msgs) StdoutLine: {'line': b'-- Installing: /home/yfu/projects/ros2-picas/install/test_msgs/include/test_msgs/msg/detail/u_time__rosidl_typesupport_introspection_cpp.hpp\n'}
[9.154990] (test_msgs) StdoutLine: {'line': b'-- Installing: /home/yfu/projects/ros2-picas/install/test_msgs/include/test_msgs/msg/detail/test_string__rosidl_typesupport_introspection_cpp.hpp\n'}
[9.155230] (test_msgs) StdoutLine: {'line': b'-- Installing: /home/yfu/projects/ros2-picas/install/test_msgs/include/test_msgs/msg/detail/u_time__type_support.cpp\n'}
[9.155515] (test_msgs) StdoutLine: {'line': b'-- Installing: /home/yfu/projects/ros2-picas/install/test_msgs/lib/libtest_msgs__rosidl_typesupport_introspection_cpp.so\n'}
[9.155792] (test_msgs) StdoutLine: {'line': b'-- Set runtime path of "/home/yfu/projects/ros2-picas/install/test_msgs/lib/libtest_msgs__rosidl_typesupport_introspection_cpp.so" to ""\n'}
[9.156027] (test_msgs) StdoutLine: {'line': b'-- Installing: /home/yfu/projects/ros2-picas/install/test_msgs/lib/libtest_msgs__rosidl_typesupport_cpp.so\n'}
[9.156248] (test_msgs) StdoutLine: {'line': b'-- Set runtime path of "/home/yfu/projects/ros2-picas/install/test_msgs/lib/libtest_msgs__rosidl_typesupport_cpp.so" to ""\n'}
[9.156488] (test_msgs) StdoutLine: {'line': b'-- Installing: /home/yfu/projects/ros2-picas/install/test_msgs/share/test_msgs/environment/pythonpath.sh\n'}
[9.156706] (test_msgs) StdoutLine: {'line': b'-- Installing: /home/yfu/projects/ros2-picas/install/test_msgs/share/test_msgs/environment/pythonpath.dsv\n'}
[9.156922] (test_msgs) StdoutLine: {'line': b'-- Installing: /home/yfu/projects/ros2-picas/install/test_msgs/lib/python3.8/site-packages/test_msgs/__init__.py\n'}
[9.216085] (-) TimerEvent: {}
[9.217465] (test_msgs) StdoutLine: {'line': b"Compiling '/home/yfu/projects/ros2-picas/install/test_msgs/lib/python3.8/site-packages/test_msgs/__init__.py'...\n"}
[9.230884] (test_msgs) StdoutLine: {'line': b'-- Installing: /home/yfu/projects/ros2-picas/install/test_msgs/lib/python3.8/site-packages/test_msgs/msg\n'}
[9.231535] (test_msgs) StdoutLine: {'line': b'-- Installing: /home/yfu/projects/ros2-picas/install/test_msgs/lib/python3.8/site-packages/test_msgs/msg/_test_string.py\n'}
[9.231768] (test_msgs) StdoutLine: {'line': b'-- Installing: /home/yfu/projects/ros2-picas/install/test_msgs/lib/python3.8/site-packages/test_msgs/msg/_test_string_s.c\n'}
[9.231920] (test_msgs) StdoutLine: {'line': b'-- Installing: /home/yfu/projects/ros2-picas/install/test_msgs/lib/python3.8/site-packages/test_msgs/msg/_u_time_s.c\n'}
[9.232094] (test_msgs) StdoutLine: {'line': b'-- Installing: /home/yfu/projects/ros2-picas/install/test_msgs/lib/python3.8/site-packages/test_msgs/msg/__init__.py\n'}
[9.232251] (test_msgs) StdoutLine: {'line': b'-- Installing: /home/yfu/projects/ros2-picas/install/test_msgs/lib/python3.8/site-packages/test_msgs/msg/_u_time.py\n'}
[9.232799] (test_msgs) StdoutLine: {'line': b'-- Installing: /home/yfu/projects/ros2-picas/install/test_msgs/lib/python3.8/site-packages/test_msgs/test_msgs_s__rosidl_typesupport_introspection_c.cpython-38-aarch64-linux-gnu.so\n'}
[9.233794] (test_msgs) StdoutLine: {'line': b'-- Set runtime path of "/home/yfu/projects/ros2-picas/install/test_msgs/lib/python3.8/site-packages/test_msgs/test_msgs_s__rosidl_typesupport_introspection_c.cpython-38-aarch64-linux-gnu.so" to ""\n'}
[9.234164] (test_msgs) StdoutLine: {'line': b'-- Installing: /home/yfu/projects/ros2-picas/install/test_msgs/lib/python3.8/site-packages/test_msgs/test_msgs_s__rosidl_typesupport_c.cpython-38-aarch64-linux-gnu.so\n'}
[9.234994] (test_msgs) StdoutLine: {'line': b'-- Set runtime path of "/home/yfu/projects/ros2-picas/install/test_msgs/lib/python3.8/site-packages/test_msgs/test_msgs_s__rosidl_typesupport_c.cpython-38-aarch64-linux-gnu.so" to ""\n'}
[9.235304] (test_msgs) StdoutLine: {'line': b'-- Installing: /home/yfu/projects/ros2-picas/install/test_msgs/lib/libtest_msgs__python.so\n'}
[9.235931] (test_msgs) StdoutLine: {'line': b'-- Set runtime path of "/home/yfu/projects/ros2-picas/install/test_msgs/lib/libtest_msgs__python.so" to ""\n'}
[9.236244] (test_msgs) StdoutLine: {'line': b'-- Installing: /home/yfu/projects/ros2-picas/install/test_msgs/share/test_msgs/msg/TestString.idl\n'}
[9.236557] (test_msgs) StdoutLine: {'line': b'-- Installing: /home/yfu/projects/ros2-picas/install/test_msgs/share/test_msgs/msg/UTime.idl\n'}
[9.236847] (test_msgs) StdoutLine: {'line': b'-- Installing: /home/yfu/projects/ros2-picas/install/test_msgs/share/test_msgs/msg/TestString.msg\n'}
[9.237164] (test_msgs) StdoutLine: {'line': b'-- Installing: /home/yfu/projects/ros2-picas/install/test_msgs/share/test_msgs/msg/UTime.msg\n'}
[9.237519] (test_msgs) StdoutLine: {'line': b'-- Installing: /home/yfu/projects/ros2-picas/install/test_msgs/share/ament_index/resource_index/package_run_dependencies/test_msgs\n'}
[9.237924] (test_msgs) StdoutLine: {'line': b'-- Installing: /home/yfu/projects/ros2-picas/install/test_msgs/share/ament_index/resource_index/parent_prefix_path/test_msgs\n'}
[9.238242] (test_msgs) StdoutLine: {'line': b'-- Installing: /home/yfu/projects/ros2-picas/install/test_msgs/share/test_msgs/environment/ament_prefix_path.sh\n'}
[9.238542] (test_msgs) StdoutLine: {'line': b'-- Installing: /home/yfu/projects/ros2-picas/install/test_msgs/share/test_msgs/environment/ament_prefix_path.dsv\n'}
[9.238905] (test_msgs) StdoutLine: {'line': b'-- Installing: /home/yfu/projects/ros2-picas/install/test_msgs/share/test_msgs/environment/path.sh\n'}
[9.239233] (test_msgs) StdoutLine: {'line': b'-- Installing: /home/yfu/projects/ros2-picas/install/test_msgs/share/test_msgs/environment/path.dsv\n'}
[9.239554] (test_msgs) StdoutLine: {'line': b'-- Installing: /home/yfu/projects/ros2-picas/install/test_msgs/share/test_msgs/local_setup.bash\n'}
[9.239840] (test_msgs) StdoutLine: {'line': b'-- Installing: /home/yfu/projects/ros2-picas/install/test_msgs/share/test_msgs/local_setup.sh\n'}
[9.240133] (test_msgs) StdoutLine: {'line': b'-- Installing: /home/yfu/projects/ros2-picas/install/test_msgs/share/test_msgs/local_setup.zsh\n'}
[9.240423] (test_msgs) StdoutLine: {'line': b'-- Installing: /home/yfu/projects/ros2-picas/install/test_msgs/share/test_msgs/local_setup.dsv\n'}
[9.240697] (test_msgs) StdoutLine: {'line': b'-- Installing: /home/yfu/projects/ros2-picas/install/test_msgs/share/test_msgs/package.dsv\n'}
[9.240995] (test_msgs) StdoutLine: {'line': b'-- Installing: /home/yfu/projects/ros2-picas/install/test_msgs/share/ament_index/resource_index/packages/test_msgs\n'}
[9.241479] (test_msgs) StdoutLine: {'line': b'-- Installing: /home/yfu/projects/ros2-picas/install/test_msgs/share/test_msgs/cmake/test_msgs__rosidl_generator_cExport.cmake\n'}
[9.241785] (test_msgs) StdoutLine: {'line': b'-- Installing: /home/yfu/projects/ros2-picas/install/test_msgs/share/test_msgs/cmake/test_msgs__rosidl_generator_cExport-noconfig.cmake\n'}
[9.242182] (test_msgs) StdoutLine: {'line': b'-- Installing: /home/yfu/projects/ros2-picas/install/test_msgs/share/test_msgs/cmake/test_msgs__rosidl_typesupport_introspection_cExport.cmake\n'}
[9.242520] (test_msgs) StdoutLine: {'line': b'-- Installing: /home/yfu/projects/ros2-picas/install/test_msgs/share/test_msgs/cmake/test_msgs__rosidl_typesupport_introspection_cExport-noconfig.cmake\n'}
[9.242894] (test_msgs) StdoutLine: {'line': b'-- Installing: /home/yfu/projects/ros2-picas/install/test_msgs/share/test_msgs/cmake/test_msgs__rosidl_typesupport_cExport.cmake\n'}
[9.243216] (test_msgs) StdoutLine: {'line': b'-- Installing: /home/yfu/projects/ros2-picas/install/test_msgs/share/test_msgs/cmake/test_msgs__rosidl_typesupport_cExport-noconfig.cmake\n'}
[9.243612] (test_msgs) StdoutLine: {'line': b'-- Installing: /home/yfu/projects/ros2-picas/install/test_msgs/share/test_msgs/cmake/test_msgs__rosidl_generator_cppExport.cmake\n'}
[9.244015] (test_msgs) StdoutLine: {'line': b'-- Installing: /home/yfu/projects/ros2-picas/install/test_msgs/share/test_msgs/cmake/test_msgs__rosidl_typesupport_introspection_cppExport.cmake\n'}
[9.244334] (test_msgs) StdoutLine: {'line': b'-- Installing: /home/yfu/projects/ros2-picas/install/test_msgs/share/test_msgs/cmake/test_msgs__rosidl_typesupport_introspection_cppExport-noconfig.cmake\n'}
[9.244716] (test_msgs) StdoutLine: {'line': b'-- Installing: /home/yfu/projects/ros2-picas/install/test_msgs/share/test_msgs/cmake/test_msgs__rosidl_typesupport_cppExport.cmake\n'}
[9.245035] (test_msgs) StdoutLine: {'line': b'-- Installing: /home/yfu/projects/ros2-picas/install/test_msgs/share/test_msgs/cmake/test_msgs__rosidl_typesupport_cppExport-noconfig.cmake\n'}
[9.245394] (test_msgs) StdoutLine: {'line': b'-- Installing: /home/yfu/projects/ros2-picas/install/test_msgs/share/test_msgs/cmake/rosidl_cmake-extras.cmake\n'}
[9.245713] (test_msgs) StdoutLine: {'line': b'-- Installing: /home/yfu/projects/ros2-picas/install/test_msgs/share/test_msgs/cmake/ament_cmake_export_dependencies-extras.cmake\n'}
[9.245999] (test_msgs) StdoutLine: {'line': b'-- Installing: /home/yfu/projects/ros2-picas/install/test_msgs/share/test_msgs/cmake/ament_cmake_export_libraries-extras.cmake\n'}
[9.246303] (test_msgs) StdoutLine: {'line': b'-- Installing: /home/yfu/projects/ros2-picas/install/test_msgs/share/test_msgs/cmake/ament_cmake_export_targets-extras.cmake\n'}
[9.246616] (test_msgs) StdoutLine: {'line': b'-- Installing: /home/yfu/projects/ros2-picas/install/test_msgs/share/test_msgs/cmake/ament_cmake_export_include_directories-extras.cmake\n'}
[9.246959] (test_msgs) StdoutLine: {'line': b'-- Installing: /home/yfu/projects/ros2-picas/install/test_msgs/share/test_msgs/cmake/rosidl_cmake_export_typesupport_targets-extras.cmake\n'}
[9.247253] (test_msgs) StdoutLine: {'line': b'-- Installing: /home/yfu/projects/ros2-picas/install/test_msgs/share/test_msgs/cmake/test_msgsConfig.cmake\n'}
[9.247545] (test_msgs) StdoutLine: {'line': b'-- Installing: /home/yfu/projects/ros2-picas/install/test_msgs/share/test_msgs/cmake/test_msgsConfig-version.cmake\n'}
[9.247871] (test_msgs) StdoutLine: {'line': b'-- Installing: /home/yfu/projects/ros2-picas/install/test_msgs/share/test_msgs/package.xml\n'}
[9.255029] (test_msgs) CommandEnded: {'returncode': 0}
[9.316441] (-) TimerEvent: {}
[9.417970] (-) TimerEvent: {}
[9.450481] (test_msgs) JobEnded: {'identifier': 'test_msgs', 'rc': 0}
[9.454342] (rclcpp) JobStarted: {'identifier': 'rclcpp'}
[9.474196] (rclcpp) JobProgress: {'identifier': 'rclcpp', 'progress': 'cmake'}
[9.475902] (rclcpp) Command: {'cmd': ['/usr/bin/cmake', '/home/yfu/projects/ros2-picas/rclcpp', '-DPICAS=TRUE', '-DCMAKE_INSTALL_PREFIX=/home/yfu/projects/ros2-picas/install/rclcpp'], 'cwd': '/home/yfu/projects/ros2-picas/build/rclcpp', 'env': OrderedDict([('LESSOPEN', '| /usr/bin/lesspipe %s'), ('CONDA_PROMPT_MODIFIER', '(base)'), ('USER', 'yfu'), ('SSH_CLIENT', '172.19.37.143 6742 22'), ('XDG_SESSION_TYPE', 'tty'), ('SHLVL', '1'), ('LD_LIBRARY_PATH', '/home/yfu/projects/ros2-picas/install/test_msgs/lib:/opt/ros/galactic/opt/yaml_cpp_vendor/lib:/opt/ros/galactic/lib/aarch64-linux-gnu:/opt/ros/galactic/lib'), ('MOTD_SHOWN', 'pam'), ('HOME', '/home/yfu'), ('CONDA_SHLVL', '1'), ('OLDPWD', '/home/yfu/projects'), ('SSH_TTY', '/dev/pts/3'), ('JETSON_L4T', '35.4.1'), ('ROS_PYTHON_VERSION', '3'), ('JETSON_MODEL', 'NVIDIA Orin Nano Developer Kit'), ('DBUS_SESSION_BUS_ADDRESS', 'unix:path=/run/user/1001/bus'), ('ROS_DISTRO', 'galactic'), ('LOGNAME', 'yfu'), ('JETSON_MODULE', 'NVIDIA Jetson Orin Nano (Developer kit)'), ('JETSON_SERIAL_NUMBER', '1421523024361'), ('_', '/usr/bin/colcon'), ('ROS_VERSION', '2'), ('JETSON_CODENAME', 'P3768'), ('XDG_SESSION_CLASS', 'user'), ('TERM', 'xterm'), ('XDG_SESSION_ID', '278'), ('ROS_LOCALHOST_ONLY', '0'), ('PATH', '/usr/bin:/home/yfu/.local/bin:/opt/ros/galactic/bin:/home/yfu/Miniconda/ENTER/bin:/home/yfu/Miniconda/ENTER/condabin:$/home/yfu/Miniconda/ENTER/bin:/usr/local/sbin:/usr/local/bin:/usr/sbin:/usr/bin:/sbin:/bin:/usr/games:/usr/local/games:/snap/bin'), ('XDG_RUNTIME_DIR', '/run/user/1001'), ('DISPLAY', 'localhost:10.0'), ('LANG', 'en_US.UTF-8'), ('LS_COLORS', 'rs=0:di=01;34:ln=01;36:mh=00:pi=40;33:so=01;35:do=01;35:bd=40;33;01:cd=40;33;01:or=40;31;01:mi=00:su=37;41:sg=30;43:ca=30;41:tw=30;42:ow=34;42:st=37;44:ex=01;32:*.tar=01;31:*.tgz=01;31:*.arc=01;31:*.arj=01;31:*.taz=01;31:*.lha=01;31:*.lz4=01;31:*.lzh=01;31:*.lzma=01;31:*.tlz=01;31:*.txz=01;31:*.tzo=01;31:*.t7z=01;31:*.zip=01;31:*.z=01;31:*.dz=01;31:*.gz=01;31:*.lrz=01;31:*.lz=01;31:*.lzo=01;31:*.xz=01;31:*.zst=01;31:*.tzst=01;31:*.bz2=01;31:*.bz=01;31:*.tbz=01;31:*.tbz2=01;31:*.tz=01;31:*.deb=01;31:*.rpm=01;31:*.jar=01;31:*.war=01;31:*.ear=01;31:*.sar=01;31:*.rar=01;31:*.alz=01;31:*.ace=01;31:*.zoo=01;31:*.cpio=01;31:*.7z=01;31:*.rz=01;31:*.cab=01;31:*.wim=01;31:*.swm=01;31:*.dwm=01;31:*.esd=01;31:*.jpg=01;35:*.jpeg=01;35:*.mjpg=01;35:*.mjpeg=01;35:*.gif=01;35:*.bmp=01;35:*.pbm=01;35:*.pgm=01;35:*.ppm=01;35:*.tga=01;35:*.xbm=01;35:*.xpm=01;35:*.tif=01;35:*.tiff=01;35:*.png=01;35:*.svg=01;35:*.svgz=01;35:*.mng=01;35:*.pcx=01;35:*.mov=01;35:*.mpg=01;35:*.mpeg=01;35:*.m2v=01;35:*.mkv=01;35:*.webm=01;35:*.ogm=01;35:*.mp4=01;35:*.m4v=01;35:*.mp4v=01;35:*.vob=01;35:*.qt=01;35:*.nuv=01;35:*.wmv=01;35:*.asf=01;35:*.rm=01;35:*.rmvb=01;35:*.flc=01;35:*.avi=01;35:*.fli=01;35:*.flv=01;35:*.gl=01;35:*.dl=01;35:*.xcf=01;35:*.xwd=01;35:*.yuv=01;35:*.cgm=01;35:*.emf=01;35:*.ogv=01;35:*.ogx=01;35:*.aac=00;36:*.au=00;36:*.flac=00;36:*.m4a=00;36:*.mid=00;36:*.midi=00;36:*.mka=00;36:*.mp3=00;36:*.mpc=00;36:*.ogg=00;36:*.ra=00;36:*.wav=00;36:*.oga=00;36:*.opus=00;36:*.spx=00;36:*.xspf=00;36:'), ('JETSON_SOC', 'tegra23x'), ('AMENT_PREFIX_PATH', '/home/yfu/projects/ros2-picas/install/test_msgs:/opt/ros/galactic'), ('CONDA_PYTHON_EXE', '/home/yfu/Miniconda/ENTER/bin/python'), ('SHELL', '/bin/bash'), ('LESSCLOSE', '/usr/bin/lesspipe %s %s'), ('CONDA_DEFAULT_ENV', 'base'), ('JETSON_CUDA_ARCH_BIN', '8.7'), ('PWD', '/home/yfu/projects/ros2-picas/build/rclcpp'), ('CONDA_EXE', '/home/yfu/Miniconda/ENTER/bin/conda'), ('SSH_CONNECTION', '172.19.37.143 6742 192.168.0.226 22'), ('XDG_DATA_DIRS', '/usr/local/share:/usr/share:/var/lib/snapd/desktop'), ('PYTHONPATH', '/home/yfu/projects/ros2-picas/install/test_msgs/lib/python3.8/site-packages:/opt/ros/galactic/lib/python3.8/site-packages'), ('CONDA_PREFIX', '/home/yfu/Miniconda/ENTER'), ('COLCON', '1'), ('JETSON_JETPACK', '5.1.2'), ('JETSON_P_NUMBER', 'p3767-0005'), ('CMAKE_PREFIX_PATH', '/home/yfu/projects/ros2-picas/install/test_msgs:/opt/ros/galactic')]), 'shell': False}
[9.518291] (-) TimerEvent: {}
[9.619351] (-) TimerEvent: {}
[9.695589] (rclcpp) StdoutLine: {'line': b'-- The C compiler identification is GNU 9.4.0\n'}
[9.719592] (-) TimerEvent: {}
[9.820843] (-) TimerEvent: {}
[9.883807] (rclcpp) StdoutLine: {'line': b'-- The CXX compiler identification is GNU 9.4.0\n'}
[9.892729] (rclcpp) StdoutLine: {'line': b'-- Check for working C compiler: /usr/bin/cc\n'}
[9.921124] (-) TimerEvent: {}
[10.022169] (-) TimerEvent: {}
[10.123394] (-) TimerEvent: {}
[10.125594] (rclcpp) StdoutLine: {'line': b'-- Check for working C compiler: /usr/bin/cc -- works\n'}
[10.127500] (rclcpp) StdoutLine: {'line': b'-- Detecting C compiler ABI info\n'}
[10.223673] (-) TimerEvent: {}
[10.324830] (-) TimerEvent: {}
[10.359037] (rclcpp) StdoutLine: {'line': b'-- Detecting C compiler ABI info - done\n'}
[10.384653] (rclcpp) StdoutLine: {'line': b'-- Detecting C compile features\n'}
[10.385830] (rclcpp) StdoutLine: {'line': b'-- Detecting C compile features - done\n'}
[10.391510] (rclcpp) StdoutLine: {'line': b'-- Check for working CXX compiler: /usr/bin/c++\n'}
[10.425028] (-) TimerEvent: {}
[10.526091] (-) TimerEvent: {}
[10.627164] (-) TimerEvent: {}
[10.644769] (rclcpp) StdoutLine: {'line': b'-- Check for working CXX compiler: /usr/bin/c++ -- works\n'}
[10.648751] (rclcpp) StdoutLine: {'line': b'-- Detecting CXX compiler ABI info\n'}
[10.727429] (-) TimerEvent: {}
[10.828503] (-) TimerEvent: {}
[10.915050] (rclcpp) StdoutLine: {'line': b'-- Detecting CXX compiler ABI info - done\n'}
[10.928681] (-) TimerEvent: {}
[10.947232] (rclcpp) StdoutLine: {'line': b'-- Detecting CXX compile features\n'}
[10.948147] (rclcpp) StdoutLine: {'line': b'-- Detecting CXX compile features - done\n'}
[10.951794] (rclcpp) StdoutLine: {'line': b'-- Looking for pthread.h\n'}
[11.028976] (-) TimerEvent: {}
[11.130060] (-) TimerEvent: {}
[11.183119] (rclcpp) StdoutLine: {'line': b'-- Looking for pthread.h - found\n'}
[11.184038] (rclcpp) StdoutLine: {'line': b'-- Performing Test CMAKE_HAVE_LIBC_PTHREAD\n'}
[11.230359] (-) TimerEvent: {}
[11.331513] (-) TimerEvent: {}
[11.432579] (-) TimerEvent: {}
[11.533532] (-) TimerEvent: {}
[11.572724] (rclcpp) StdoutLine: {'line': b'-- Performing Test CMAKE_HAVE_LIBC_PTHREAD - Failed\n'}
[11.573562] (rclcpp) StdoutLine: {'line': b'-- Looking for pthread_create in pthreads\n'}
[11.633813] (-) TimerEvent: {}
[11.734904] (-) TimerEvent: {}
[11.836037] (-) TimerEvent: {}
[11.936072] (rclcpp) StdoutLine: {'line': b'-- Looking for pthread_create in pthreads - not found\n'}
[11.937062] (-) TimerEvent: {}
[11.937639] (rclcpp) StdoutLine: {'line': b'-- Looking for pthread_create in pthread\n'}
[12.037378] (-) TimerEvent: {}
[12.138542] (-) TimerEvent: {}
[12.174336] (rclcpp) StdoutLine: {'line': b'-- Looking for pthread_create in pthread - found\n'}
[12.177508] (rclcpp) StdoutLine: {'line': b'-- Found Threads: TRUE  \n'}
[12.181936] (rclcpp) StdoutLine: {'line': b'-- Found ament_cmake_ros: 0.9.2 (/opt/ros/galactic/share/ament_cmake_ros/cmake)\n'}
[12.238685] (-) TimerEvent: {}
[12.268450] (rclcpp) StdoutLine: {'line': b'-- Found PythonInterp: /usr/bin/python3 (found suitable version "3.8.10", minimum required is "3") \n'}
[12.269371] (rclcpp) StdoutLine: {'line': b'-- Using PYTHON_EXECUTABLE: /usr/bin/python3\n'}
[12.338912] (-) TimerEvent: {}
[12.440185] (-) TimerEvent: {}
[12.465359] (rclcpp) StdoutLine: {'line': b'-- Found ament_index_cpp: 1.2.0 (/opt/ros/galactic/share/ament_index_cpp/cmake)\n'}
[12.470933] (rclcpp) StdoutLine: {'line': b'-- Found builtin_interfaces: 1.0.3 (/opt/ros/galactic/share/builtin_interfaces/cmake)\n'}
[12.511527] (rclcpp) StdoutLine: {'line': b'-- Using single rosidl_typesupport_c: rosidl_typesupport_introspection_c\n'}
[12.521438] (rclcpp) StdoutLine: {'line': b'-- Found rosidl_adapter: 2.2.3 (/opt/ros/galactic/share/rosidl_adapter/cmake)\n'}
[12.540195] (-) TimerEvent: {}
[12.555823] (rclcpp) StdoutLine: {'line': b'-- Using single rosidl_typesupport_cpp: rosidl_typesupport_introspection_cpp\n'}
[12.603116] (rclcpp) StdoutLine: {'line': b'-- Found libstatistics_collector: 1.1.1 (/opt/ros/galactic/share/libstatistics_collector/cmake)\n'}
[12.640280] (-) TimerEvent: {}
[12.686718] (rclcpp) StdoutLine: {'line': b'-- Found rmw_implementation_cmake: 3.3.1 (/opt/ros/galactic/share/rmw_implementation_cmake/cmake)\n'}
[12.691016] (rclcpp) StdoutLine: {'line': b'-- Found rmw_cyclonedds_cpp: 0.22.6 (/opt/ros/galactic/share/rmw_cyclonedds_cpp/cmake)\n'}
[12.725558] (rclcpp) StdoutLine: {'line': b"-- Using RMW implementation 'rmw_cyclonedds_cpp' as default\n"}
[12.740392] (-) TimerEvent: {}
[12.841029] (-) TimerEvent: {}
[12.891684] (rclcpp) StdoutLine: {'line': b'-- Found rosgraph_msgs: 1.0.3 (/opt/ros/galactic/share/rosgraph_msgs/cmake)\n'}
[12.941309] (-) TimerEvent: {}
[13.042276] (-) TimerEvent: {}
[13.090440] (rclcpp) StdoutLine: {'line': b'-- Configuring done\n'}
[13.129032] (rclcpp) StdoutLine: {'line': b'-- Generating done\n'}
[13.142366] (-) TimerEvent: {}
[13.151464] (rclcpp) StdoutLine: {'line': b'-- Build files have been written to: /home/yfu/projects/ros2-picas/build/rclcpp\n'}
[13.177184] (rclcpp) CommandEnded: {'returncode': 0}
[13.179254] (rclcpp) JobProgress: {'identifier': 'rclcpp', 'progress': 'build'}
[13.180014] (rclcpp) Command: {'cmd': ['/usr/bin/cmake', '--build', '/home/yfu/projects/ros2-picas/build/rclcpp', '--', '-j6', '-l6'], 'cwd': '/home/yfu/projects/ros2-picas/build/rclcpp', 'env': OrderedDict([('LESSOPEN', '| /usr/bin/lesspipe %s'), ('CONDA_PROMPT_MODIFIER', '(base)'), ('USER', 'yfu'), ('SSH_CLIENT', '172.19.37.143 6742 22'), ('XDG_SESSION_TYPE', 'tty'), ('SHLVL', '1'), ('LD_LIBRARY_PATH', '/home/yfu/projects/ros2-picas/install/test_msgs/lib:/opt/ros/galactic/opt/yaml_cpp_vendor/lib:/opt/ros/galactic/lib/aarch64-linux-gnu:/opt/ros/galactic/lib'), ('MOTD_SHOWN', 'pam'), ('HOME', '/home/yfu'), ('CONDA_SHLVL', '1'), ('OLDPWD', '/home/yfu/projects'), ('SSH_TTY', '/dev/pts/3'), ('JETSON_L4T', '35.4.1'), ('ROS_PYTHON_VERSION', '3'), ('JETSON_MODEL', 'NVIDIA Orin Nano Developer Kit'), ('DBUS_SESSION_BUS_ADDRESS', 'unix:path=/run/user/1001/bus'), ('ROS_DISTRO', 'galactic'), ('LOGNAME', 'yfu'), ('JETSON_MODULE', 'NVIDIA Jetson Orin Nano (Developer kit)'), ('JETSON_SERIAL_NUMBER', '1421523024361'), ('_', '/usr/bin/colcon'), ('ROS_VERSION', '2'), ('JETSON_CODENAME', 'P3768'), ('XDG_SESSION_CLASS', 'user'), ('TERM', 'xterm'), ('XDG_SESSION_ID', '278'), ('ROS_LOCALHOST_ONLY', '0'), ('PATH', '/usr/bin:/home/yfu/.local/bin:/opt/ros/galactic/bin:/home/yfu/Miniconda/ENTER/bin:/home/yfu/Miniconda/ENTER/condabin:$/home/yfu/Miniconda/ENTER/bin:/usr/local/sbin:/usr/local/bin:/usr/sbin:/usr/bin:/sbin:/bin:/usr/games:/usr/local/games:/snap/bin'), ('XDG_RUNTIME_DIR', '/run/user/1001'), ('DISPLAY', 'localhost:10.0'), ('LANG', 'en_US.UTF-8'), ('LS_COLORS', 'rs=0:di=01;34:ln=01;36:mh=00:pi=40;33:so=01;35:do=01;35:bd=40;33;01:cd=40;33;01:or=40;31;01:mi=00:su=37;41:sg=30;43:ca=30;41:tw=30;42:ow=34;42:st=37;44:ex=01;32:*.tar=01;31:*.tgz=01;31:*.arc=01;31:*.arj=01;31:*.taz=01;31:*.lha=01;31:*.lz4=01;31:*.lzh=01;31:*.lzma=01;31:*.tlz=01;31:*.txz=01;31:*.tzo=01;31:*.t7z=01;31:*.zip=01;31:*.z=01;31:*.dz=01;31:*.gz=01;31:*.lrz=01;31:*.lz=01;31:*.lzo=01;31:*.xz=01;31:*.zst=01;31:*.tzst=01;31:*.bz2=01;31:*.bz=01;31:*.tbz=01;31:*.tbz2=01;31:*.tz=01;31:*.deb=01;31:*.rpm=01;31:*.jar=01;31:*.war=01;31:*.ear=01;31:*.sar=01;31:*.rar=01;31:*.alz=01;31:*.ace=01;31:*.zoo=01;31:*.cpio=01;31:*.7z=01;31:*.rz=01;31:*.cab=01;31:*.wim=01;31:*.swm=01;31:*.dwm=01;31:*.esd=01;31:*.jpg=01;35:*.jpeg=01;35:*.mjpg=01;35:*.mjpeg=01;35:*.gif=01;35:*.bmp=01;35:*.pbm=01;35:*.pgm=01;35:*.ppm=01;35:*.tga=01;35:*.xbm=01;35:*.xpm=01;35:*.tif=01;35:*.tiff=01;35:*.png=01;35:*.svg=01;35:*.svgz=01;35:*.mng=01;35:*.pcx=01;35:*.mov=01;35:*.mpg=01;35:*.mpeg=01;35:*.m2v=01;35:*.mkv=01;35:*.webm=01;35:*.ogm=01;35:*.mp4=01;35:*.m4v=01;35:*.mp4v=01;35:*.vob=01;35:*.qt=01;35:*.nuv=01;35:*.wmv=01;35:*.asf=01;35:*.rm=01;35:*.rmvb=01;35:*.flc=01;35:*.avi=01;35:*.fli=01;35:*.flv=01;35:*.gl=01;35:*.dl=01;35:*.xcf=01;35:*.xwd=01;35:*.yuv=01;35:*.cgm=01;35:*.emf=01;35:*.ogv=01;35:*.ogx=01;35:*.aac=00;36:*.au=00;36:*.flac=00;36:*.m4a=00;36:*.mid=00;36:*.midi=00;36:*.mka=00;36:*.mp3=00;36:*.mpc=00;36:*.ogg=00;36:*.ra=00;36:*.wav=00;36:*.oga=00;36:*.opus=00;36:*.spx=00;36:*.xspf=00;36:'), ('JETSON_SOC', 'tegra23x'), ('AMENT_PREFIX_PATH', '/home/yfu/projects/ros2-picas/install/test_msgs:/opt/ros/galactic'), ('CONDA_PYTHON_EXE', '/home/yfu/Miniconda/ENTER/bin/python'), ('SHELL', '/bin/bash'), ('LESSCLOSE', '/usr/bin/lesspipe %s %s'), ('CONDA_DEFAULT_ENV', 'base'), ('JETSON_CUDA_ARCH_BIN', '8.7'), ('PWD', '/home/yfu/projects/ros2-picas/build/rclcpp'), ('CONDA_EXE', '/home/yfu/Miniconda/ENTER/bin/conda'), ('SSH_CONNECTION', '172.19.37.143 6742 192.168.0.226 22'), ('XDG_DATA_DIRS', '/usr/local/share:/usr/share:/var/lib/snapd/desktop'), ('PYTHONPATH', '/home/yfu/projects/ros2-picas/install/test_msgs/lib/python3.8/site-packages:/opt/ros/galactic/lib/python3.8/site-packages'), ('CONDA_PREFIX', '/home/yfu/Miniconda/ENTER'), ('COLCON', '1'), ('JETSON_JETPACK', '5.1.2'), ('JETSON_P_NUMBER', 'p3767-0005'), ('CMAKE_PREFIX_PATH', '/home/yfu/projects/ros2-picas/install/test_msgs:/opt/ros/galactic')]), 'shell': False}
[13.242788] (-) TimerEvent: {}
[13.291492] (rclcpp) StdoutLine: {'line': b'[  3%] \x1b[34m\x1b[1mExpanding interface_traits.hpp.em into node_clock_interface_traits.hpp\x1b[0m\n'}
[13.292504] (rclcpp) StdoutLine: {'line': b'[  3%] \x1b[34m\x1b[1mExpanding get_interface.hpp.em into get_/home/yfu/projects/ros2-picas/rclcpp/include/rclcpp/node_interfaces/node_waitables_interface.hpp.hpp\x1b[0m\n'}
[13.292745] (rclcpp) StdoutLine: {'line': b'[  4%] \x1b[34m\x1b[1mExpanding interface_traits.hpp.em into node_base_interface_traits.hpp\x1b[0m\n'}
[13.292907] (rclcpp) StdoutLine: {'line': b'[  3%] \x1b[34m\x1b[1mExpanding get_interface.hpp.em into get_/home/yfu/projects/ros2-picas/rclcpp/include/rclcpp/node_interfaces/node_clock_interface.hpp.hpp\x1b[0m\n'}
[13.295594] (rclcpp) StdoutLine: {'line': b'[  6%] \x1b[34m\x1b[1mExpanding logging.hpp.em\x1b[0m\n'}
[13.296000] (rclcpp) StdoutLine: {'line': b'[  6%] \x1b[34m\x1b[1mExpanding get_interface.hpp.em into get_/home/yfu/projects/ros2-picas/rclcpp/include/rclcpp/node_interfaces/node_base_interface.hpp.hpp\x1b[0m\n'}
[13.343009] (-) TimerEvent: {}
[13.428969] (rclcpp) StdoutLine: {'line': b'[  7%] \x1b[34m\x1b[1mExpanding interface_traits.hpp.em into node_graph_interface_traits.hpp\x1b[0m\n'}
[13.443263] (-) TimerEvent: {}
[13.449068] (rclcpp) StdoutLine: {'line': b'[  8%] \x1b[34m\x1b[1mExpanding interface_traits.hpp.em into node_logging_interface_traits.hpp\x1b[0m\n'}
[13.450887] (rclcpp) StdoutLine: {'line': b'[  9%] \x1b[34m\x1b[1mExpanding get_interface.hpp.em into get_/home/yfu/projects/ros2-picas/rclcpp/include/rclcpp/node_interfaces/node_graph_interface.hpp.hpp\x1b[0m\n'}
[13.454652] (rclcpp) StdoutLine: {'line': b'[ 10%] \x1b[34m\x1b[1mExpanding get_interface.hpp.em into get_/home/yfu/projects/ros2-picas/rclcpp/include/rclcpp/node_interfaces/node_logging_interface.hpp.hpp\x1b[0m\n'}
[13.499119] (rclcpp) StdoutLine: {'line': b'[ 11%] \x1b[34m\x1b[1mExpanding interface_traits.hpp.em into node_parameters_interface_traits.hpp\x1b[0m\n'}
[13.543505] (-) TimerEvent: {}
[13.566409] (rclcpp) StdoutLine: {'line': b'[ 12%] \x1b[34m\x1b[1mExpanding get_interface.hpp.em into get_/home/yfu/projects/ros2-picas/rclcpp/include/rclcpp/node_interfaces/node_parameters_interface.hpp.hpp\x1b[0m\n'}
[13.594206] (rclcpp) StdoutLine: {'line': b'[ 13%] \x1b[34m\x1b[1mExpanding interface_traits.hpp.em into node_services_interface_traits.hpp\x1b[0m\n'}
[13.610652] (rclcpp) StdoutLine: {'line': b'[ 15%] \x1b[34m\x1b[1mExpanding interface_traits.hpp.em into node_time_source_interface_traits.hpp\x1b[0m\n'}
[13.611439] (rclcpp) StdoutLine: {'line': b'[ 15%] \x1b[34m\x1b[1mExpanding get_interface.hpp.em into get_/home/yfu/projects/ros2-picas/rclcpp/include/rclcpp/node_interfaces/node_services_interface.hpp.hpp\x1b[0m\n'}
[13.643748] (-) TimerEvent: {}
[13.649764] (rclcpp) StdoutLine: {'line': b'[ 16%] \x1b[34m\x1b[1mExpanding get_interface.hpp.em into get_/home/yfu/projects/ros2-picas/rclcpp/include/rclcpp/node_interfaces/node_time_source_interface.hpp.hpp\x1b[0m\n'}
[13.718455] (rclcpp) StdoutLine: {'line': b'[ 18%] \x1b[34m\x1b[1mExpanding get_interface.hpp.em into get_/home/yfu/projects/ros2-picas/rclcpp/include/rclcpp/node_interfaces/node_timers_interface.hpp.hpp\x1b[0m\n'}
[13.719375] (rclcpp) StdoutLine: {'line': b'[ 18%] \x1b[34m\x1b[1mExpanding interface_traits.hpp.em into node_timers_interface_traits.hpp\x1b[0m\n'}
[13.743986] (-) TimerEvent: {}
[13.751781] (rclcpp) StdoutLine: {'line': b'[ 20%] \x1b[34m\x1b[1mExpanding interface_traits.hpp.em into node_topics_interface_traits.hpp\x1b[0m\n'}
[13.755552] (rclcpp) StdoutLine: {'line': b'[ 21%] \x1b[34m\x1b[1mExpanding get_interface.hpp.em into get_/home/yfu/projects/ros2-picas/rclcpp/include/rclcpp/node_interfaces/node_topics_interface.hpp.hpp\x1b[0m\n'}
[13.784423] (rclcpp) StdoutLine: {'line': b'[ 22%] \x1b[34m\x1b[1mExpanding interface_traits.hpp.em into node_waitables_interface_traits.hpp\x1b[0m\n'}
[13.844224] (-) TimerEvent: {}
[13.945239] (-) TimerEvent: {}
[14.067274] (rclcpp) StdoutLine: {'line': b'\x1b[35m\x1b[1mScanning dependencies of target rclcpp\x1b[0m\n'}
[14.067891] (-) TimerEvent: {}
[14.168376] (-) TimerEvent: {}
[14.269185] (-) TimerEvent: {}
[14.370078] (-) TimerEvent: {}
[14.376593] (rclcpp) StdoutLine: {'line': b'[ 24%] \x1b[32mBuilding CXX object CMakeFiles/rclcpp.dir/src/rclcpp/callback_group.cpp.o\x1b[0m\n'}
[14.377397] (rclcpp) StdoutLine: {'line': b'[ 24%] \x1b[32mBuilding CXX object CMakeFiles/rclcpp.dir/src/rclcpp/client.cpp.o\x1b[0m\n'}
[14.382697] (rclcpp) StdoutLine: {'line': b'[ 25%] \x1b[32mBuilding CXX object CMakeFiles/rclcpp.dir/src/rclcpp/clock.cpp.o\x1b[0m\n'}
[14.385881] (rclcpp) StdoutLine: {'line': b'[ 26%] \x1b[32mBuilding CXX object CMakeFiles/rclcpp.dir/src/rclcpp/any_executable.cpp.o\x1b[0m\n'}
[14.393110] (rclcpp) StdoutLine: {'line': b'[ 27%] \x1b[32mBuilding CXX object CMakeFiles/rclcpp.dir/src/rclcpp/context.cpp.o\x1b[0m\n'}
[14.411310] (rclcpp) StdoutLine: {'line': b'[ 28%] \x1b[32mBuilding CXX object CMakeFiles/rclcpp.dir/src/rclcpp/contexts/default_context.cpp.o\x1b[0m\n'}
[14.470366] (-) TimerEvent: {}
[14.571509] (-) TimerEvent: {}
[14.672637] (-) TimerEvent: {}
[14.773752] (-) TimerEvent: {}
[14.875445] (-) TimerEvent: {}
[14.977202] (-) TimerEvent: {}
[15.078352] (-) TimerEvent: {}
[15.179495] (-) TimerEvent: {}
[15.280655] (-) TimerEvent: {}
[15.381809] (-) TimerEvent: {}
[15.482961] (-) TimerEvent: {}
[15.584141] (-) TimerEvent: {}
[15.685409] (-) TimerEvent: {}
[15.786683] (-) TimerEvent: {}
[15.887949] (-) TimerEvent: {}
[15.989219] (-) TimerEvent: {}
[16.090416] (-) TimerEvent: {}
[16.191691] (-) TimerEvent: {}
[16.292992] (-) TimerEvent: {}
[16.394235] (-) TimerEvent: {}
[16.496026] (-) TimerEvent: {}
[16.527279] (rclcpp) StdoutLine: {'line': b'[ 29%] \x1b[32mBuilding CXX object CMakeFiles/rclcpp.dir/src/rclcpp/detail/mutex_two_priorities.cpp.o\x1b[0m\n'}
[16.596391] (-) TimerEvent: {}
[16.697559] (-) TimerEvent: {}
[16.798702] (-) TimerEvent: {}
[16.833920] (rclcpp) StdoutLine: {'line': b'[ 30%] \x1b[32mBuilding CXX object CMakeFiles/rclcpp.dir/src/rclcpp/detail/resolve_parameter_overrides.cpp.o\x1b[0m\n'}
[16.899003] (-) TimerEvent: {}
[17.000223] (-) TimerEvent: {}
[17.101396] (-) TimerEvent: {}
[17.202602] (-) TimerEvent: {}
[17.304491] (-) TimerEvent: {}
[17.406396] (-) TimerEvent: {}
[17.508301] (-) TimerEvent: {}
[17.526348] (rclcpp) StdoutLine: {'line': b'[ 31%] \x1b[32mBuilding CXX object CMakeFiles/rclcpp.dir/src/rclcpp/detail/rmw_implementation_specific_payload.cpp.o\x1b[0m\n'}
[17.619424] (-) TimerEvent: {}
[17.743160] (rclcpp) StdoutLine: {'line': b'[ 32%] \x1b[32mBuilding CXX object CMakeFiles/rclcpp.dir/src/rclcpp/detail/rmw_implementation_specific_publisher_payload.cpp.o\x1b[0m\n'}
[17.744005] (-) TimerEvent: {}
[17.845391] (-) TimerEvent: {}
[17.946488] (-) TimerEvent: {}
[18.013710] (rclcpp) StdoutLine: {'line': b'[ 33%] \x1b[32mBuilding CXX object CMakeFiles/rclcpp.dir/src/rclcpp/detail/rmw_implementation_specific_subscription_payload.cpp.o\x1b[0m\n'}
[18.046761] (-) TimerEvent: {}
[18.147893] (-) TimerEvent: {}
[18.249680] (-) TimerEvent: {}
[18.258644] (rclcpp) StdoutLine: {'line': b'[ 34%] \x1b[32mBuilding CXX object CMakeFiles/rclcpp.dir/src/rclcpp/detail/utilities.cpp.o\x1b[0m\n'}
[18.335909] (rclcpp) StdoutLine: {'line': b'[ 35%] \x1b[32mBuilding CXX object CMakeFiles/rclcpp.dir/src/rclcpp/duration.cpp.o\x1b[0m\n'}
[18.349979] (-) TimerEvent: {}
[18.381143] (rclcpp) StdoutLine: {'line': b'[ 36%] \x1b[32mBuilding CXX object CMakeFiles/rclcpp.dir/src/rclcpp/event.cpp.o\x1b[0m\n'}
[18.445032] (rclcpp) StdoutLine: {'line': b'[ 37%] \x1b[32mBuilding CXX object CMakeFiles/rclcpp.dir/src/rclcpp/exceptions/exceptions.cpp.o\x1b[0m\n'}
[18.450221] (-) TimerEvent: {}
[18.551935] (-) TimerEvent: {}
[18.653724] (-) TimerEvent: {}
[18.755395] (-) TimerEvent: {}
[18.857644] (-) TimerEvent: {}
[18.959329] (-) TimerEvent: {}
[19.101567] (rclcpp) StdoutLine: {'line': b'[ 38%] \x1b[32mBuilding CXX object CMakeFiles/rclcpp.dir/src/rclcpp/executable_list.cpp.o\x1b[0m\n'}
[19.102342] (-) TimerEvent: {}
[19.203660] (-) TimerEvent: {}
[19.305472] (-) TimerEvent: {}
[19.351008] (rclcpp) StdoutLine: {'line': b'[ 40%] \x1b[32mBuilding CXX object CMakeFiles/rclcpp.dir/src/rclcpp/executor.cpp.o\x1b[0m\n'}
[19.405757] (-) TimerEvent: {}
[19.506940] (-) TimerEvent: {}
[19.608088] (-) TimerEvent: {}
[19.709297] (-) TimerEvent: {}
[19.780829] (rclcpp) StdoutLine: {'line': b'[ 41%] \x1b[32mBuilding CXX object CMakeFiles/rclcpp.dir/src/rclcpp/executors.cpp.o\x1b[0m\n'}
[19.809575] (-) TimerEvent: {}
[19.891355] (rclcpp) StdoutLine: {'line': b'[ 42%] \x1b[32mBuilding CXX object CMakeFiles/rclcpp.dir/src/rclcpp/executors/multi_threaded_executor.cpp.o\x1b[0m\n'}
[19.909854] (-) TimerEvent: {}
[20.011577] (-) TimerEvent: {}
[20.113802] (-) TimerEvent: {}
[20.215402] (rclcpp) StdoutLine: {'line': b'[ 43%] \x1b[32mBuilding CXX object CMakeFiles/rclcpp.dir/src/rclcpp/executors/single_threaded_executor.cpp.o\x1b[0m\n'}
[20.216315] (-) TimerEvent: {}
[20.317393] (-) TimerEvent: {}
[20.419277] (-) TimerEvent: {}
[20.520506] (-) TimerEvent: {}
[20.621717] (-) TimerEvent: {}
[20.672952] (rclcpp) StdoutLine: {'line': b'[ 44%] \x1b[32mBuilding CXX object CMakeFiles/rclcpp.dir/src/rclcpp/executors/static_executor_entities_collector.cpp.o\x1b[0m\n'}
[20.721999] (-) TimerEvent: {}
[20.823895] (-) TimerEvent: {}
[20.925194] (-) TimerEvent: {}
[21.026445] (-) TimerEvent: {}
[21.128085] (-) TimerEvent: {}
[21.229416] (-) TimerEvent: {}
[21.330634] (-) TimerEvent: {}
[21.431844] (-) TimerEvent: {}
[21.533071] (-) TimerEvent: {}
[21.634308] (-) TimerEvent: {}
[21.735612] (-) TimerEvent: {}
[21.836857] (-) TimerEvent: {}
[21.938097] (-) TimerEvent: {}
[22.039367] (-) TimerEvent: {}
[22.140673] (-) TimerEvent: {}
[22.241988] (-) TimerEvent: {}
[22.343237] (-) TimerEvent: {}
[22.444583] (-) TimerEvent: {}
[22.545942] (-) TimerEvent: {}
[22.647849] (-) TimerEvent: {}
[22.749166] (-) TimerEvent: {}
[22.850365] (-) TimerEvent: {}
[22.951590] (-) TimerEvent: {}
[23.052893] (-) TimerEvent: {}
[23.097359] (rclcpp) StdoutLine: {'line': b'[ 45%] \x1b[32mBuilding CXX object CMakeFiles/rclcpp.dir/src/rclcpp/executors/static_single_threaded_executor.cpp.o\x1b[0m\n'}
[23.153302] (-) TimerEvent: {}
[23.254534] (-) TimerEvent: {}
[23.355797] (-) TimerEvent: {}
[23.457118] (-) TimerEvent: {}
[23.558334] (-) TimerEvent: {}
[23.659533] (-) TimerEvent: {}
[23.760772] (-) TimerEvent: {}
[23.862179] (-) TimerEvent: {}
[23.963366] (-) TimerEvent: {}
[24.160796] (-) TimerEvent: {}
[24.262003] (-) TimerEvent: {}
[24.363141] (-) TimerEvent: {}
[24.464323] (-) TimerEvent: {}
[24.565460] (-) TimerEvent: {}
[24.666618] (-) TimerEvent: {}
[24.767751] (-) TimerEvent: {}
[24.869441] (-) TimerEvent: {}
[24.971206] (-) TimerEvent: {}
[24.975759] (rclcpp) StdoutLine: {'line': b'[ 46%] \x1b[32mBuilding CXX object CMakeFiles/rclcpp.dir/src/rclcpp/expand_topic_or_service_name.cpp.o\x1b[0m\n'}
[25.071550] (-) TimerEvent: {}
[25.173384] (-) TimerEvent: {}
[25.218446] (rclcpp) StdoutLine: {'line': b'[ 47%] \x1b[32mBuilding CXX object CMakeFiles/rclcpp.dir/src/rclcpp/future_return_code.cpp.o\x1b[0m\n'}
[25.273674] (-) TimerEvent: {}
[25.375413] (-) TimerEvent: {}
[25.477142] (-) TimerEvent: {}
[25.578894] (-) TimerEvent: {}
[25.680689] (-) TimerEvent: {}
[25.782477] (-) TimerEvent: {}
[25.858032] (rclcpp) StdoutLine: {'line': b'[ 48%] \x1b[32mBuilding CXX object CMakeFiles/rclcpp.dir/src/rclcpp/generic_publisher.cpp.o\x1b[0m\n'}
[25.882800] (-) TimerEvent: {}
[25.984089] (-) TimerEvent: {}
[26.085336] (-) TimerEvent: {}
[26.186532] (-) TimerEvent: {}
[26.257903] (rclcpp) StdoutLine: {'line': b'[ 49%] \x1b[32mBuilding CXX object CMakeFiles/rclcpp.dir/src/rclcpp/generic_subscription.cpp.o\x1b[0m\n'}
[26.286802] (-) TimerEvent: {}
[26.387992] (-) TimerEvent: {}
[26.489165] (-) TimerEvent: {}
[26.590333] (-) TimerEvent: {}
[26.656710] (rclcpp) StdoutLine: {'line': b'[ 50%] \x1b[32mBuilding CXX object CMakeFiles/rclcpp.dir/src/rclcpp/graph_listener.cpp.o\x1b[0m\n'}
[26.690636] (-) TimerEvent: {}
[26.791833] (-) TimerEvent: {}
[26.893127] (-) TimerEvent: {}
[26.917048] (rclcpp) StdoutLine: {'line': b'[ 51%] \x1b[32mBuilding CXX object CMakeFiles/rclcpp.dir/src/rclcpp/guard_condition.cpp.o\x1b[0m\n'}
[26.993464] (-) TimerEvent: {}
[27.095242] (-) TimerEvent: {}
[27.197112] (-) TimerEvent: {}
[27.298862] (-) TimerEvent: {}
[27.400786] (-) TimerEvent: {}
[27.502740] (-) TimerEvent: {}
[27.604511] (-) TimerEvent: {}
[27.706310] (-) TimerEvent: {}
[27.808148] (-) TimerEvent: {}
[27.910003] (-) TimerEvent: {}
[28.011902] (-) TimerEvent: {}
[28.113695] (-) TimerEvent: {}
[28.215520] (-) TimerEvent: {}
[28.317386] (-) TimerEvent: {}
[28.419081] (-) TimerEvent: {}
[28.520887] (-) TimerEvent: {}
[28.622666] (-) TimerEvent: {}
[28.724359] (-) TimerEvent: {}
[28.826245] (-) TimerEvent: {}
[28.928061] (-) TimerEvent: {}
[29.030232] (rclcpp) StdoutLine: {'line': b'[ 52%] \x1b[32mBuilding CXX object CMakeFiles/rclcpp.dir/src/rclcpp/init_options.cpp.o\x1b[0m\n'}
[29.031160] (-) TimerEvent: {}
[29.131978] (-) TimerEvent: {}
[29.233825] (-) TimerEvent: {}
[29.267655] (rclcpp) StdoutLine: {'line': b'[ 53%] \x1b[32mBuilding CXX object CMakeFiles/rclcpp.dir/src/rclcpp/intra_process_manager.cpp.o\x1b[0m\n'}
[29.290990] (rclcpp) StdoutLine: {'line': b'[ 54%] \x1b[32mBuilding CXX object CMakeFiles/rclcpp.dir/src/rclcpp/logger.cpp.o\x1b[0m\n'}
[29.334128] (-) TimerEvent: {}
[29.435415] (-) TimerEvent: {}
[29.536776] (-) TimerEvent: {}
[29.638108] (-) TimerEvent: {}
[29.739453] (-) TimerEvent: {}
[29.840793] (-) TimerEvent: {}
[29.942232] (-) TimerEvent: {}
[30.043420] (-) TimerEvent: {}
[30.145113] (-) TimerEvent: {}
[30.189714] (rclcpp) StdoutLine: {'line': b'[ 55%] \x1b[32mBuilding CXX object CMakeFiles/rclcpp.dir/src/rclcpp/logging_mutex.cpp.o\x1b[0m\n'}
[30.245400] (-) TimerEvent: {}
[30.259236] (rclcpp) StdoutLine: {'line': b'[ 56%] \x1b[32mBuilding CXX object CMakeFiles/rclcpp.dir/src/rclcpp/memory_strategies.cpp.o\x1b[0m\n'}
[30.345710] (-) TimerEvent: {}
[30.447457] (-) TimerEvent: {}
[30.549141] (-) TimerEvent: {}
[30.650364] (-) TimerEvent: {}
[30.751592] (-) TimerEvent: {}
[30.852897] (-) TimerEvent: {}
[30.954217] (-) TimerEvent: {}
[31.055610] (-) TimerEvent: {}
[31.156816] (-) TimerEvent: {}
[31.250425] (rclcpp) StdoutLine: {'line': b'[ 57%] \x1b[32mBuilding CXX object CMakeFiles/rclcpp.dir/src/rclcpp/memory_strategy.cpp.o\x1b[0m\n'}
[31.257409] (-) TimerEvent: {}
[31.281989] (rclcpp) StdoutLine: {'line': b'[ 58%] \x1b[32mBuilding CXX object CMakeFiles/rclcpp.dir/src/rclcpp/message_info.cpp.o\x1b[0m\n'}
[31.285150] (rclcpp) StdoutLine: {'line': b'[ 60%] \x1b[32mBuilding CXX object CMakeFiles/rclcpp.dir/src/rclcpp/network_flow_endpoint.cpp.o\x1b[0m\n'}
[31.357699] (-) TimerEvent: {}
[31.459588] (-) TimerEvent: {}
[31.540201] (rclcpp) StdoutLine: {'line': b'[ 61%] \x1b[32mBuilding CXX object CMakeFiles/rclcpp.dir/src/rclcpp/node.cpp.o\x1b[0m\n'}
[31.560041] (-) TimerEvent: {}
[31.661303] (-) TimerEvent: {}
[31.762483] (-) TimerEvent: {}
[31.869418] (-) TimerEvent: {}
[31.970546] (-) TimerEvent: {}
[32.071693] (-) TimerEvent: {}
[32.172809] (-) TimerEvent: {}
[32.223917] (rclcpp) StdoutLine: {'line': b'[ 62%] \x1b[32mBuilding CXX object CMakeFiles/rclcpp.dir/src/rclcpp/node_interfaces/node_base.cpp.o\x1b[0m\n'}
[32.273341] (-) TimerEvent: {}
[32.299689] (rclcpp) StdoutLine: {'line': b'[ 63%] \x1b[32mBuilding CXX object CMakeFiles/rclcpp.dir/src/rclcpp/node_interfaces/node_clock.cpp.o\x1b[0m\n'}
[32.373518] (-) TimerEvent: {}
[32.474720] (-) TimerEvent: {}
[32.575943] (-) TimerEvent: {}
[32.677244] (-) TimerEvent: {}
[32.778849] (-) TimerEvent: {}
[32.880199] (-) TimerEvent: {}
[32.981537] (-) TimerEvent: {}
[33.082840] (-) TimerEvent: {}
[33.184206] (-) TimerEvent: {}
[33.227683] (rclcpp) StdoutLine: {'line': b'[ 64%] \x1b[32mBuilding CXX object CMakeFiles/rclcpp.dir/src/rclcpp/node_interfaces/node_graph.cpp.o\x1b[0m\n'}
[33.284511] (-) TimerEvent: {}
[33.385793] (-) TimerEvent: {}
[33.487034] (-) TimerEvent: {}
[33.588239] (-) TimerEvent: {}
[33.689608] (-) TimerEvent: {}
[33.791055] (-) TimerEvent: {}
[33.892418] (-) TimerEvent: {}
[33.993718] (-) TimerEvent: {}
[34.162727] (-) TimerEvent: {}
[34.264673] (-) TimerEvent: {}
[34.366601] (-) TimerEvent: {}
[34.467986] (-) TimerEvent: {}
[34.569410] (-) TimerEvent: {}
[34.670749] (-) TimerEvent: {}
[34.772207] (-) TimerEvent: {}
[34.873568] (-) TimerEvent: {}
[34.974866] (-) TimerEvent: {}
[35.076167] (-) TimerEvent: {}
[35.177488] (-) TimerEvent: {}
[35.278780] (-) TimerEvent: {}
[35.380082] (-) TimerEvent: {}
[35.481337] (-) TimerEvent: {}
[35.582557] (-) TimerEvent: {}
[35.683792] (-) TimerEvent: {}
[35.765110] (rclcpp) StdoutLine: {'line': b'[ 65%] \x1b[32mBuilding CXX object CMakeFiles/rclcpp.dir/src/rclcpp/node_interfaces/node_logging.cpp.o\x1b[0m\n'}
[35.784158] (-) TimerEvent: {}
[35.886070] (-) TimerEvent: {}
[35.987934] (-) TimerEvent: {}
[36.089781] (-) TimerEvent: {}
[36.191522] (-) TimerEvent: {}
[36.293515] (-) TimerEvent: {}
[36.395402] (-) TimerEvent: {}
[36.497444] (-) TimerEvent: {}
[36.599456] (-) TimerEvent: {}
[36.700715] (-) TimerEvent: {}
[36.801989] (-) TimerEvent: {}
[36.807270] (rclcpp) StdoutLine: {'line': b'[ 66%] \x1b[32mBuilding CXX object CMakeFiles/rclcpp.dir/src/rclcpp/node_interfaces/node_parameters.cpp.o\x1b[0m\n'}
[36.902276] (-) TimerEvent: {}
[36.978615] (rclcpp) StdoutLine: {'line': b'[ 67%] \x1b[32mBuilding CXX object CMakeFiles/rclcpp.dir/src/rclcpp/node_interfaces/node_services.cpp.o\x1b[0m\n'}
[37.002577] (-) TimerEvent: {}
[37.089584] (rclcpp) StdoutLine: {'line': b'[ 68%] \x1b[32mBuilding CXX object CMakeFiles/rclcpp.dir/src/rclcpp/node_interfaces/node_time_source.cpp.o\x1b[0m\n'}
[37.102928] (-) TimerEvent: {}
[37.204844] (-) TimerEvent: {}
[37.306768] (-) TimerEvent: {}
[37.408443] (-) TimerEvent: {}
[37.510218] (-) TimerEvent: {}
[37.612103] (-) TimerEvent: {}
[37.713967] (-) TimerEvent: {}
[37.815219] (-) TimerEvent: {}
[37.916381] (-) TimerEvent: {}
[38.018179] (-) TimerEvent: {}
[38.120095] (-) TimerEvent: {}
[38.221976] (-) TimerEvent: {}
[38.265675] (rclcpp) StdoutLine: {'line': b'[ 69%] \x1b[32mBuilding CXX object CMakeFiles/rclcpp.dir/src/rclcpp/node_interfaces/node_timers.cpp.o\x1b[0m\n'}
[38.322334] (-) TimerEvent: {}
[38.423519] (-) TimerEvent: {}
[38.524854] (-) TimerEvent: {}
[38.626100] (-) TimerEvent: {}
[38.727298] (-) TimerEvent: {}
[38.828634] (-) TimerEvent: {}
[38.929901] (-) TimerEvent: {}
[39.166590] (-) TimerEvent: {}
[39.267831] (-) TimerEvent: {}
[39.369002] (-) TimerEvent: {}
[39.435295] (rclcpp) StdoutLine: {'line': b'[ 70%] \x1b[32mBuilding CXX object CMakeFiles/rclcpp.dir/src/rclcpp/node_interfaces/node_topics.cpp.o\x1b[0m\n'}
[39.469401] (-) TimerEvent: {}
[39.570596] (-) TimerEvent: {}
[39.671771] (-) TimerEvent: {}
[39.772961] (-) TimerEvent: {}
[39.874689] (-) TimerEvent: {}
[39.975903] (-) TimerEvent: {}
[40.077201] (-) TimerEvent: {}
[40.178482] (-) TimerEvent: {}
[40.279776] (-) TimerEvent: {}
[40.340664] (rclcpp) StdoutLine: {'line': b'[ 71%] \x1b[32mBuilding CXX object CMakeFiles/rclcpp.dir/src/rclcpp/node_interfaces/node_waitables.cpp.o\x1b[0m\n'}
[40.380126] (-) TimerEvent: {}
[40.481430] (-) TimerEvent: {}
[40.549710] (rclcpp) StdoutLine: {'line': b'[ 72%] \x1b[32mBuilding CXX object CMakeFiles/rclcpp.dir/src/rclcpp/node_options.cpp.o\x1b[0m\n'}
[40.581742] (-) TimerEvent: {}
[40.682997] (-) TimerEvent: {}
[40.784313] (-) TimerEvent: {}
[40.898954] (-) TimerEvent: {}
[41.025175] (-) TimerEvent: {}
[41.126363] (-) TimerEvent: {}
[41.227654] (-) TimerEvent: {}
[41.328866] (-) TimerEvent: {}
[41.430072] (-) TimerEvent: {}
[41.531240] (-) TimerEvent: {}
[41.632456] (-) TimerEvent: {}
[41.733790] (-) TimerEvent: {}
[41.835003] (-) TimerEvent: {}
[41.936236] (-) TimerEvent: {}
[42.037419] (-) TimerEvent: {}
[42.138608] (-) TimerEvent: {}
[42.239800] (-) TimerEvent: {}
[42.297294] (rclcpp) StdoutLine: {'line': b'[ 73%] \x1b[32mBuilding CXX object CMakeFiles/rclcpp.dir/src/rclcpp/parameter.cpp.o\x1b[0m\n'}
[42.340144] (-) TimerEvent: {}
[42.441373] (-) TimerEvent: {}
[42.542528] (-) TimerEvent: {}
[42.643706] (-) TimerEvent: {}
[42.744884] (-) TimerEvent: {}
[42.846136] (-) TimerEvent: {}
[42.947332] (-) TimerEvent: {}
[42.967721] (rclcpp) StdoutLine: {'line': b'[ 74%] \x1b[32mBuilding CXX object CMakeFiles/rclcpp.dir/src/rclcpp/parameter_client.cpp.o\x1b[0m\n'}
[43.047652] (-) TimerEvent: {}
[43.148847] (-) TimerEvent: {}
[43.250332] (-) TimerEvent: {}
[43.351520] (-) TimerEvent: {}
[43.380167] (rclcpp) StdoutLine: {'line': b'[ 75%] \x1b[32mBuilding CXX object CMakeFiles/rclcpp.dir/src/rclcpp/parameter_event_handler.cpp.o\x1b[0m\n'}
[43.451858] (-) TimerEvent: {}
[43.553054] (-) TimerEvent: {}
[43.654336] (-) TimerEvent: {}
[43.755510] (-) TimerEvent: {}
[43.856676] (-) TimerEvent: {}
[43.958091] (-) TimerEvent: {}
[44.017783] (rclcpp) StdoutLine: {'line': b'[ 76%] \x1b[32mBuilding CXX object CMakeFiles/rclcpp.dir/src/rclcpp/parameter_events_filter.cpp.o\x1b[0m\n'}
[44.058410] (-) TimerEvent: {}
[44.159671] (-) TimerEvent: {}
[44.260892] (-) TimerEvent: {}
[44.362105] (-) TimerEvent: {}
[44.463391] (-) TimerEvent: {}
[44.564793] (-) TimerEvent: {}
[44.581779] (rclcpp) StdoutLine: {'line': b'[ 77%] \x1b[32mBuilding CXX object CMakeFiles/rclcpp.dir/src/rclcpp/parameter_map.cpp.o\x1b[0m\n'}
[44.665204] (-) TimerEvent: {}
[44.766436] (-) TimerEvent: {}
[44.867674] (-) TimerEvent: {}
[44.968907] (-) TimerEvent: {}
[45.070131] (-) TimerEvent: {}
[45.171316] (-) TimerEvent: {}
[45.272620] (-) TimerEvent: {}
[45.374530] (-) TimerEvent: {}
[45.475738] (-) TimerEvent: {}
[45.576914] (-) TimerEvent: {}
[45.678110] (-) TimerEvent: {}
[45.779261] (-) TimerEvent: {}
[45.880477] (-) TimerEvent: {}
[45.981660] (-) TimerEvent: {}
[46.083551] (-) TimerEvent: {}
[46.185322] (-) TimerEvent: {}
[46.287132] (-) TimerEvent: {}
[46.389472] (-) TimerEvent: {}
[46.434451] (rclcpp) StdoutLine: {'line': b'[ 78%] \x1b[32mBuilding CXX object CMakeFiles/rclcpp.dir/src/rclcpp/parameter_service.cpp.o\x1b[0m\n'}
[46.489775] (-) TimerEvent: {}
[46.590984] (-) TimerEvent: {}
[46.692185] (-) TimerEvent: {}
[46.793410] (-) TimerEvent: {}
[46.894506] (-) TimerEvent: {}
[46.995624] (-) TimerEvent: {}
[47.096785] (-) TimerEvent: {}
[47.197931] (-) TimerEvent: {}
[47.299050] (-) TimerEvent: {}
[47.400207] (-) TimerEvent: {}
[47.501384] (-) TimerEvent: {}
[47.603137] (-) TimerEvent: {}
[47.624543] (rclcpp) StdoutLine: {'line': b'[ 80%] \x1b[32mBuilding CXX object CMakeFiles/rclcpp.dir/src/rclcpp/parameter_value.cpp.o\x1b[0m\n'}
[47.703441] (-) TimerEvent: {}
[47.804645] (-) TimerEvent: {}
[47.905839] (-) TimerEvent: {}
[48.007015] (-) TimerEvent: {}
[48.108232] (-) TimerEvent: {}
[48.209490] (-) TimerEvent: {}
[48.310671] (-) TimerEvent: {}
[48.411859] (-) TimerEvent: {}
[48.513017] (-) TimerEvent: {}
[48.614158] (-) TimerEvent: {}
[48.715793] (-) TimerEvent: {}
[48.817548] (-) TimerEvent: {}
[48.919362] (-) TimerEvent: {}
[49.021141] (-) TimerEvent: {}
[49.169357] (-) TimerEvent: {}
[49.270599] (-) TimerEvent: {}
[49.371798] (-) TimerEvent: {}
[49.441351] (rclcpp) StdoutLine: {'line': b'[ 81%] \x1b[32mBuilding CXX object CMakeFiles/rclcpp.dir/src/rclcpp/publisher_base.cpp.o\x1b[0m\n'}
[49.472167] (-) TimerEvent: {}
[49.507527] (rclcpp) StdoutLine: {'line': b'[ 82%] \x1b[32mBuilding CXX object CMakeFiles/rclcpp.dir/src/rclcpp/qos.cpp.o\x1b[0m\n'}
[49.572478] (-) TimerEvent: {}
[49.673732] (-) TimerEvent: {}
[49.774960] (-) TimerEvent: {}
[49.876442] (-) TimerEvent: {}
[49.977716] (-) TimerEvent: {}
[50.078985] (-) TimerEvent: {}
[50.180309] (-) TimerEvent: {}
[50.282328] (-) TimerEvent: {}
[50.384054] (-) TimerEvent: {}
[50.452465] (rclcpp) StdoutLine: {'line': b'[ 83%] \x1b[32mBuilding CXX object CMakeFiles/rclcpp.dir/src/rclcpp/qos_event.cpp.o\x1b[0m\n'}
[50.484595] (-) TimerEvent: {}
[50.559269] (rclcpp) StdoutLine: {'line': b'[ 84%] \x1b[32mBuilding CXX object CMakeFiles/rclcpp.dir/src/rclcpp/qos_overriding_options.cpp.o\x1b[0m\n'}
[50.584966] (-) TimerEvent: {}
[50.686918] (-) TimerEvent: {}
[50.789858] (-) TimerEvent: {}
[50.891114] (-) TimerEvent: {}
[50.992393] (-) TimerEvent: {}
[51.093671] (-) TimerEvent: {}
[51.194920] (-) TimerEvent: {}
[51.296259] (-) TimerEvent: {}
[51.397618] (-) TimerEvent: {}
[51.498890] (-) TimerEvent: {}
[51.600173] (-) TimerEvent: {}
[51.617298] (rclcpp) StdoutLine: {'line': b'[ 85%] \x1b[32mBuilding CXX object CMakeFiles/rclcpp.dir/src/rclcpp/serialization.cpp.o\x1b[0m\n'}
[51.700516] (-) TimerEvent: {}
[51.802630] (-) TimerEvent: {}
[51.903956] (-) TimerEvent: {}
[52.005298] (-) TimerEvent: {}
[52.106821] (-) TimerEvent: {}
[52.157500] (rclcpp) StdoutLine: {'line': b'[ 86%] \x1b[32mBuilding CXX object CMakeFiles/rclcpp.dir/src/rclcpp/serialized_message.cpp.o\x1b[0m\n'}
[52.206884] (-) TimerEvent: {}
[52.308932] (-) TimerEvent: {}
[52.410305] (-) TimerEvent: {}
[52.511529] (-) TimerEvent: {}
[52.612835] (-) TimerEvent: {}
[52.648052] (rclcpp) StdoutLine: {'line': b'[ 87%] \x1b[32mBuilding CXX object CMakeFiles/rclcpp.dir/src/rclcpp/service.cpp.o\x1b[0m\n'}
[52.713219] (-) TimerEvent: {}
[52.815011] (-) TimerEvent: {}
[52.916884] (-) TimerEvent: {}
[53.018663] (-) TimerEvent: {}
[53.120496] (-) TimerEvent: {}
[53.222419] (-) TimerEvent: {}
[53.312571] (rclcpp) StdoutLine: {'line': b'[ 88%] \x1b[32mBuilding CXX object CMakeFiles/rclcpp.dir/src/rclcpp/signal_handler.cpp.o\x1b[0m\n'}
[53.322735] (-) TimerEvent: {}
[53.423954] (-) TimerEvent: {}
[53.525239] (-) TimerEvent: {}
[53.626433] (-) TimerEvent: {}
[53.727666] (-) TimerEvent: {}
[53.828901] (-) TimerEvent: {}
[53.930218] (-) TimerEvent: {}
[54.170041] (-) TimerEvent: {}
[54.271803] (-) TimerEvent: {}
[54.335209] (rclcpp) StdoutLine: {'line': b'[ 89%] \x1b[32mBuilding CXX object CMakeFiles/rclcpp.dir/src/rclcpp/subscription_base.cpp.o\x1b[0m\n'}
[54.372091] (-) TimerEvent: {}
[54.473794] (-) TimerEvent: {}
[54.575597] (-) TimerEvent: {}
[54.677580] (-) TimerEvent: {}
[54.779378] (-) TimerEvent: {}
[54.881222] (-) TimerEvent: {}
[54.982838] (-) TimerEvent: {}
[54.997416] (rclcpp) StdoutLine: {'line': b'[ 90%] \x1b[32mBuilding CXX object CMakeFiles/rclcpp.dir/src/rclcpp/subscription_intra_process_base.cpp.o\x1b[0m\n'}
[55.020483] (rclcpp) StdoutLine: {'line': b'[ 91%] \x1b[32mBuilding CXX object CMakeFiles/rclcpp.dir/src/rclcpp/time.cpp.o\x1b[0m\n'}
[55.083162] (-) TimerEvent: {}
[55.184283] (-) TimerEvent: {}
[55.285491] (-) TimerEvent: {}
[55.386667] (-) TimerEvent: {}
[55.488615] (-) TimerEvent: {}
[55.589850] (-) TimerEvent: {}
[55.690997] (-) TimerEvent: {}
[55.792111] (-) TimerEvent: {}
[55.893441] (-) TimerEvent: {}
[55.933443] (rclcpp) StdoutLine: {'line': b'[ 92%] \x1b[32mBuilding CXX object CMakeFiles/rclcpp.dir/src/rclcpp/time_source.cpp.o\x1b[0m\n'}
[55.993723] (-) TimerEvent: {}
[56.094858] (-) TimerEvent: {}
[56.196054] (-) TimerEvent: {}
[56.298015] (-) TimerEvent: {}
[56.399315] (-) TimerEvent: {}
[56.500517] (-) TimerEvent: {}
[56.602017] (-) TimerEvent: {}
[56.637507] (rclcpp) StdoutLine: {'line': b'[ 93%] \x1b[32mBuilding CXX object CMakeFiles/rclcpp.dir/src/rclcpp/timer.cpp.o\x1b[0m\n'}
[56.702333] (-) TimerEvent: {}
[56.804309] (-) TimerEvent: {}
[56.906276] (-) TimerEvent: {}
[57.008193] (-) TimerEvent: {}
[57.110107] (-) TimerEvent: {}
[57.212128] (-) TimerEvent: {}
[57.314200] (-) TimerEvent: {}
[57.416206] (-) TimerEvent: {}
[57.516947] (rclcpp) StdoutLine: {'line': b'[ 94%] \x1b[32mBuilding CXX object CMakeFiles/rclcpp.dir/src/rclcpp/type_support.cpp.o\x1b[0m\n'}
[57.517847] (-) TimerEvent: {}
[57.618748] (-) TimerEvent: {}
[57.719995] (-) TimerEvent: {}
[57.821312] (-) TimerEvent: {}
[57.922509] (-) TimerEvent: {}
[58.023720] (-) TimerEvent: {}
[58.125059] (-) TimerEvent: {}
[58.226328] (-) TimerEvent: {}
[58.327542] (-) TimerEvent: {}
[58.428773] (-) TimerEvent: {}
[58.530330] (-) TimerEvent: {}
[58.631716] (-) TimerEvent: {}
[58.733737] (-) TimerEvent: {}
[58.773060] (rclcpp) StdoutLine: {'line': b'[ 95%] \x1b[32mBuilding CXX object CMakeFiles/rclcpp.dir/src/rclcpp/typesupport_helpers.cpp.o\x1b[0m\n'}
[58.812326] (rclcpp) StdoutLine: {'line': b'[ 96%] \x1b[32mBuilding CXX object CMakeFiles/rclcpp.dir/src/rclcpp/utilities.cpp.o\x1b[0m\n'}
[58.834048] (-) TimerEvent: {}
[58.935276] (-) TimerEvent: {}
[59.169528] (-) TimerEvent: {}
[59.270680] (-) TimerEvent: {}
[59.371881] (-) TimerEvent: {}
[59.473069] (-) TimerEvent: {}
[59.574208] (-) TimerEvent: {}
[59.669321] (rclcpp) StdoutLine: {'line': b'[ 97%] \x1b[32mBuilding CXX object CMakeFiles/rclcpp.dir/src/rclcpp/wait_set_policies/detail/write_preferring_read_write_lock.cpp.o\x1b[0m\n'}
[59.674479] (-) TimerEvent: {}
[59.775603] (-) TimerEvent: {}
[59.876789] (-) TimerEvent: {}
[59.893231] (rclcpp) StdoutLine: {'line': b'[ 98%] \x1b[32mBuilding CXX object CMakeFiles/rclcpp.dir/src/rclcpp/waitable.cpp.o\x1b[0m\n'}
[59.977233] (-) TimerEvent: {}
[60.078948] (-) TimerEvent: {}
[60.180815] (-) TimerEvent: {}
[60.282612] (-) TimerEvent: {}
[60.384594] (-) TimerEvent: {}
[60.486475] (-) TimerEvent: {}
[60.588216] (-) TimerEvent: {}
[60.690025] (-) TimerEvent: {}
[60.791146] (-) TimerEvent: {}
[60.892829] (-) TimerEvent: {}
[60.994251] (-) TimerEvent: {}
[61.095351] (-) TimerEvent: {}
[61.196375] (-) TimerEvent: {}
[61.297439] (-) TimerEvent: {}
[61.398482] (-) TimerEvent: {}
[61.499548] (-) TimerEvent: {}
[61.600609] (-) TimerEvent: {}
[61.701730] (-) TimerEvent: {}
[61.802801] (-) TimerEvent: {}
[61.903928] (-) TimerEvent: {}
[62.005036] (-) TimerEvent: {}
[62.106276] (-) TimerEvent: {}
[62.207474] (-) TimerEvent: {}
[62.308622] (-) TimerEvent: {}
[62.409803] (-) TimerEvent: {}
[62.511021] (-) TimerEvent: {}
[62.612248] (-) TimerEvent: {}
[62.713496] (-) TimerEvent: {}
[62.814669] (-) TimerEvent: {}
[62.915811] (-) TimerEvent: {}
[63.017336] (-) TimerEvent: {}
[63.118558] (-) TimerEvent: {}
[63.219957] (-) TimerEvent: {}
[63.321369] (-) TimerEvent: {}
[63.422588] (-) TimerEvent: {}
[63.523802] (-) TimerEvent: {}
[63.624917] (-) TimerEvent: {}
[63.726072] (-) TimerEvent: {}
[63.827230] (-) TimerEvent: {}
[63.928309] (-) TimerEvent: {}
[64.029442] (-) TimerEvent: {}
[64.130487] (-) TimerEvent: {}
[64.231631] (-) TimerEvent: {}
[64.332807] (-) TimerEvent: {}
[64.434020] (-) TimerEvent: {}
[64.535176] (-) TimerEvent: {}
[64.636333] (-) TimerEvent: {}
[64.737525] (-) TimerEvent: {}
[64.838676] (-) TimerEvent: {}
[64.939845] (-) TimerEvent: {}
[65.041002] (-) TimerEvent: {}
[65.142199] (-) TimerEvent: {}
[65.243330] (-) TimerEvent: {}
[65.344473] (-) TimerEvent: {}
[65.445596] (-) TimerEvent: {}
[65.546706] (-) TimerEvent: {}
[65.647834] (-) TimerEvent: {}
[65.749140] (-) TimerEvent: {}
[65.850317] (-) TimerEvent: {}
[65.951489] (-) TimerEvent: {}
[66.052500] (-) TimerEvent: {}
[66.153355] (-) TimerEvent: {}
[66.254089] (-) TimerEvent: {}
[66.354780] (-) TimerEvent: {}
[66.455464] (-) TimerEvent: {}
[66.556154] (-) TimerEvent: {}
[66.656806] (-) TimerEvent: {}
[66.757729] (-) TimerEvent: {}
[66.858712] (-) TimerEvent: {}
[66.959533] (-) TimerEvent: {}
[67.060452] (-) TimerEvent: {}
[67.161176] (-) TimerEvent: {}
[67.261845] (-) TimerEvent: {}
[67.362479] (-) TimerEvent: {}
[67.463220] (-) TimerEvent: {}
[67.564314] (-) TimerEvent: {}
[67.665350] (-) TimerEvent: {}
[67.766256] (-) TimerEvent: {}
[67.867292] (-) TimerEvent: {}
[67.968129] (-) TimerEvent: {}
[68.068951] (-) TimerEvent: {}
[68.169728] (-) TimerEvent: {}
[68.270443] (-) TimerEvent: {}
[68.371123] (-) TimerEvent: {}
[68.471783] (-) TimerEvent: {}
[68.572469] (-) TimerEvent: {}
[68.673133] (-) TimerEvent: {}
[68.773928] (-) TimerEvent: {}
[68.874935] (-) TimerEvent: {}
[68.975722] (-) TimerEvent: {}
[69.169415] (-) TimerEvent: {}
[69.270466] (-) TimerEvent: {}
[69.371503] (-) TimerEvent: {}
[69.472593] (-) TimerEvent: {}
[69.573735] (-) TimerEvent: {}
[69.674761] (-) TimerEvent: {}
[69.775844] (-) TimerEvent: {}
[69.876958] (-) TimerEvent: {}
[69.978187] (-) TimerEvent: {}
[70.079435] (-) TimerEvent: {}
[70.180632] (-) TimerEvent: {}
[70.282040] (-) TimerEvent: {}
[70.383098] (-) TimerEvent: {}
[70.484171] (-) TimerEvent: {}
[70.585265] (-) TimerEvent: {}
[70.686306] (-) TimerEvent: {}
[70.787386] (-) TimerEvent: {}
[70.888516] (-) TimerEvent: {}
[70.989737] (-) TimerEvent: {}
[71.090930] (-) TimerEvent: {}
[71.192123] (-) TimerEvent: {}
[71.293306] (-) TimerEvent: {}
[71.394338] (-) TimerEvent: {}
[71.495387] (-) TimerEvent: {}
[71.596448] (-) TimerEvent: {}
[71.697419] (-) TimerEvent: {}
[71.798391] (-) TimerEvent: {}
[71.899460] (-) TimerEvent: {}
[72.000582] (-) TimerEvent: {}
[72.101592] (-) TimerEvent: {}
[72.202533] (-) TimerEvent: {}
[72.303487] (-) TimerEvent: {}
[72.404523] (-) TimerEvent: {}
[72.505585] (-) TimerEvent: {}
[72.606624] (-) TimerEvent: {}
[72.707661] (-) TimerEvent: {}
[72.808679] (-) TimerEvent: {}
[72.909810] (-) TimerEvent: {}
[73.010869] (-) TimerEvent: {}
[73.112167] (-) TimerEvent: {}
[73.213232] (-) TimerEvent: {}
[73.314534] (-) TimerEvent: {}
[73.415815] (-) TimerEvent: {}
[73.517168] (-) TimerEvent: {}
[73.618496] (-) TimerEvent: {}
[73.719835] (-) TimerEvent: {}
[73.820877] (-) TimerEvent: {}
[73.921915] (-) TimerEvent: {}
[74.022900] (-) TimerEvent: {}
[74.168654] (-) TimerEvent: {}
[74.269619] (-) TimerEvent: {}
[74.370534] (-) TimerEvent: {}
[74.471459] (-) TimerEvent: {}
[74.572382] (-) TimerEvent: {}
[74.673284] (-) TimerEvent: {}
[74.774153] (-) TimerEvent: {}
[74.875189] (-) TimerEvent: {}
[74.976236] (-) TimerEvent: {}
[75.077284] (-) TimerEvent: {}
[75.178259] (-) TimerEvent: {}
[75.279247] (-) TimerEvent: {}
[75.380286] (-) TimerEvent: {}
[75.481360] (-) TimerEvent: {}
[75.582399] (-) TimerEvent: {}
[75.683415] (-) TimerEvent: {}
[75.784500] (-) TimerEvent: {}
[75.885602] (-) TimerEvent: {}
[75.986681] (-) TimerEvent: {}
[76.087599] (-) TimerEvent: {}
[76.188505] (-) TimerEvent: {}
[76.289619] (-) TimerEvent: {}
[76.390626] (-) TimerEvent: {}
[76.491596] (-) TimerEvent: {}
[76.592334] (-) TimerEvent: {}
[76.692989] (-) TimerEvent: {}
[76.793770] (-) TimerEvent: {}
[76.894703] (-) TimerEvent: {}
[76.995729] (-) TimerEvent: {}
[77.096816] (-) TimerEvent: {}
[77.197913] (-) TimerEvent: {}
[77.298949] (-) TimerEvent: {}
[77.400074] (-) TimerEvent: {}
[77.501121] (-) TimerEvent: {}
[77.602123] (-) TimerEvent: {}
[77.703136] (-) TimerEvent: {}
[77.804154] (-) TimerEvent: {}
[77.905160] (-) TimerEvent: {}
[78.006156] (-) TimerEvent: {}
[78.107161] (-) TimerEvent: {}
[78.208150] (-) TimerEvent: {}
[78.309148] (-) TimerEvent: {}
[78.410116] (-) TimerEvent: {}
[78.511090] (-) TimerEvent: {}
[78.612129] (-) TimerEvent: {}
[78.713191] (-) TimerEvent: {}
[78.814213] (-) TimerEvent: {}
[78.915258] (-) TimerEvent: {}
[79.016328] (-) TimerEvent: {}
[79.174308] (-) TimerEvent: {}
[79.275689] (-) TimerEvent: {}
[79.295569] (rclcpp) StdoutLine: {'line': b'[100%] \x1b[32m\x1b[1mLinking CXX shared library librclcpp.so\x1b[0m\n'}
[79.375878] (-) TimerEvent: {}
[79.476978] (-) TimerEvent: {}
[79.578089] (-) TimerEvent: {}
[79.679162] (-) TimerEvent: {}
[79.780255] (-) TimerEvent: {}
[79.881398] (-) TimerEvent: {}
[79.982503] (-) TimerEvent: {}
[80.083622] (-) TimerEvent: {}
[80.184780] (-) TimerEvent: {}
[80.285987] (-) TimerEvent: {}
[80.387164] (-) TimerEvent: {}
[80.488332] (-) TimerEvent: {}
[80.589475] (-) TimerEvent: {}
[80.690828] (-) TimerEvent: {}
[80.791964] (-) TimerEvent: {}
[80.893006] (-) TimerEvent: {}
[80.993975] (-) TimerEvent: {}
[81.094906] (-) TimerEvent: {}
[81.195814] (-) TimerEvent: {}
[81.296768] (-) TimerEvent: {}
[81.397722] (-) TimerEvent: {}
[81.498546] (-) TimerEvent: {}
[81.599382] (-) TimerEvent: {}
[81.700425] (-) TimerEvent: {}
[81.801499] (-) TimerEvent: {}
[81.902543] (-) TimerEvent: {}
[82.003617] (-) TimerEvent: {}
[82.104724] (-) TimerEvent: {}
[82.205768] (-) TimerEvent: {}
[82.306783] (-) TimerEvent: {}
[82.407777] (-) TimerEvent: {}
[82.508816] (-) TimerEvent: {}
[82.609901] (-) TimerEvent: {}
[82.692251] (rclcpp) StdoutLine: {'line': b'[100%] Built target rclcpp\n'}
[82.710126] (-) TimerEvent: {}
[82.811098] (-) TimerEvent: {}
[82.842496] (rclcpp) CommandEnded: {'returncode': 0}
[82.845582] (rclcpp) JobProgress: {'identifier': 'rclcpp', 'progress': 'install'}
[82.846296] (rclcpp) Command: {'cmd': ['/usr/bin/cmake', '--install', '/home/yfu/projects/ros2-picas/build/rclcpp'], 'cwd': '/home/yfu/projects/ros2-picas/build/rclcpp', 'env': OrderedDict([('LESSOPEN', '| /usr/bin/lesspipe %s'), ('CONDA_PROMPT_MODIFIER', '(base)'), ('USER', 'yfu'), ('SSH_CLIENT', '172.19.37.143 6742 22'), ('XDG_SESSION_TYPE', 'tty'), ('SHLVL', '1'), ('LD_LIBRARY_PATH', '/home/yfu/projects/ros2-picas/install/test_msgs/lib:/opt/ros/galactic/opt/yaml_cpp_vendor/lib:/opt/ros/galactic/lib/aarch64-linux-gnu:/opt/ros/galactic/lib'), ('MOTD_SHOWN', 'pam'), ('HOME', '/home/yfu'), ('CONDA_SHLVL', '1'), ('OLDPWD', '/home/yfu/projects'), ('SSH_TTY', '/dev/pts/3'), ('JETSON_L4T', '35.4.1'), ('ROS_PYTHON_VERSION', '3'), ('JETSON_MODEL', 'NVIDIA Orin Nano Developer Kit'), ('DBUS_SESSION_BUS_ADDRESS', 'unix:path=/run/user/1001/bus'), ('ROS_DISTRO', 'galactic'), ('LOGNAME', 'yfu'), ('JETSON_MODULE', 'NVIDIA Jetson Orin Nano (Developer kit)'), ('JETSON_SERIAL_NUMBER', '1421523024361'), ('_', '/usr/bin/colcon'), ('ROS_VERSION', '2'), ('JETSON_CODENAME', 'P3768'), ('XDG_SESSION_CLASS', 'user'), ('TERM', 'xterm'), ('XDG_SESSION_ID', '278'), ('ROS_LOCALHOST_ONLY', '0'), ('PATH', '/usr/bin:/home/yfu/.local/bin:/opt/ros/galactic/bin:/home/yfu/Miniconda/ENTER/bin:/home/yfu/Miniconda/ENTER/condabin:$/home/yfu/Miniconda/ENTER/bin:/usr/local/sbin:/usr/local/bin:/usr/sbin:/usr/bin:/sbin:/bin:/usr/games:/usr/local/games:/snap/bin'), ('XDG_RUNTIME_DIR', '/run/user/1001'), ('DISPLAY', 'localhost:10.0'), ('LANG', 'en_US.UTF-8'), ('LS_COLORS', 'rs=0:di=01;34:ln=01;36:mh=00:pi=40;33:so=01;35:do=01;35:bd=40;33;01:cd=40;33;01:or=40;31;01:mi=00:su=37;41:sg=30;43:ca=30;41:tw=30;42:ow=34;42:st=37;44:ex=01;32:*.tar=01;31:*.tgz=01;31:*.arc=01;31:*.arj=01;31:*.taz=01;31:*.lha=01;31:*.lz4=01;31:*.lzh=01;31:*.lzma=01;31:*.tlz=01;31:*.txz=01;31:*.tzo=01;31:*.t7z=01;31:*.zip=01;31:*.z=01;31:*.dz=01;31:*.gz=01;31:*.lrz=01;31:*.lz=01;31:*.lzo=01;31:*.xz=01;31:*.zst=01;31:*.tzst=01;31:*.bz2=01;31:*.bz=01;31:*.tbz=01;31:*.tbz2=01;31:*.tz=01;31:*.deb=01;31:*.rpm=01;31:*.jar=01;31:*.war=01;31:*.ear=01;31:*.sar=01;31:*.rar=01;31:*.alz=01;31:*.ace=01;31:*.zoo=01;31:*.cpio=01;31:*.7z=01;31:*.rz=01;31:*.cab=01;31:*.wim=01;31:*.swm=01;31:*.dwm=01;31:*.esd=01;31:*.jpg=01;35:*.jpeg=01;35:*.mjpg=01;35:*.mjpeg=01;35:*.gif=01;35:*.bmp=01;35:*.pbm=01;35:*.pgm=01;35:*.ppm=01;35:*.tga=01;35:*.xbm=01;35:*.xpm=01;35:*.tif=01;35:*.tiff=01;35:*.png=01;35:*.svg=01;35:*.svgz=01;35:*.mng=01;35:*.pcx=01;35:*.mov=01;35:*.mpg=01;35:*.mpeg=01;35:*.m2v=01;35:*.mkv=01;35:*.webm=01;35:*.ogm=01;35:*.mp4=01;35:*.m4v=01;35:*.mp4v=01;35:*.vob=01;35:*.qt=01;35:*.nuv=01;35:*.wmv=01;35:*.asf=01;35:*.rm=01;35:*.rmvb=01;35:*.flc=01;35:*.avi=01;35:*.fli=01;35:*.flv=01;35:*.gl=01;35:*.dl=01;35:*.xcf=01;35:*.xwd=01;35:*.yuv=01;35:*.cgm=01;35:*.emf=01;35:*.ogv=01;35:*.ogx=01;35:*.aac=00;36:*.au=00;36:*.flac=00;36:*.m4a=00;36:*.mid=00;36:*.midi=00;36:*.mka=00;36:*.mp3=00;36:*.mpc=00;36:*.ogg=00;36:*.ra=00;36:*.wav=00;36:*.oga=00;36:*.opus=00;36:*.spx=00;36:*.xspf=00;36:'), ('JETSON_SOC', 'tegra23x'), ('AMENT_PREFIX_PATH', '/home/yfu/projects/ros2-picas/install/test_msgs:/opt/ros/galactic'), ('CONDA_PYTHON_EXE', '/home/yfu/Miniconda/ENTER/bin/python'), ('SHELL', '/bin/bash'), ('LESSCLOSE', '/usr/bin/lesspipe %s %s'), ('CONDA_DEFAULT_ENV', 'base'), ('JETSON_CUDA_ARCH_BIN', '8.7'), ('PWD', '/home/yfu/projects/ros2-picas/build/rclcpp'), ('CONDA_EXE', '/home/yfu/Miniconda/ENTER/bin/conda'), ('SSH_CONNECTION', '172.19.37.143 6742 192.168.0.226 22'), ('XDG_DATA_DIRS', '/usr/local/share:/usr/share:/var/lib/snapd/desktop'), ('PYTHONPATH', '/home/yfu/projects/ros2-picas/install/test_msgs/lib/python3.8/site-packages:/opt/ros/galactic/lib/python3.8/site-packages'), ('CONDA_PREFIX', '/home/yfu/Miniconda/ENTER'), ('COLCON', '1'), ('JETSON_JETPACK', '5.1.2'), ('JETSON_P_NUMBER', 'p3767-0005'), ('CMAKE_PREFIX_PATH', '/home/yfu/projects/ros2-picas/install/test_msgs:/opt/ros/galactic')]), 'shell': False}
[82.877598] (rclcpp) StdoutLine: {'line': b'-- Install configuration: ""\n'}
[82.878480] (rclcpp) StdoutLine: {'line': b'-- Installing: /home/yfu/projects/ros2-picas/install/rclcpp/lib/librclcpp.so\n'}
[82.911439] (-) TimerEvent: {}
[82.915830] (rclcpp) StdoutLine: {'line': b'-- Set runtime path of "/home/yfu/projects/ros2-picas/install/rclcpp/lib/librclcpp.so" to ""\n'}
[82.916730] (rclcpp) StdoutLine: {'line': b'-- Installing: /home/yfu/projects/ros2-picas/install/rclcpp/share/rclcpp/environment/library_path.sh\n'}
[82.917137] (rclcpp) StdoutLine: {'line': b'-- Installing: /home/yfu/projects/ros2-picas/install/rclcpp/share/rclcpp/environment/library_path.dsv\n'}
[82.917496] (rclcpp) StdoutLine: {'line': b'-- Installing: /home/yfu/projects/ros2-picas/install/rclcpp/share/ament_index/resource_index/package_run_dependencies/rclcpp\n'}
[82.917884] (rclcpp) StdoutLine: {'line': b'-- Installing: /home/yfu/projects/ros2-picas/install/rclcpp/share/ament_index/resource_index/parent_prefix_path/rclcpp\n'}
[82.918210] (rclcpp) StdoutLine: {'line': b'-- Installing: /home/yfu/projects/ros2-picas/install/rclcpp/share/rclcpp/environment/ament_prefix_path.sh\n'}
[82.918706] (rclcpp) StdoutLine: {'line': b'-- Installing: /home/yfu/projects/ros2-picas/install/rclcpp/share/rclcpp/environment/ament_prefix_path.dsv\n'}
[82.919086] (rclcpp) StdoutLine: {'line': b'-- Installing: /home/yfu/projects/ros2-picas/install/rclcpp/share/rclcpp/environment/path.sh\n'}
[82.919464] (rclcpp) StdoutLine: {'line': b'-- Installing: /home/yfu/projects/ros2-picas/install/rclcpp/share/rclcpp/environment/path.dsv\n'}
[82.919878] (rclcpp) StdoutLine: {'line': b'-- Installing: /home/yfu/projects/ros2-picas/install/rclcpp/share/rclcpp/local_setup.bash\n'}
[82.920236] (rclcpp) StdoutLine: {'line': b'-- Installing: /home/yfu/projects/ros2-picas/install/rclcpp/share/rclcpp/local_setup.sh\n'}
[82.920508] (rclcpp) StdoutLine: {'line': b'-- Installing: /home/yfu/projects/ros2-picas/install/rclcpp/share/rclcpp/local_setup.zsh\n'}
[82.920836] (rclcpp) StdoutLine: {'line': b'-- Installing: /home/yfu/projects/ros2-picas/install/rclcpp/share/rclcpp/local_setup.dsv\n'}
[82.921198] (rclcpp) StdoutLine: {'line': b'-- Installing: /home/yfu/projects/ros2-picas/install/rclcpp/share/rclcpp/package.dsv\n'}
[82.921525] (rclcpp) StdoutLine: {'line': b'-- Installing: /home/yfu/projects/ros2-picas/install/rclcpp/share/ament_index/resource_index/packages/rclcpp\n'}
[82.921840] (rclcpp) StdoutLine: {'line': b'-- Installing: /home/yfu/projects/ros2-picas/install/rclcpp/share/rclcpp/cmake/rclcppExport.cmake\n'}
[82.922158] (rclcpp) StdoutLine: {'line': b'-- Installing: /home/yfu/projects/ros2-picas/install/rclcpp/share/rclcpp/cmake/rclcppExport-noconfig.cmake\n'}
[82.922470] (rclcpp) StdoutLine: {'line': b'-- Installing: /home/yfu/projects/ros2-picas/install/rclcpp/share/rclcpp/cmake/ament_cmake_export_include_directories-extras.cmake\n'}
[82.922725] (rclcpp) StdoutLine: {'line': b'-- Installing: /home/yfu/projects/ros2-picas/install/rclcpp/share/rclcpp/cmake/ament_cmake_export_libraries-extras.cmake\n'}
[82.924315] (rclcpp) StdoutLine: {'line': b'-- Installing: /home/yfu/projects/ros2-picas/install/rclcpp/share/rclcpp/cmake/ament_cmake_export_targets-extras.cmake\n'}
[82.924858] (rclcpp) StdoutLine: {'line': b'-- Installing: /home/yfu/projects/ros2-picas/install/rclcpp/share/rclcpp/cmake/ament_cmake_export_dependencies-extras.cmake\n'}
[82.925736] (rclcpp) StdoutLine: {'line': b'-- Installing: /home/yfu/projects/ros2-picas/install/rclcpp/share/rclcpp/cmake/rclcppConfig.cmake\n'}
[82.925986] (rclcpp) StdoutLine: {'line': b'-- Installing: /home/yfu/projects/ros2-picas/install/rclcpp/share/rclcpp/cmake/rclcppConfig-version.cmake\n'}
[82.926335] (rclcpp) StdoutLine: {'line': b'-- Installing: /home/yfu/projects/ros2-picas/install/rclcpp/share/rclcpp/package.xml\n'}
[82.926554] (rclcpp) StdoutLine: {'line': b'-- Installing: /home/yfu/projects/ros2-picas/install/rclcpp/include\n'}
[82.926758] (rclcpp) StdoutLine: {'line': b'-- Installing: /home/yfu/projects/ros2-picas/install/rclcpp/include/rclcpp\n'}
[82.926959] (rclcpp) StdoutLine: {'line': b'-- Installing: /home/yfu/projects/ros2-picas/install/rclcpp/include/rclcpp/function_traits.hpp\n'}
[82.928293] (rclcpp) StdoutLine: {'line': b'-- Installing: /home/yfu/projects/ros2-picas/install/rclcpp/include/rclcpp/node_impl.hpp\n'}
[82.929839] (rclcpp) StdoutLine: {'line': b'-- Installing: /home/yfu/projects/ros2-picas/install/rclcpp/include/rclcpp/typesupport_helpers.hpp\n'}
[82.930996] (rclcpp) StdoutLine: {'line': b'-- Installing: /home/yfu/projects/ros2-picas/install/rclcpp/include/rclcpp/publisher_factory.hpp\n'}
[82.931505] (rclcpp) StdoutLine: {'line': b'-- Installing: /home/yfu/projects/ros2-picas/install/rclcpp/include/rclcpp/timer.hpp\n'}
[82.932014] (rclcpp) StdoutLine: {'line': b'-- Installing: /home/yfu/projects/ros2-picas/install/rclcpp/include/rclcpp/parameter_map.hpp\n'}
[82.932293] (rclcpp) StdoutLine: {'line': b'-- Installing: /home/yfu/projects/ros2-picas/install/rclcpp/include/rclcpp/experimental\n'}
[82.932501] (rclcpp) StdoutLine: {'line': b'-- Installing: /home/yfu/projects/ros2-picas/install/rclcpp/include/rclcpp/experimental/subscription_intra_process_base.hpp\n'}
[82.932729] (rclcpp) StdoutLine: {'line': b'-- Installing: /home/yfu/projects/ros2-picas/install/rclcpp/include/rclcpp/experimental/README.md\n'}
[82.932948] (rclcpp) StdoutLine: {'line': b'-- Installing: /home/yfu/projects/ros2-picas/install/rclcpp/include/rclcpp/experimental/intra_process_manager.hpp\n'}
[82.934842] (rclcpp) StdoutLine: {'line': b'-- Installing: /home/yfu/projects/ros2-picas/install/rclcpp/include/rclcpp/experimental/subscription_intra_process.hpp\n'}
[82.935130] (rclcpp) StdoutLine: {'line': b'-- Installing: /home/yfu/projects/ros2-picas/install/rclcpp/include/rclcpp/experimental/buffers\n'}
[82.936017] (rclcpp) StdoutLine: {'line': b'-- Installing: /home/yfu/projects/ros2-picas/install/rclcpp/include/rclcpp/experimental/buffers/intra_process_buffer.hpp\n'}
[82.936578] (rclcpp) StdoutLine: {'line': b'-- Installing: /home/yfu/projects/ros2-picas/install/rclcpp/include/rclcpp/experimental/buffers/ring_buffer_implementation.hpp\n'}
[82.937230] (rclcpp) StdoutLine: {'line': b'-- Installing: /home/yfu/projects/ros2-picas/install/rclcpp/include/rclcpp/experimental/buffers/buffer_implementation_base.hpp\n'}
[82.937396] (rclcpp) StdoutLine: {'line': b'-- Installing: /home/yfu/projects/ros2-picas/install/rclcpp/include/rclcpp/experimental/create_intra_process_buffer.hpp\n'}
[82.937534] (rclcpp) StdoutLine: {'line': b'-- Installing: /home/yfu/projects/ros2-picas/install/rclcpp/include/rclcpp/experimental/executable_list.hpp\n'}
[82.937664] (rclcpp) StdoutLine: {'line': b'-- Installing: /home/yfu/projects/ros2-picas/install/rclcpp/include/rclcpp/macros.hpp\n'}
[82.937844] (rclcpp) StdoutLine: {'line': b'-- Installing: /home/yfu/projects/ros2-picas/install/rclcpp/include/rclcpp/strategies\n'}
[82.937966] (rclcpp) StdoutLine: {'line': b'-- Installing: /home/yfu/projects/ros2-picas/install/rclcpp/include/rclcpp/strategies/allocator_memory_strategy.hpp\n'}
[82.938085] (rclcpp) StdoutLine: {'line': b'-- Installing: /home/yfu/projects/ros2-picas/install/rclcpp/include/rclcpp/strategies/message_pool_memory_strategy.hpp\n'}
[82.938203] (rclcpp) StdoutLine: {'line': b'-- Installing: /home/yfu/projects/ros2-picas/install/rclcpp/include/rclcpp/any_service_callback.hpp\n'}
[82.938321] (rclcpp) StdoutLine: {'line': b'-- Installing: /home/yfu/projects/ros2-picas/install/rclcpp/include/rclcpp/executors.hpp\n'}
[82.938673] (rclcpp) StdoutLine: {'line': b'-- Installing: /home/yfu/projects/ros2-picas/install/rclcpp/include/rclcpp/parameter.hpp\n'}
[82.938862] (rclcpp) StdoutLine: {'line': b'-- Installing: /home/yfu/projects/ros2-picas/install/rclcpp/include/rclcpp/generic_publisher.hpp\n'}
[82.938992] (rclcpp) StdoutLine: {'line': b'-- Installing: /home/yfu/projects/ros2-picas/install/rclcpp/include/rclcpp/parameter_events_filter.hpp\n'}
[82.939201] (rclcpp) StdoutLine: {'line': b'-- Installing: /home/yfu/projects/ros2-picas/install/rclcpp/include/rclcpp/wait_set.hpp\n'}
[82.939341] (rclcpp) StdoutLine: {'line': b'-- Installing: /home/yfu/projects/ros2-picas/install/rclcpp/include/rclcpp/parameter_service.hpp\n'}
[82.939521] (rclcpp) StdoutLine: {'line': b'-- Installing: /home/yfu/projects/ros2-picas/install/rclcpp/include/rclcpp/topic_statistics\n'}
[82.939684] (rclcpp) StdoutLine: {'line': b'-- Installing: /home/yfu/projects/ros2-picas/install/rclcpp/include/rclcpp/topic_statistics/subscription_topic_statistics.hpp\n'}
[82.939835] (rclcpp) StdoutLine: {'line': b'-- Installing: /home/yfu/projects/ros2-picas/install/rclcpp/include/rclcpp/wait_for_message.hpp\n'}
[82.939960] (rclcpp) StdoutLine: {'line': b'-- Installing: /home/yfu/projects/ros2-picas/install/rclcpp/include/rclcpp/exceptions\n'}
[82.940078] (rclcpp) StdoutLine: {'line': b'-- Installing: /home/yfu/projects/ros2-picas/install/rclcpp/include/rclcpp/exceptions/exceptions.hpp\n'}
[82.940195] (rclcpp) StdoutLine: {'line': b'-- Installing: /home/yfu/projects/ros2-picas/install/rclcpp/include/rclcpp/future_return_code.hpp\n'}
[82.940345] (rclcpp) StdoutLine: {'line': b'-- Installing: /home/yfu/projects/ros2-picas/install/rclcpp/include/rclcpp/intra_process_buffer_type.hpp\n'}
[82.940527] (rclcpp) StdoutLine: {'line': b'-- Installing: /home/yfu/projects/ros2-picas/install/rclcpp/include/rclcpp/create_generic_subscription.hpp\n'}
[82.940780] (rclcpp) StdoutLine: {'line': b'-- Installing: /home/yfu/projects/ros2-picas/install/rclcpp/include/rclcpp/event.hpp\n'}
[82.941012] (rclcpp) StdoutLine: {'line': b'-- Installing: /home/yfu/projects/ros2-picas/install/rclcpp/include/rclcpp/qos_overriding_options.hpp\n'}
[82.941300] (rclcpp) StdoutLine: {'line': b'-- Installing: /home/yfu/projects/ros2-picas/install/rclcpp/include/rclcpp/type_support_decl.hpp\n'}
[82.941523] (rclcpp) StdoutLine: {'line': b'-- Installing: /home/yfu/projects/ros2-picas/install/rclcpp/include/rclcpp/topic_statistics_state.hpp\n'}
[82.941734] (rclcpp) StdoutLine: {'line': b'-- Installing: /home/yfu/projects/ros2-picas/install/rclcpp/include/rclcpp/scheduler.hpp\n'}
[82.941945] (rclcpp) StdoutLine: {'line': b'-- Installing: /home/yfu/projects/ros2-picas/install/rclcpp/include/rclcpp/publisher.hpp\n'}
[82.942207] (rclcpp) StdoutLine: {'line': b'-- Installing: /home/yfu/projects/ros2-picas/install/rclcpp/include/rclcpp/exceptions.hpp\n'}
[82.942426] (rclcpp) StdoutLine: {'line': b'-- Installing: /home/yfu/projects/ros2-picas/install/rclcpp/include/rclcpp/create_subscription.hpp\n'}
[82.942687] (rclcpp) StdoutLine: {'line': b'-- Installing: /home/yfu/projects/ros2-picas/install/rclcpp/include/rclcpp/callback_group.hpp\n'}
[82.942923] (rclcpp) StdoutLine: {'line': b'-- Installing: /home/yfu/projects/ros2-picas/install/rclcpp/include/rclcpp/visibility_control.hpp\n'}
[82.943147] (rclcpp) StdoutLine: {'line': b'-- Installing: /home/yfu/projects/ros2-picas/install/rclcpp/include/rclcpp/node.hpp\n'}
[82.954267] (rclcpp) StdoutLine: {'line': b'-- Installing: /home/yfu/projects/ros2-picas/install/rclcpp/include/rclcpp/client.hpp\n'}
[82.954647] (rclcpp) StdoutLine: {'line': b'-- Installing: /home/yfu/projects/ros2-picas/install/rclcpp/include/rclcpp/duration.hpp\n'}
[82.954853] (rclcpp) StdoutLine: {'line': b'-- Installing: /home/yfu/projects/ros2-picas/install/rclcpp/include/rclcpp/parameter_event_handler.hpp\n'}
[82.955038] (rclcpp) StdoutLine: {'line': b'-- Installing: /home/yfu/projects/ros2-picas/install/rclcpp/include/rclcpp/clock.hpp\n'}
[82.955178] (rclcpp) StdoutLine: {'line': b'-- Installing: /home/yfu/projects/ros2-picas/install/rclcpp/include/rclcpp/expand_topic_or_service_name.hpp\n'}
[82.955390] (rclcpp) StdoutLine: {'line': b'-- Installing: /home/yfu/projects/ros2-picas/install/rclcpp/include/rclcpp/parameter_value.hpp\n'}
[82.955569] (rclcpp) StdoutLine: {'line': b'-- Installing: /home/yfu/projects/ros2-picas/install/rclcpp/include/rclcpp/subscription_base.hpp\n'}
[82.955745] (rclcpp) StdoutLine: {'line': b'-- Installing: /home/yfu/projects/ros2-picas/install/rclcpp/include/rclcpp/subscription_traits.hpp\n'}
[82.955887] (rclcpp) StdoutLine: {'line': b'-- Installing: /home/yfu/projects/ros2-picas/install/rclcpp/include/rclcpp/cb_sched.hpp\n'}
[82.956056] (rclcpp) StdoutLine: {'line': b'-- Installing: /home/yfu/projects/ros2-picas/install/rclcpp/include/rclcpp/memory_strategies.hpp\n'}
[82.956218] (rclcpp) StdoutLine: {'line': b'-- Installing: /home/yfu/projects/ros2-picas/install/rclcpp/include/rclcpp/publisher_options.hpp\n'}
[82.956353] (rclcpp) StdoutLine: {'line': b'-- Installing: /home/yfu/projects/ros2-picas/install/rclcpp/include/rclcpp/executor.hpp\n'}
[82.965688] (rclcpp) StdoutLine: {'line': b'-- Installing: /home/yfu/projects/ros2-picas/install/rclcpp/include/rclcpp/rate.hpp\n'}
[82.966029] (rclcpp) StdoutLine: {'line': b'-- Installing: /home/yfu/projects/ros2-picas/install/rclcpp/include/rclcpp/node_interfaces\n'}
[82.966253] (rclcpp) StdoutLine: {'line': b'-- Installing: /home/yfu/projects/ros2-picas/install/rclcpp/include/rclcpp/node_interfaces/node_logging_interface.hpp\n'}
[82.966400] (rclcpp) StdoutLine: {'line': b'-- Installing: /home/yfu/projects/ros2-picas/install/rclcpp/include/rclcpp/node_interfaces/node_time_source.hpp\n'}
[82.966573] (rclcpp) StdoutLine: {'line': b'-- Installing: /home/yfu/projects/ros2-picas/install/rclcpp/include/rclcpp/node_interfaces/node_services_interface.hpp\n'}
[82.966757] (rclcpp) StdoutLine: {'line': b'-- Installing: /home/yfu/projects/ros2-picas/install/rclcpp/include/rclcpp/node_interfaces/node_time_source_interface.hpp\n'}
[82.966942] (rclcpp) StdoutLine: {'line': b'-- Installing: /home/yfu/projects/ros2-picas/install/rclcpp/include/rclcpp/node_interfaces/node_timers_interface.hpp\n'}
[82.967078] (rclcpp) StdoutLine: {'line': b'-- Installing: /home/yfu/projects/ros2-picas/install/rclcpp/include/rclcpp/node_interfaces/node_parameters.hpp\n'}
[82.967238] (rclcpp) StdoutLine: {'line': b'-- Installing: /home/yfu/projects/ros2-picas/install/rclcpp/include/rclcpp/node_interfaces/node_services.hpp\n'}
[82.967397] (rclcpp) StdoutLine: {'line': b'-- Installing: /home/yfu/projects/ros2-picas/install/rclcpp/include/rclcpp/node_interfaces/node_waitables.hpp\n'}
[82.967533] (rclcpp) StdoutLine: {'line': b'-- Installing: /home/yfu/projects/ros2-picas/install/rclcpp/include/rclcpp/node_interfaces/node_graph.hpp\n'}
[82.967698] (rclcpp) StdoutLine: {'line': b'-- Installing: /home/yfu/projects/ros2-picas/install/rclcpp/include/rclcpp/node_interfaces/node_parameters_interface.hpp\n'}
[82.967848] (rclcpp) StdoutLine: {'line': b'-- Installing: /home/yfu/projects/ros2-picas/install/rclcpp/include/rclcpp/node_interfaces/node_topics_interface.hpp\n'}
[82.967982] (rclcpp) StdoutLine: {'line': b'-- Installing: /home/yfu/projects/ros2-picas/install/rclcpp/include/rclcpp/node_interfaces/node_base.hpp\n'}
[82.968153] (rclcpp) StdoutLine: {'line': b'-- Installing: /home/yfu/projects/ros2-picas/install/rclcpp/include/rclcpp/node_interfaces/node_clock.hpp\n'}
[82.968350] (rclcpp) StdoutLine: {'line': b'-- Installing: /home/yfu/projects/ros2-picas/install/rclcpp/include/rclcpp/node_interfaces/node_topics.hpp\n'}
[82.968486] (rclcpp) StdoutLine: {'line': b'-- Installing: /home/yfu/projects/ros2-picas/install/rclcpp/include/rclcpp/node_interfaces/node_waitables_interface.hpp\n'}
[82.968677] (rclcpp) StdoutLine: {'line': b'-- Installing: /home/yfu/projects/ros2-picas/install/rclcpp/include/rclcpp/node_interfaces/node_base_interface.hpp\n'}
[82.968807] (rclcpp) StdoutLine: {'line': b'-- Installing: /home/yfu/projects/ros2-picas/install/rclcpp/include/rclcpp/node_interfaces/node_timers.hpp\n'}
[82.969049] (rclcpp) StdoutLine: {'line': b'-- Installing: /home/yfu/projects/ros2-picas/install/rclcpp/include/rclcpp/node_interfaces/node_logging.hpp\n'}
[82.969212] (rclcpp) StdoutLine: {'line': b'-- Installing: /home/yfu/projects/ros2-picas/install/rclcpp/include/rclcpp/node_interfaces/node_graph_interface.hpp\n'}
[82.969345] (rclcpp) StdoutLine: {'line': b'-- Installing: /home/yfu/projects/ros2-picas/install/rclcpp/include/rclcpp/node_interfaces/node_clock_interface.hpp\n'}
[82.969469] (rclcpp) StdoutLine: {'line': b'-- Installing: /home/yfu/projects/ros2-picas/install/rclcpp/include/rclcpp/loaned_message.hpp\n'}
[82.969590] (rclcpp) StdoutLine: {'line': b'-- Installing: /home/yfu/projects/ros2-picas/install/rclcpp/include/rclcpp/serialized_message.hpp\n'}
[82.969755] (rclcpp) StdoutLine: {'line': b'-- Installing: /home/yfu/projects/ros2-picas/install/rclcpp/include/rclcpp/time.hpp\n'}
[82.969939] (rclcpp) StdoutLine: {'line': b'-- Installing: /home/yfu/projects/ros2-picas/install/rclcpp/include/rclcpp/parameter_client.hpp\n'}
[82.970102] (rclcpp) StdoutLine: {'line': b'-- Installing: /home/yfu/projects/ros2-picas/install/rclcpp/include/rclcpp/wait_result_kind.hpp\n'}
[82.970246] (rclcpp) StdoutLine: {'line': b'-- Installing: /home/yfu/projects/ros2-picas/install/rclcpp/include/rclcpp/guard_condition.hpp\n'}
[82.970409] (rclcpp) StdoutLine: {'line': b'-- Installing: /home/yfu/projects/ros2-picas/install/rclcpp/include/rclcpp/subscription.hpp\n'}
[82.970562] (rclcpp) StdoutLine: {'line': b'-- Installing: /home/yfu/projects/ros2-picas/install/rclcpp/include/rclcpp/subscription_wait_set_mask.hpp\n'}
[82.970687] (rclcpp) StdoutLine: {'line': b'-- Installing: /home/yfu/projects/ros2-picas/install/rclcpp/include/rclcpp/logger.hpp\n'}
[82.970869] (rclcpp) StdoutLine: {'line': b'-- Installing: /home/yfu/projects/ros2-picas/install/rclcpp/include/rclcpp/utilities.hpp\n'}
[82.971034] (rclcpp) StdoutLine: {'line': b'-- Installing: /home/yfu/projects/ros2-picas/install/rclcpp/include/rclcpp/publisher_base.hpp\n'}
[82.971170] (rclcpp) StdoutLine: {'line': b'-- Installing: /home/yfu/projects/ros2-picas/install/rclcpp/include/rclcpp/service.hpp\n'}
[82.971335] (rclcpp) StdoutLine: {'line': b'-- Installing: /home/yfu/projects/ros2-picas/install/rclcpp/include/rclcpp/memory_strategy.hpp\n'}
[82.971512] (rclcpp) StdoutLine: {'line': b'-- Installing: /home/yfu/projects/ros2-picas/install/rclcpp/include/rclcpp/qos_event.hpp\n'}
[82.971646] (rclcpp) StdoutLine: {'line': b'-- Installing: /home/yfu/projects/ros2-picas/install/rclcpp/include/rclcpp/node_options.hpp\n'}
[82.971814] (rclcpp) StdoutLine: {'line': b'-- Installing: /home/yfu/projects/ros2-picas/install/rclcpp/include/rclcpp/graph_listener.hpp\n'}
[82.971984] (rclcpp) StdoutLine: {'line': b'-- Installing: /home/yfu/projects/ros2-picas/install/rclcpp/include/rclcpp/network_flow_endpoint.hpp\n'}
[82.972115] (rclcpp) StdoutLine: {'line': b'-- Installing: /home/yfu/projects/ros2-picas/install/rclcpp/include/rclcpp/message_info.hpp\n'}
[82.973641] (rclcpp) StdoutLine: {'line': b'-- Installing: /home/yfu/projects/ros2-picas/install/rclcpp/include/rclcpp/create_generic_publisher.hpp\n'}
[82.973925] (rclcpp) StdoutLine: {'line': b'-- Installing: /home/yfu/projects/ros2-picas/install/rclcpp/include/rclcpp/wait_set_template.hpp\n'}
[82.974140] (rclcpp) StdoutLine: {'line': b'-- Installing: /home/yfu/projects/ros2-picas/install/rclcpp/include/rclcpp/contexts\n'}
[82.974343] (rclcpp) StdoutLine: {'line': b'-- Installing: /home/yfu/projects/ros2-picas/install/rclcpp/include/rclcpp/contexts/default_context.hpp\n'}
[82.974479] (rclcpp) StdoutLine: {'line': b'-- Installing: /home/yfu/projects/ros2-picas/install/rclcpp/include/rclcpp/any_subscription_callback.hpp\n'}
[82.974606] (rclcpp) StdoutLine: {'line': b'-- Installing: /home/yfu/projects/ros2-picas/install/rclcpp/include/rclcpp/wait_set_policies\n'}
[82.974731] (rclcpp) StdoutLine: {'line': b'-- Installing: /home/yfu/projects/ros2-picas/install/rclcpp/include/rclcpp/wait_set_policies/thread_safe_synchronization.hpp\n'}
[82.974854] (rclcpp) StdoutLine: {'line': b'-- Installing: /home/yfu/projects/ros2-picas/install/rclcpp/include/rclcpp/wait_set_policies/detail\n'}
[82.974972] (rclcpp) StdoutLine: {'line': b'-- Installing: /home/yfu/projects/ros2-picas/install/rclcpp/include/rclcpp/wait_set_policies/detail/write_preferring_read_write_lock.hpp\n'}
[82.975092] (rclcpp) StdoutLine: {'line': b'-- Installing: /home/yfu/projects/ros2-picas/install/rclcpp/include/rclcpp/wait_set_policies/detail/synchronization_policy_common.hpp\n'}
[82.975210] (rclcpp) StdoutLine: {'line': b'-- Installing: /home/yfu/projects/ros2-picas/install/rclcpp/include/rclcpp/wait_set_policies/detail/storage_policy_common.hpp\n'}
[82.975324] (rclcpp) StdoutLine: {'line': b'-- Installing: /home/yfu/projects/ros2-picas/install/rclcpp/include/rclcpp/wait_set_policies/static_storage.hpp\n'}
[82.975439] (rclcpp) StdoutLine: {'line': b'-- Installing: /home/yfu/projects/ros2-picas/install/rclcpp/include/rclcpp/wait_set_policies/dynamic_storage.hpp\n'}
[82.975550] (rclcpp) StdoutLine: {'line': b'-- Installing: /home/yfu/projects/ros2-picas/install/rclcpp/include/rclcpp/wait_set_policies/sequential_synchronization.hpp\n'}
[82.975661] (rclcpp) StdoutLine: {'line': b'-- Installing: /home/yfu/projects/ros2-picas/install/rclcpp/include/rclcpp/rclcpp.hpp\n'}
[82.975775] (rclcpp) StdoutLine: {'line': b'-- Installing: /home/yfu/projects/ros2-picas/install/rclcpp/include/rclcpp/subscription_factory.hpp\n'}
[82.975888] (rclcpp) StdoutLine: {'line': b'-- Installing: /home/yfu/projects/ros2-picas/install/rclcpp/include/rclcpp/generic_subscription.hpp\n'}
[82.976001] (rclcpp) StdoutLine: {'line': b'-- Installing: /home/yfu/projects/ros2-picas/install/rclcpp/include/rclcpp/qos.hpp\n'}
[82.976114] (rclcpp) StdoutLine: {'line': b'-- Installing: /home/yfu/projects/ros2-picas/install/rclcpp/include/rclcpp/executors\n'}
[82.976225] (rclcpp) StdoutLine: {'line': b'-- Installing: /home/yfu/projects/ros2-picas/install/rclcpp/include/rclcpp/executors/single_threaded_executor.hpp\n'}
[82.976338] (rclcpp) StdoutLine: {'line': b'-- Installing: /home/yfu/projects/ros2-picas/install/rclcpp/include/rclcpp/executors/multi_threaded_executor.hpp\n'}
[82.976452] (rclcpp) StdoutLine: {'line': b'-- Installing: /home/yfu/projects/ros2-picas/install/rclcpp/include/rclcpp/executors/static_single_threaded_executor.hpp\n'}
[82.976565] (rclcpp) StdoutLine: {'line': b'-- Installing: /home/yfu/projects/ros2-picas/install/rclcpp/include/rclcpp/executors/static_executor_entities_collector.hpp\n'}
[82.976676] (rclcpp) StdoutLine: {'line': b'-- Installing: /home/yfu/projects/ros2-picas/install/rclcpp/include/rclcpp/detail\n'}
[82.976787] (rclcpp) StdoutLine: {'line': b'-- Installing: /home/yfu/projects/ros2-picas/install/rclcpp/include/rclcpp/detail/rmw_implementation_specific_payload.hpp\n'}
[82.977058] (rclcpp) StdoutLine: {'line': b'-- Installing: /home/yfu/projects/ros2-picas/install/rclcpp/include/rclcpp/detail/resolve_enable_topic_statistics.hpp\n'}
[82.977270] (rclcpp) StdoutLine: {'line': b'-- Installing: /home/yfu/projects/ros2-picas/install/rclcpp/include/rclcpp/detail/README.md\n'}
[82.977400] (rclcpp) StdoutLine: {'line': b'-- Installing: /home/yfu/projects/ros2-picas/install/rclcpp/include/rclcpp/detail/resolve_use_intra_process.hpp\n'}
[82.977520] (rclcpp) StdoutLine: {'line': b'-- Installing: /home/yfu/projects/ros2-picas/install/rclcpp/include/rclcpp/detail/subscription_callback_type_helper.hpp\n'}
[82.977663] (rclcpp) StdoutLine: {'line': b'-- Installing: /home/yfu/projects/ros2-picas/install/rclcpp/include/rclcpp/detail/qos_parameters.hpp\n'}
[82.977782] (rclcpp) StdoutLine: {'line': b'-- Installing: /home/yfu/projects/ros2-picas/install/rclcpp/include/rclcpp/detail/utilities.hpp\n'}
[82.977897] (rclcpp) StdoutLine: {'line': b'-- Installing: /home/yfu/projects/ros2-picas/install/rclcpp/include/rclcpp/detail/mutex_two_priorities.hpp\n'}
[82.978009] (rclcpp) StdoutLine: {'line': b'-- Installing: /home/yfu/projects/ros2-picas/install/rclcpp/include/rclcpp/detail/rmw_implementation_specific_subscription_payload.hpp\n'}
[82.978125] (rclcpp) StdoutLine: {'line': b'-- Installing: /home/yfu/projects/ros2-picas/install/rclcpp/include/rclcpp/detail/rmw_implementation_specific_publisher_payload.hpp\n'}
[82.978238] (rclcpp) StdoutLine: {'line': b'-- Installing: /home/yfu/projects/ros2-picas/install/rclcpp/include/rclcpp/detail/resolve_intra_process_buffer_type.hpp\n'}
[82.978351] (rclcpp) StdoutLine: {'line': b'-- Installing: /home/yfu/projects/ros2-picas/install/rclcpp/include/rclcpp/create_publisher.hpp\n'}
[82.978462] (rclcpp) StdoutLine: {'line': b'-- Installing: /home/yfu/projects/ros2-picas/install/rclcpp/include/rclcpp/allocator\n'}
[82.978571] (rclcpp) StdoutLine: {'line': b'-- Installing: /home/yfu/projects/ros2-picas/install/rclcpp/include/rclcpp/allocator/allocator_deleter.hpp\n'}
[82.978681] (rclcpp) StdoutLine: {'line': b'-- Installing: /home/yfu/projects/ros2-picas/install/rclcpp/include/rclcpp/allocator/allocator_common.hpp\n'}
[82.978821] (rclcpp) StdoutLine: {'line': b'-- Installing: /home/yfu/projects/ros2-picas/install/rclcpp/include/rclcpp/any_executable.hpp\n'}
[82.978934] (rclcpp) StdoutLine: {'line': b'-- Installing: /home/yfu/projects/ros2-picas/install/rclcpp/include/rclcpp/create_timer.hpp\n'}
[82.979047] (rclcpp) StdoutLine: {'line': b'-- Installing: /home/yfu/projects/ros2-picas/install/rclcpp/include/rclcpp/intra_process_setting.hpp\n'}
[82.979160] (rclcpp) StdoutLine: {'line': b'-- Installing: /home/yfu/projects/ros2-picas/install/rclcpp/include/rclcpp/time_source.hpp\n'}
[82.979272] (rclcpp) StdoutLine: {'line': b'-- Installing: /home/yfu/projects/ros2-picas/install/rclcpp/include/rclcpp/scope_exit.hpp\n'}
[82.979629] (rclcpp) StdoutLine: {'line': b'-- Installing: /home/yfu/projects/ros2-picas/install/rclcpp/include/rclcpp/create_client.hpp\n'}
[82.980798] (rclcpp) StdoutLine: {'line': b'-- Installing: /home/yfu/projects/ros2-picas/install/rclcpp/include/rclcpp/serialization.hpp\n'}
[82.981679] (rclcpp) StdoutLine: {'line': b'-- Installing: /home/yfu/projects/ros2-picas/install/rclcpp/include/rclcpp/waitable.hpp\n'}
[82.984123] (rclcpp) StdoutLine: {'line': b'-- Installing: /home/yfu/projects/ros2-picas/install/rclcpp/include/rclcpp/wait_result.hpp\n'}
[82.984367] (rclcpp) StdoutLine: {'line': b'-- Installing: /home/yfu/projects/ros2-picas/install/rclcpp/include/rclcpp/message_memory_strategy.hpp\n'}
[82.984649] (rclcpp) StdoutLine: {'line': b'-- Installing: /home/yfu/projects/ros2-picas/install/rclcpp/include/rclcpp/subscription_options.hpp\n'}
[82.984812] (rclcpp) StdoutLine: {'line': b'-- Installing: /home/yfu/projects/ros2-picas/install/rclcpp/include/rclcpp/executor_options.hpp\n'}
[82.985096] (rclcpp) StdoutLine: {'line': b'-- Installing: /home/yfu/projects/ros2-picas/install/rclcpp/include/rclcpp/init_options.hpp\n'}
[82.985245] (rclcpp) StdoutLine: {'line': b'-- Installing: /home/yfu/projects/ros2-picas/install/rclcpp/include/rclcpp/create_service.hpp\n'}
[82.985369] (rclcpp) StdoutLine: {'line': b'-- Installing: /home/yfu/projects/ros2-picas/install/rclcpp/include/rclcpp/context.hpp\n'}
[82.985595] (rclcpp) StdoutLine: {'line': b'-- Up-to-date: /home/yfu/projects/ros2-picas/install/rclcpp/include\n'}
[82.985843] (rclcpp) StdoutLine: {'line': b'-- Up-to-date: /home/yfu/projects/ros2-picas/install/rclcpp/include/rclcpp\n'}
[82.986040] (rclcpp) StdoutLine: {'line': b'-- Installing: /home/yfu/projects/ros2-picas/install/rclcpp/include/rclcpp/logging.hpp\n'}
[82.986313] (rclcpp) StdoutLine: {'line': b'-- Up-to-date: /home/yfu/projects/ros2-picas/install/rclcpp/include/rclcpp/node_interfaces\n'}
[82.986628] (rclcpp) StdoutLine: {'line': b'-- Installing: /home/yfu/projects/ros2-picas/install/rclcpp/include/rclcpp/node_interfaces/get_node_timers_interface.hpp\n'}
[82.986860] (rclcpp) StdoutLine: {'line': b'-- Installing: /home/yfu/projects/ros2-picas/install/rclcpp/include/rclcpp/node_interfaces/node_timers_interface_traits.hpp\n'}
[82.987083] (rclcpp) StdoutLine: {'line': b'-- Installing: /home/yfu/projects/ros2-picas/install/rclcpp/include/rclcpp/node_interfaces/get_node_clock_interface.hpp\n'}
[82.987281] (rclcpp) StdoutLine: {'line': b'-- Installing: /home/yfu/projects/ros2-picas/install/rclcpp/include/rclcpp/node_interfaces/node_services_interface_traits.hpp\n'}
[82.987485] (rclcpp) StdoutLine: {'line': b'-- Installing: /home/yfu/projects/ros2-picas/install/rclcpp/include/rclcpp/node_interfaces/get_node_topics_interface.hpp\n'}
[82.987676] (rclcpp) StdoutLine: {'line': b'-- Installing: /home/yfu/projects/ros2-picas/install/rclcpp/include/rclcpp/node_interfaces/node_waitables_interface_traits.hpp\n'}
[82.987835] (rclcpp) StdoutLine: {'line': b'-- Installing: /home/yfu/projects/ros2-picas/install/rclcpp/include/rclcpp/node_interfaces/node_logging_interface_traits.hpp\n'}
[82.989099] (rclcpp) StdoutLine: {'line': b'-- Installing: /home/yfu/projects/ros2-picas/install/rclcpp/include/rclcpp/node_interfaces/get_node_graph_interface.hpp\n'}
[82.990095] (rclcpp) StdoutLine: {'line': b'-- Installing: /home/yfu/projects/ros2-picas/install/rclcpp/include/rclcpp/node_interfaces/get_node_services_interface.hpp\n'}
[82.990250] (rclcpp) StdoutLine: {'line': b'-- Installing: /home/yfu/projects/ros2-picas/install/rclcpp/include/rclcpp/node_interfaces/get_node_waitables_interface.hpp\n'}
[82.990404] (rclcpp) StdoutLine: {'line': b'-- Installing: /home/yfu/projects/ros2-picas/install/rclcpp/include/rclcpp/node_interfaces/get_node_time_source_interface.hpp\n'}
[82.990674] (rclcpp) StdoutLine: {'line': b'-- Installing: /home/yfu/projects/ros2-picas/install/rclcpp/include/rclcpp/node_interfaces/node_base_interface_traits.hpp\n'}
[82.991158] (rclcpp) StdoutLine: {'line': b'-- Installing: /home/yfu/projects/ros2-picas/install/rclcpp/include/rclcpp/node_interfaces/node_clock_interface_traits.hpp\n'}
[82.991676] (rclcpp) StdoutLine: {'line': b'-- Installing: /home/yfu/projects/ros2-picas/install/rclcpp/include/rclcpp/node_interfaces/node_graph_interface_traits.hpp\n'}
[82.991878] (rclcpp) StdoutLine: {'line': b'-- Installing: /home/yfu/projects/ros2-picas/install/rclcpp/include/rclcpp/node_interfaces/node_parameters_interface_traits.hpp\n'}
[82.992391] (rclcpp) StdoutLine: {'line': b'-- Installing: /home/yfu/projects/ros2-picas/install/rclcpp/include/rclcpp/node_interfaces/get_node_parameters_interface.hpp\n'}
[82.992942] (rclcpp) StdoutLine: {'line': b'-- Installing: /home/yfu/projects/ros2-picas/install/rclcpp/include/rclcpp/node_interfaces/get_node_base_interface.hpp\n'}
[82.993223] (rclcpp) StdoutLine: {'line': b'-- Installing: /home/yfu/projects/ros2-picas/install/rclcpp/include/rclcpp/node_interfaces/node_time_source_interface_traits.hpp\n'}
[82.993911] (rclcpp) StdoutLine: {'line': b'-- Installing: /home/yfu/projects/ros2-picas/install/rclcpp/include/rclcpp/node_interfaces/node_topics_interface_traits.hpp\n'}
[82.994310] (rclcpp) StdoutLine: {'line': b'-- Installing: /home/yfu/projects/ros2-picas/install/rclcpp/include/rclcpp/node_interfaces/get_node_logging_interface.hpp\n'}
[82.994560] (rclcpp) CommandEnded: {'returncode': 0}
[83.011492] (-) TimerEvent: {}
[83.112106] (-) TimerEvent: {}
[83.146497] (rclcpp) JobEnded: {'identifier': 'rclcpp', 'rc': 0}
[83.150179] (trace_picas) JobStarted: {'identifier': 'trace_picas'}
[83.174274] (trace_picas) JobProgress: {'identifier': 'trace_picas', 'progress': 'cmake'}
[83.175867] (trace_picas) Command: {'cmd': ['/usr/bin/cmake', '/home/yfu/projects/ros2-picas/ros2-picas-example/trace_picas', '-DPICAS=TRUE', '-DCMAKE_INSTALL_PREFIX=/home/yfu/projects/ros2-picas/install/trace_picas'], 'cwd': '/home/yfu/projects/ros2-picas/build/trace_picas', 'env': OrderedDict([('LESSOPEN', '| /usr/bin/lesspipe %s'), ('CONDA_PROMPT_MODIFIER', '(base)'), ('USER', 'yfu'), ('SSH_CLIENT', '172.19.37.143 6742 22'), ('XDG_SESSION_TYPE', 'tty'), ('SHLVL', '1'), ('LD_LIBRARY_PATH', '/home/yfu/projects/ros2-picas/install/rclcpp/lib:/home/yfu/projects/ros2-picas/install/test_msgs/lib:/opt/ros/galactic/opt/yaml_cpp_vendor/lib:/opt/ros/galactic/lib/aarch64-linux-gnu:/opt/ros/galactic/lib'), ('MOTD_SHOWN', 'pam'), ('HOME', '/home/yfu'), ('CONDA_SHLVL', '1'), ('OLDPWD', '/home/yfu/projects'), ('SSH_TTY', '/dev/pts/3'), ('JETSON_L4T', '35.4.1'), ('ROS_PYTHON_VERSION', '3'), ('JETSON_MODEL', 'NVIDIA Orin Nano Developer Kit'), ('DBUS_SESSION_BUS_ADDRESS', 'unix:path=/run/user/1001/bus'), ('ROS_DISTRO', 'galactic'), ('LOGNAME', 'yfu'), ('JETSON_MODULE', 'NVIDIA Jetson Orin Nano (Developer kit)'), ('JETSON_SERIAL_NUMBER', '1421523024361'), ('_', '/usr/bin/colcon'), ('ROS_VERSION', '2'), ('JETSON_CODENAME', 'P3768'), ('XDG_SESSION_CLASS', 'user'), ('TERM', 'xterm'), ('XDG_SESSION_ID', '278'), ('ROS_LOCALHOST_ONLY', '0'), ('PATH', '/usr/bin:/home/yfu/.local/bin:/opt/ros/galactic/bin:/home/yfu/Miniconda/ENTER/bin:/home/yfu/Miniconda/ENTER/condabin:$/home/yfu/Miniconda/ENTER/bin:/usr/local/sbin:/usr/local/bin:/usr/sbin:/usr/bin:/sbin:/bin:/usr/games:/usr/local/games:/snap/bin'), ('XDG_RUNTIME_DIR', '/run/user/1001'), ('DISPLAY', 'localhost:10.0'), ('LANG', 'en_US.UTF-8'), ('LS_COLORS', 'rs=0:di=01;34:ln=01;36:mh=00:pi=40;33:so=01;35:do=01;35:bd=40;33;01:cd=40;33;01:or=40;31;01:mi=00:su=37;41:sg=30;43:ca=30;41:tw=30;42:ow=34;42:st=37;44:ex=01;32:*.tar=01;31:*.tgz=01;31:*.arc=01;31:*.arj=01;31:*.taz=01;31:*.lha=01;31:*.lz4=01;31:*.lzh=01;31:*.lzma=01;31:*.tlz=01;31:*.txz=01;31:*.tzo=01;31:*.t7z=01;31:*.zip=01;31:*.z=01;31:*.dz=01;31:*.gz=01;31:*.lrz=01;31:*.lz=01;31:*.lzo=01;31:*.xz=01;31:*.zst=01;31:*.tzst=01;31:*.bz2=01;31:*.bz=01;31:*.tbz=01;31:*.tbz2=01;31:*.tz=01;31:*.deb=01;31:*.rpm=01;31:*.jar=01;31:*.war=01;31:*.ear=01;31:*.sar=01;31:*.rar=01;31:*.alz=01;31:*.ace=01;31:*.zoo=01;31:*.cpio=01;31:*.7z=01;31:*.rz=01;31:*.cab=01;31:*.wim=01;31:*.swm=01;31:*.dwm=01;31:*.esd=01;31:*.jpg=01;35:*.jpeg=01;35:*.mjpg=01;35:*.mjpeg=01;35:*.gif=01;35:*.bmp=01;35:*.pbm=01;35:*.pgm=01;35:*.ppm=01;35:*.tga=01;35:*.xbm=01;35:*.xpm=01;35:*.tif=01;35:*.tiff=01;35:*.png=01;35:*.svg=01;35:*.svgz=01;35:*.mng=01;35:*.pcx=01;35:*.mov=01;35:*.mpg=01;35:*.mpeg=01;35:*.m2v=01;35:*.mkv=01;35:*.webm=01;35:*.ogm=01;35:*.mp4=01;35:*.m4v=01;35:*.mp4v=01;35:*.vob=01;35:*.qt=01;35:*.nuv=01;35:*.wmv=01;35:*.asf=01;35:*.rm=01;35:*.rmvb=01;35:*.flc=01;35:*.avi=01;35:*.fli=01;35:*.flv=01;35:*.gl=01;35:*.dl=01;35:*.xcf=01;35:*.xwd=01;35:*.yuv=01;35:*.cgm=01;35:*.emf=01;35:*.ogv=01;35:*.ogx=01;35:*.aac=00;36:*.au=00;36:*.flac=00;36:*.m4a=00;36:*.mid=00;36:*.midi=00;36:*.mka=00;36:*.mp3=00;36:*.mpc=00;36:*.ogg=00;36:*.ra=00;36:*.wav=00;36:*.oga=00;36:*.opus=00;36:*.spx=00;36:*.xspf=00;36:'), ('JETSON_SOC', 'tegra23x'), ('AMENT_PREFIX_PATH', '/home/yfu/projects/ros2-picas/install/rclcpp:/home/yfu/projects/ros2-picas/install/test_msgs:/opt/ros/galactic'), ('CONDA_PYTHON_EXE', '/home/yfu/Miniconda/ENTER/bin/python'), ('SHELL', '/bin/bash'), ('LESSCLOSE', '/usr/bin/lesspipe %s %s'), ('CONDA_DEFAULT_ENV', 'base'), ('JETSON_CUDA_ARCH_BIN', '8.7'), ('PWD', '/home/yfu/projects/ros2-picas/build/trace_picas'), ('CONDA_EXE', '/home/yfu/Miniconda/ENTER/bin/conda'), ('SSH_CONNECTION', '172.19.37.143 6742 192.168.0.226 22'), ('XDG_DATA_DIRS', '/usr/local/share:/usr/share:/var/lib/snapd/desktop'), ('PYTHONPATH', '/home/yfu/projects/ros2-picas/install/test_msgs/lib/python3.8/site-packages:/opt/ros/galactic/lib/python3.8/site-packages'), ('CONDA_PREFIX', '/home/yfu/Miniconda/ENTER'), ('COLCON', '1'), ('JETSON_JETPACK', '5.1.2'), ('JETSON_P_NUMBER', 'p3767-0005'), ('CMAKE_PREFIX_PATH', '/home/yfu/projects/ros2-picas/install/rclcpp:/home/yfu/projects/ros2-picas/install/test_msgs:/opt/ros/galactic')]), 'shell': False}
[83.212445] (-) TimerEvent: {}
[83.313608] (-) TimerEvent: {}
[83.402213] (trace_picas) StdoutLine: {'line': b'-- The C compiler identification is GNU 9.4.0\n'}
[83.413736] (-) TimerEvent: {}
[83.514600] (-) TimerEvent: {}
[83.591662] (trace_picas) StdoutLine: {'line': b'-- The CXX compiler identification is GNU 9.4.0\n'}
[83.600673] (trace_picas) StdoutLine: {'line': b'-- Check for working C compiler: /usr/bin/cc\n'}
[83.614622] (-) TimerEvent: {}
[83.715392] (-) TimerEvent: {}
[83.816558] (-) TimerEvent: {}
[83.834616] (trace_picas) StdoutLine: {'line': b'-- Check for working C compiler: /usr/bin/cc -- works\n'}
[83.836803] (trace_picas) StdoutLine: {'line': b'-- Detecting C compiler ABI info\n'}
[83.916798] (-) TimerEvent: {}
[84.017906] (-) TimerEvent: {}
[84.096751] (trace_picas) StdoutLine: {'line': b'-- Detecting C compiler ABI info - done\n'}
[84.118099] (-) TimerEvent: {}
[84.133415] (trace_picas) StdoutLine: {'line': b'-- Detecting C compile features\n'}
[84.134415] (trace_picas) StdoutLine: {'line': b'-- Detecting C compile features - done\n'}
[84.142383] (trace_picas) StdoutLine: {'line': b'-- Check for working CXX compiler: /usr/bin/c++\n'}
[84.218362] (-) TimerEvent: {}
[84.319444] (-) TimerEvent: {}
[84.417563] (trace_picas) StdoutLine: {'line': b'-- Check for working CXX compiler: /usr/bin/c++ -- works\n'}
[84.419582] (-) TimerEvent: {}
[84.422175] (trace_picas) StdoutLine: {'line': b'-- Detecting CXX compiler ABI info\n'}
[84.519911] (-) TimerEvent: {}
[84.620985] (-) TimerEvent: {}
[84.698799] (trace_picas) StdoutLine: {'line': b'-- Detecting CXX compiler ABI info - done\n'}
[84.721159] (-) TimerEvent: {}
[84.730698] (trace_picas) StdoutLine: {'line': b'-- Detecting CXX compile features\n'}
[84.732127] (trace_picas) StdoutLine: {'line': b'-- Detecting CXX compile features - done\n'}
[84.736941] (trace_picas) StdoutLine: {'line': b'-- Found ament_cmake: 1.1.6 (/opt/ros/galactic/share/ament_cmake/cmake)\n'}
[84.788723] (trace_picas) StdoutLine: {'line': b'-- Found PythonInterp: /usr/bin/python3 (found suitable version "3.8.10", minimum required is "3") \n'}
[84.789238] (trace_picas) StdoutLine: {'line': b'-- Using PYTHON_EXECUTABLE: /usr/bin/python3\n'}
[84.821236] (-) TimerEvent: {}
[84.921989] (-) TimerEvent: {}
[84.972897] (trace_picas) StdoutLine: {'line': b'-- Found rclcpp: 9.2.0 (/home/yfu/projects/ros2-picas/install/rclcpp/share/rclcpp/cmake)\n'}
[85.022139] (-) TimerEvent: {}
[85.055370] (trace_picas) StdoutLine: {'line': b'-- Using single rosidl_typesupport_c: rosidl_typesupport_introspection_c\n'}
[85.066391] (trace_picas) StdoutLine: {'line': b'-- Found rosidl_adapter: 2.2.3 (/opt/ros/galactic/share/rosidl_adapter/cmake)\n'}
[85.102009] (trace_picas) StdoutLine: {'line': b'-- Using single rosidl_typesupport_cpp: rosidl_typesupport_introspection_cpp\n'}
[85.122226] (-) TimerEvent: {}
[85.217130] (trace_picas) StdoutLine: {'line': b'-- Found rmw_implementation_cmake: 3.3.1 (/opt/ros/galactic/share/rmw_implementation_cmake/cmake)\n'}
[85.221436] (trace_picas) StdoutLine: {'line': b'-- Found rmw_cyclonedds_cpp: 0.22.6 (/opt/ros/galactic/share/rmw_cyclonedds_cpp/cmake)\n'}
[85.222326] (-) TimerEvent: {}
[85.256648] (trace_picas) StdoutLine: {'line': b"-- Using RMW implementation 'rmw_cyclonedds_cpp' as default\n"}
[85.258603] (trace_picas) StdoutLine: {'line': b'-- Looking for pthread.h\n'}
[85.322655] (-) TimerEvent: {}
[85.423757] (-) TimerEvent: {}
[85.503822] (trace_picas) StdoutLine: {'line': b'-- Looking for pthread.h - found\n'}
[85.504726] (trace_picas) StdoutLine: {'line': b'-- Performing Test CMAKE_HAVE_LIBC_PTHREAD\n'}
[85.524334] (-) TimerEvent: {}
[85.626210] (-) TimerEvent: {}
[85.727263] (-) TimerEvent: {}
[85.828313] (-) TimerEvent: {}
[85.894489] (trace_picas) StdoutLine: {'line': b'-- Performing Test CMAKE_HAVE_LIBC_PTHREAD - Failed\n'}
[85.895386] (trace_picas) StdoutLine: {'line': b'-- Looking for pthread_create in pthreads\n'}
[85.928511] (-) TimerEvent: {}
[86.029578] (-) TimerEvent: {}
[86.130759] (-) TimerEvent: {}
[86.231794] (-) TimerEvent: {}
[86.248505] (trace_picas) StdoutLine: {'line': b'-- Looking for pthread_create in pthreads - not found\n'}
[86.249154] (trace_picas) StdoutLine: {'line': b'-- Looking for pthread_create in pthread\n'}
[86.332103] (-) TimerEvent: {}
[86.433228] (-) TimerEvent: {}
[86.495036] (trace_picas) StdoutLine: {'line': b'-- Looking for pthread_create in pthread - found\n'}
[86.498716] (trace_picas) StdoutLine: {'line': b'-- Found Threads: TRUE  \n'}
[86.533205] (-) TimerEvent: {}
[86.633901] (-) TimerEvent: {}
[86.734564] (-) TimerEvent: {}
[86.791131] (trace_picas) StdoutLine: {'line': b'-- Found ament_lint_auto: 0.10.7 (/opt/ros/galactic/share/ament_lint_auto/cmake)\n'}
[86.834735] (-) TimerEvent: {}
[86.935708] (-) TimerEvent: {}
[86.953640] (trace_picas) StdoutLine: {'line': b"-- Added test 'copyright' to check source files copyright and LICENSE\n"}
[86.955705] (trace_picas) StdoutLine: {'line': b"-- Added test 'cppcheck' to perform static code analysis on C / C++ code\n"}
[86.956144] (trace_picas) StdoutLine: {'line': b'-- Configured cppcheck include dirs: /home/yfu/projects/ros2-picas/ros2-picas-example/trace_picas/include\n'}
[86.956427] (trace_picas) StdoutLine: {'line': b'-- Configured cppcheck exclude dirs and/or files: \n'}
[86.958091] (trace_picas) StdoutLine: {'line': b"-- Added test 'cpplint' to check C / C++ code against the Google style\n"}
[86.958425] (trace_picas) StdoutLine: {'line': b'-- Configured cpplint exclude dirs and/or files: \n'}
[86.959449] (trace_picas) StdoutLine: {'line': b"-- Added test 'lint_cmake' to check CMake code style\n"}
[86.961266] (trace_picas) StdoutLine: {'line': b"-- Added test 'uncrustify' to check C / C++ code style\n"}
[86.961580] (trace_picas) StdoutLine: {'line': b'-- Configured uncrustify additional arguments: \n'}
[86.962223] (trace_picas) StdoutLine: {'line': b"-- Added test 'xmllint' to check XML markup files\n"}
[86.972443] (trace_picas) StdoutLine: {'line': b'-- Configuring done\n'}
[87.020943] (trace_picas) StdoutLine: {'line': b'-- Generating done\n'}
[87.023199] (trace_picas) StderrLine: {'line': b'CMake Warning:\n'}
[87.023645] (trace_picas) StderrLine: {'line': b'  Manually-specified variables were not used by the project:\n'}
[87.023810] (trace_picas) StderrLine: {'line': b'\n'}
[87.023946] (trace_picas) StderrLine: {'line': b'    PICAS\n'}
[87.024071] (trace_picas) StderrLine: {'line': b'\n'}
[87.024191] (trace_picas) StderrLine: {'line': b'\n'}
[87.028374] (trace_picas) StdoutLine: {'line': b'-- Build files have been written to: /home/yfu/projects/ros2-picas/build/trace_picas\n'}
[87.035834] (-) TimerEvent: {}
[87.052365] (trace_picas) CommandEnded: {'returncode': 0}
[87.054314] (trace_picas) JobProgress: {'identifier': 'trace_picas', 'progress': 'build'}
[87.055048] (trace_picas) Command: {'cmd': ['/usr/bin/cmake', '--build', '/home/yfu/projects/ros2-picas/build/trace_picas', '--', '-j6', '-l6'], 'cwd': '/home/yfu/projects/ros2-picas/build/trace_picas', 'env': OrderedDict([('LESSOPEN', '| /usr/bin/lesspipe %s'), ('CONDA_PROMPT_MODIFIER', '(base)'), ('USER', 'yfu'), ('SSH_CLIENT', '172.19.37.143 6742 22'), ('XDG_SESSION_TYPE', 'tty'), ('SHLVL', '1'), ('LD_LIBRARY_PATH', '/home/yfu/projects/ros2-picas/install/rclcpp/lib:/home/yfu/projects/ros2-picas/install/test_msgs/lib:/opt/ros/galactic/opt/yaml_cpp_vendor/lib:/opt/ros/galactic/lib/aarch64-linux-gnu:/opt/ros/galactic/lib'), ('MOTD_SHOWN', 'pam'), ('HOME', '/home/yfu'), ('CONDA_SHLVL', '1'), ('OLDPWD', '/home/yfu/projects'), ('SSH_TTY', '/dev/pts/3'), ('JETSON_L4T', '35.4.1'), ('ROS_PYTHON_VERSION', '3'), ('JETSON_MODEL', 'NVIDIA Orin Nano Developer Kit'), ('DBUS_SESSION_BUS_ADDRESS', 'unix:path=/run/user/1001/bus'), ('ROS_DISTRO', 'galactic'), ('LOGNAME', 'yfu'), ('JETSON_MODULE', 'NVIDIA Jetson Orin Nano (Developer kit)'), ('JETSON_SERIAL_NUMBER', '1421523024361'), ('_', '/usr/bin/colcon'), ('ROS_VERSION', '2'), ('JETSON_CODENAME', 'P3768'), ('XDG_SESSION_CLASS', 'user'), ('TERM', 'xterm'), ('XDG_SESSION_ID', '278'), ('ROS_LOCALHOST_ONLY', '0'), ('PATH', '/usr/bin:/home/yfu/.local/bin:/opt/ros/galactic/bin:/home/yfu/Miniconda/ENTER/bin:/home/yfu/Miniconda/ENTER/condabin:$/home/yfu/Miniconda/ENTER/bin:/usr/local/sbin:/usr/local/bin:/usr/sbin:/usr/bin:/sbin:/bin:/usr/games:/usr/local/games:/snap/bin'), ('XDG_RUNTIME_DIR', '/run/user/1001'), ('DISPLAY', 'localhost:10.0'), ('LANG', 'en_US.UTF-8'), ('LS_COLORS', 'rs=0:di=01;34:ln=01;36:mh=00:pi=40;33:so=01;35:do=01;35:bd=40;33;01:cd=40;33;01:or=40;31;01:mi=00:su=37;41:sg=30;43:ca=30;41:tw=30;42:ow=34;42:st=37;44:ex=01;32:*.tar=01;31:*.tgz=01;31:*.arc=01;31:*.arj=01;31:*.taz=01;31:*.lha=01;31:*.lz4=01;31:*.lzh=01;31:*.lzma=01;31:*.tlz=01;31:*.txz=01;31:*.tzo=01;31:*.t7z=01;31:*.zip=01;31:*.z=01;31:*.dz=01;31:*.gz=01;31:*.lrz=01;31:*.lz=01;31:*.lzo=01;31:*.xz=01;31:*.zst=01;31:*.tzst=01;31:*.bz2=01;31:*.bz=01;31:*.tbz=01;31:*.tbz2=01;31:*.tz=01;31:*.deb=01;31:*.rpm=01;31:*.jar=01;31:*.war=01;31:*.ear=01;31:*.sar=01;31:*.rar=01;31:*.alz=01;31:*.ace=01;31:*.zoo=01;31:*.cpio=01;31:*.7z=01;31:*.rz=01;31:*.cab=01;31:*.wim=01;31:*.swm=01;31:*.dwm=01;31:*.esd=01;31:*.jpg=01;35:*.jpeg=01;35:*.mjpg=01;35:*.mjpeg=01;35:*.gif=01;35:*.bmp=01;35:*.pbm=01;35:*.pgm=01;35:*.ppm=01;35:*.tga=01;35:*.xbm=01;35:*.xpm=01;35:*.tif=01;35:*.tiff=01;35:*.png=01;35:*.svg=01;35:*.svgz=01;35:*.mng=01;35:*.pcx=01;35:*.mov=01;35:*.mpg=01;35:*.mpeg=01;35:*.m2v=01;35:*.mkv=01;35:*.webm=01;35:*.ogm=01;35:*.mp4=01;35:*.m4v=01;35:*.mp4v=01;35:*.vob=01;35:*.qt=01;35:*.nuv=01;35:*.wmv=01;35:*.asf=01;35:*.rm=01;35:*.rmvb=01;35:*.flc=01;35:*.avi=01;35:*.fli=01;35:*.flv=01;35:*.gl=01;35:*.dl=01;35:*.xcf=01;35:*.xwd=01;35:*.yuv=01;35:*.cgm=01;35:*.emf=01;35:*.ogv=01;35:*.ogx=01;35:*.aac=00;36:*.au=00;36:*.flac=00;36:*.m4a=00;36:*.mid=00;36:*.midi=00;36:*.mka=00;36:*.mp3=00;36:*.mpc=00;36:*.ogg=00;36:*.ra=00;36:*.wav=00;36:*.oga=00;36:*.opus=00;36:*.spx=00;36:*.xspf=00;36:'), ('JETSON_SOC', 'tegra23x'), ('AMENT_PREFIX_PATH', '/home/yfu/projects/ros2-picas/install/rclcpp:/home/yfu/projects/ros2-picas/install/test_msgs:/opt/ros/galactic'), ('CONDA_PYTHON_EXE', '/home/yfu/Miniconda/ENTER/bin/python'), ('SHELL', '/bin/bash'), ('LESSCLOSE', '/usr/bin/lesspipe %s %s'), ('CONDA_DEFAULT_ENV', 'base'), ('JETSON_CUDA_ARCH_BIN', '8.7'), ('PWD', '/home/yfu/projects/ros2-picas/build/trace_picas'), ('CONDA_EXE', '/home/yfu/Miniconda/ENTER/bin/conda'), ('SSH_CONNECTION', '172.19.37.143 6742 192.168.0.226 22'), ('XDG_DATA_DIRS', '/usr/local/share:/usr/share:/var/lib/snapd/desktop'), ('PYTHONPATH', '/home/yfu/projects/ros2-picas/install/test_msgs/lib/python3.8/site-packages:/opt/ros/galactic/lib/python3.8/site-packages'), ('CONDA_PREFIX', '/home/yfu/Miniconda/ENTER'), ('COLCON', '1'), ('JETSON_JETPACK', '5.1.2'), ('JETSON_P_NUMBER', 'p3767-0005'), ('CMAKE_PREFIX_PATH', '/home/yfu/projects/ros2-picas/install/rclcpp:/home/yfu/projects/ros2-picas/install/test_msgs:/opt/ros/galactic')]), 'shell': False}
[87.136208] (-) TimerEvent: {}
[87.175644] (trace_picas) StdoutLine: {'line': b'\x1b[35m\x1b[1mScanning dependencies of target trace_picas\x1b[0m\n'}
[87.203071] (trace_picas) StdoutLine: {'line': b'[ 50%] \x1b[32mBuilding CXX object CMakeFiles/trace_picas.dir/src/trace_function.cpp.o\x1b[0m\n'}
[87.236436] (-) TimerEvent: {}
[87.337565] (-) TimerEvent: {}
[87.438658] (-) TimerEvent: {}
[87.539761] (-) TimerEvent: {}
[87.640873] (-) TimerEvent: {}
[87.742055] (-) TimerEvent: {}
[87.843200] (-) TimerEvent: {}
[87.944309] (-) TimerEvent: {}
[88.045349] (-) TimerEvent: {}
[88.049032] (trace_picas) StdoutLine: {'line': b'[100%] \x1b[32m\x1b[1mLinking CXX static library libtrace_picas.a\x1b[0m\n'}
[88.145435] (-) TimerEvent: {}
[88.246285] (-) TimerEvent: {}
[88.256357] (trace_picas) StdoutLine: {'line': b'[100%] Built target trace_picas\n'}
[88.346402] (-) TimerEvent: {}
[88.404591] (trace_picas) CommandEnded: {'returncode': 0}
[88.407381] (trace_picas) JobProgress: {'identifier': 'trace_picas', 'progress': 'install'}
[88.408369] (trace_picas) Command: {'cmd': ['/usr/bin/cmake', '--install', '/home/yfu/projects/ros2-picas/build/trace_picas'], 'cwd': '/home/yfu/projects/ros2-picas/build/trace_picas', 'env': OrderedDict([('LESSOPEN', '| /usr/bin/lesspipe %s'), ('CONDA_PROMPT_MODIFIER', '(base)'), ('USER', 'yfu'), ('SSH_CLIENT', '172.19.37.143 6742 22'), ('XDG_SESSION_TYPE', 'tty'), ('SHLVL', '1'), ('LD_LIBRARY_PATH', '/home/yfu/projects/ros2-picas/install/rclcpp/lib:/home/yfu/projects/ros2-picas/install/test_msgs/lib:/opt/ros/galactic/opt/yaml_cpp_vendor/lib:/opt/ros/galactic/lib/aarch64-linux-gnu:/opt/ros/galactic/lib'), ('MOTD_SHOWN', 'pam'), ('HOME', '/home/yfu'), ('CONDA_SHLVL', '1'), ('OLDPWD', '/home/yfu/projects'), ('SSH_TTY', '/dev/pts/3'), ('JETSON_L4T', '35.4.1'), ('ROS_PYTHON_VERSION', '3'), ('JETSON_MODEL', 'NVIDIA Orin Nano Developer Kit'), ('DBUS_SESSION_BUS_ADDRESS', 'unix:path=/run/user/1001/bus'), ('ROS_DISTRO', 'galactic'), ('LOGNAME', 'yfu'), ('JETSON_MODULE', 'NVIDIA Jetson Orin Nano (Developer kit)'), ('JETSON_SERIAL_NUMBER', '1421523024361'), ('_', '/usr/bin/colcon'), ('ROS_VERSION', '2'), ('JETSON_CODENAME', 'P3768'), ('XDG_SESSION_CLASS', 'user'), ('TERM', 'xterm'), ('XDG_SESSION_ID', '278'), ('ROS_LOCALHOST_ONLY', '0'), ('PATH', '/usr/bin:/home/yfu/.local/bin:/opt/ros/galactic/bin:/home/yfu/Miniconda/ENTER/bin:/home/yfu/Miniconda/ENTER/condabin:$/home/yfu/Miniconda/ENTER/bin:/usr/local/sbin:/usr/local/bin:/usr/sbin:/usr/bin:/sbin:/bin:/usr/games:/usr/local/games:/snap/bin'), ('XDG_RUNTIME_DIR', '/run/user/1001'), ('DISPLAY', 'localhost:10.0'), ('LANG', 'en_US.UTF-8'), ('LS_COLORS', 'rs=0:di=01;34:ln=01;36:mh=00:pi=40;33:so=01;35:do=01;35:bd=40;33;01:cd=40;33;01:or=40;31;01:mi=00:su=37;41:sg=30;43:ca=30;41:tw=30;42:ow=34;42:st=37;44:ex=01;32:*.tar=01;31:*.tgz=01;31:*.arc=01;31:*.arj=01;31:*.taz=01;31:*.lha=01;31:*.lz4=01;31:*.lzh=01;31:*.lzma=01;31:*.tlz=01;31:*.txz=01;31:*.tzo=01;31:*.t7z=01;31:*.zip=01;31:*.z=01;31:*.dz=01;31:*.gz=01;31:*.lrz=01;31:*.lz=01;31:*.lzo=01;31:*.xz=01;31:*.zst=01;31:*.tzst=01;31:*.bz2=01;31:*.bz=01;31:*.tbz=01;31:*.tbz2=01;31:*.tz=01;31:*.deb=01;31:*.rpm=01;31:*.jar=01;31:*.war=01;31:*.ear=01;31:*.sar=01;31:*.rar=01;31:*.alz=01;31:*.ace=01;31:*.zoo=01;31:*.cpio=01;31:*.7z=01;31:*.rz=01;31:*.cab=01;31:*.wim=01;31:*.swm=01;31:*.dwm=01;31:*.esd=01;31:*.jpg=01;35:*.jpeg=01;35:*.mjpg=01;35:*.mjpeg=01;35:*.gif=01;35:*.bmp=01;35:*.pbm=01;35:*.pgm=01;35:*.ppm=01;35:*.tga=01;35:*.xbm=01;35:*.xpm=01;35:*.tif=01;35:*.tiff=01;35:*.png=01;35:*.svg=01;35:*.svgz=01;35:*.mng=01;35:*.pcx=01;35:*.mov=01;35:*.mpg=01;35:*.mpeg=01;35:*.m2v=01;35:*.mkv=01;35:*.webm=01;35:*.ogm=01;35:*.mp4=01;35:*.m4v=01;35:*.mp4v=01;35:*.vob=01;35:*.qt=01;35:*.nuv=01;35:*.wmv=01;35:*.asf=01;35:*.rm=01;35:*.rmvb=01;35:*.flc=01;35:*.avi=01;35:*.fli=01;35:*.flv=01;35:*.gl=01;35:*.dl=01;35:*.xcf=01;35:*.xwd=01;35:*.yuv=01;35:*.cgm=01;35:*.emf=01;35:*.ogv=01;35:*.ogx=01;35:*.aac=00;36:*.au=00;36:*.flac=00;36:*.m4a=00;36:*.mid=00;36:*.midi=00;36:*.mka=00;36:*.mp3=00;36:*.mpc=00;36:*.ogg=00;36:*.ra=00;36:*.wav=00;36:*.oga=00;36:*.opus=00;36:*.spx=00;36:*.xspf=00;36:'), ('JETSON_SOC', 'tegra23x'), ('AMENT_PREFIX_PATH', '/home/yfu/projects/ros2-picas/install/rclcpp:/home/yfu/projects/ros2-picas/install/test_msgs:/opt/ros/galactic'), ('CONDA_PYTHON_EXE', '/home/yfu/Miniconda/ENTER/bin/python'), ('SHELL', '/bin/bash'), ('LESSCLOSE', '/usr/bin/lesspipe %s %s'), ('CONDA_DEFAULT_ENV', 'base'), ('JETSON_CUDA_ARCH_BIN', '8.7'), ('PWD', '/home/yfu/projects/ros2-picas/build/trace_picas'), ('CONDA_EXE', '/home/yfu/Miniconda/ENTER/bin/conda'), ('SSH_CONNECTION', '172.19.37.143 6742 192.168.0.226 22'), ('XDG_DATA_DIRS', '/usr/local/share:/usr/share:/var/lib/snapd/desktop'), ('PYTHONPATH', '/home/yfu/projects/ros2-picas/install/test_msgs/lib/python3.8/site-packages:/opt/ros/galactic/lib/python3.8/site-packages'), ('CONDA_PREFIX', '/home/yfu/Miniconda/ENTER'), ('COLCON', '1'), ('JETSON_JETPACK', '5.1.2'), ('JETSON_P_NUMBER', 'p3767-0005'), ('CMAKE_PREFIX_PATH', '/home/yfu/projects/ros2-picas/install/rclcpp:/home/yfu/projects/ros2-picas/install/test_msgs:/opt/ros/galactic')]), 'shell': False}
[88.439168] (trace_picas) StdoutLine: {'line': b'-- Install configuration: ""\n'}
[88.440076] (trace_picas) StdoutLine: {'line': b'-- Installing: /home/yfu/projects/ros2-picas/install/trace_picas/share/trace_picas/environment/library_path.sh\n'}
[88.440396] (trace_picas) StdoutLine: {'line': b'-- Installing: /home/yfu/projects/ros2-picas/install/trace_picas/share/trace_picas/environment/library_path.dsv\n'}
[88.440568] (trace_picas) StdoutLine: {'line': b'-- Installing: /home/yfu/projects/ros2-picas/install/trace_picas/include/trace_picas/\n'}
[88.440786] (trace_picas) StdoutLine: {'line': b'-- Installing: /home/yfu/projects/ros2-picas/install/trace_picas/include/trace_picas//trace.hpp\n'}
[88.440947] (trace_picas) StdoutLine: {'line': b'-- Installing: /home/yfu/projects/ros2-picas/install/trace_picas/lib/libtrace_picas.a\n'}
[88.441240] (trace_picas) StdoutLine: {'line': b'-- Installing: /home/yfu/projects/ros2-picas/install/trace_picas/share/ament_index/resource_index/package_run_dependencies/trace_picas\n'}
[88.441639] (trace_picas) StdoutLine: {'line': b'-- Installing: /home/yfu/projects/ros2-picas/install/trace_picas/share/ament_index/resource_index/parent_prefix_path/trace_picas\n'}
[88.441953] (trace_picas) StdoutLine: {'line': b'-- Installing: /home/yfu/projects/ros2-picas/install/trace_picas/share/trace_picas/environment/ament_prefix_path.sh\n'}
[88.442277] (trace_picas) StdoutLine: {'line': b'-- Installing: /home/yfu/projects/ros2-picas/install/trace_picas/share/trace_picas/environment/ament_prefix_path.dsv\n'}
[88.442582] (trace_picas) StdoutLine: {'line': b'-- Installing: /home/yfu/projects/ros2-picas/install/trace_picas/share/trace_picas/environment/path.sh\n'}
[88.442868] (trace_picas) StdoutLine: {'line': b'-- Installing: /home/yfu/projects/ros2-picas/install/trace_picas/share/trace_picas/environment/path.dsv\n'}
[88.443162] (trace_picas) StdoutLine: {'line': b'-- Installing: /home/yfu/projects/ros2-picas/install/trace_picas/share/trace_picas/local_setup.bash\n'}
[88.443448] (trace_picas) StdoutLine: {'line': b'-- Installing: /home/yfu/projects/ros2-picas/install/trace_picas/share/trace_picas/local_setup.sh\n'}
[88.443741] (trace_picas) StdoutLine: {'line': b'-- Installing: /home/yfu/projects/ros2-picas/install/trace_picas/share/trace_picas/local_setup.zsh\n'}
[88.444019] (trace_picas) StdoutLine: {'line': b'-- Installing: /home/yfu/projects/ros2-picas/install/trace_picas/share/trace_picas/local_setup.dsv\n'}
[88.444294] (trace_picas) StdoutLine: {'line': b'-- Installing: /home/yfu/projects/ros2-picas/install/trace_picas/share/trace_picas/package.dsv\n'}
[88.444667] (trace_picas) StdoutLine: {'line': b'-- Installing: /home/yfu/projects/ros2-picas/install/trace_picas/share/ament_index/resource_index/packages/trace_picas\n'}
[88.445097] (trace_picas) StdoutLine: {'line': b'-- Installing: /home/yfu/projects/ros2-picas/install/trace_picas/share/trace_picas/cmake/export_traceExport.cmake\n'}
[88.445530] (trace_picas) StdoutLine: {'line': b'-- Installing: /home/yfu/projects/ros2-picas/install/trace_picas/share/trace_picas/cmake/export_traceExport-noconfig.cmake\n'}
[88.445839] (trace_picas) StdoutLine: {'line': b'-- Installing: /home/yfu/projects/ros2-picas/install/trace_picas/share/trace_picas/cmake/ament_cmake_export_dependencies-extras.cmake\n'}
[88.446129] (trace_picas) StdoutLine: {'line': b'-- Installing: /home/yfu/projects/ros2-picas/install/trace_picas/share/trace_picas/cmake/ament_cmake_export_targets-extras.cmake\n'}
[88.446452] (trace_picas) StdoutLine: {'line': b'-- Installing: /home/yfu/projects/ros2-picas/install/trace_picas/share/trace_picas/cmake/ament_cmake_export_include_directories-extras.cmake\n'}
[88.446604] (-) TimerEvent: {}
[88.447111] (trace_picas) StdoutLine: {'line': b'-- Installing: /home/yfu/projects/ros2-picas/install/trace_picas/share/trace_picas/cmake/ament_cmake_export_libraries-extras.cmake\n'}
[88.447340] (trace_picas) StdoutLine: {'line': b'-- Installing: /home/yfu/projects/ros2-picas/install/trace_picas/share/trace_picas/cmake/trace_picasConfig.cmake\n'}
[88.447496] (trace_picas) StdoutLine: {'line': b'-- Installing: /home/yfu/projects/ros2-picas/install/trace_picas/share/trace_picas/cmake/trace_picasConfig-version.cmake\n'}
[88.447690] (trace_picas) StdoutLine: {'line': b'-- Installing: /home/yfu/projects/ros2-picas/install/trace_picas/share/trace_picas/package.xml\n'}
[88.453466] (trace_picas) CommandEnded: {'returncode': 0}
[88.546752] (-) TimerEvent: {}
[88.615812] (trace_picas) JobEnded: {'identifier': 'trace_picas', 'rc': 0}
[88.619665] (picas_example) JobStarted: {'identifier': 'picas_example'}
[88.633637] (picas_example_mt) JobStarted: {'identifier': 'picas_example_mt'}
[88.647707] (-) TimerEvent: {}
[88.649053] (picas_example) JobProgress: {'identifier': 'picas_example', 'progress': 'cmake'}
[88.650413] (picas_example) Command: {'cmd': ['/usr/bin/cmake', '/home/yfu/projects/ros2-picas/ros2-picas-example/picas_example', '-DPICAS=TRUE', '-DCMAKE_INSTALL_PREFIX=/home/yfu/projects/ros2-picas/install/picas_example'], 'cwd': '/home/yfu/projects/ros2-picas/build/picas_example', 'env': OrderedDict([('LESSOPEN', '| /usr/bin/lesspipe %s'), ('CONDA_PROMPT_MODIFIER', '(base)'), ('USER', 'yfu'), ('SSH_CLIENT', '172.19.37.143 6742 22'), ('XDG_SESSION_TYPE', 'tty'), ('SHLVL', '1'), ('LD_LIBRARY_PATH', '/home/yfu/projects/ros2-picas/install/trace_picas/lib:/home/yfu/projects/ros2-picas/install/rclcpp/lib:/home/yfu/projects/ros2-picas/install/test_msgs/lib:/opt/ros/galactic/opt/yaml_cpp_vendor/lib:/opt/ros/galactic/lib/aarch64-linux-gnu:/opt/ros/galactic/lib'), ('MOTD_SHOWN', 'pam'), ('HOME', '/home/yfu'), ('CONDA_SHLVL', '1'), ('OLDPWD', '/home/yfu/projects'), ('SSH_TTY', '/dev/pts/3'), ('JETSON_L4T', '35.4.1'), ('ROS_PYTHON_VERSION', '3'), ('JETSON_MODEL', 'NVIDIA Orin Nano Developer Kit'), ('DBUS_SESSION_BUS_ADDRESS', 'unix:path=/run/user/1001/bus'), ('ROS_DISTRO', 'galactic'), ('LOGNAME', 'yfu'), ('JETSON_MODULE', 'NVIDIA Jetson Orin Nano (Developer kit)'), ('JETSON_SERIAL_NUMBER', '1421523024361'), ('_', '/usr/bin/colcon'), ('ROS_VERSION', '2'), ('JETSON_CODENAME', 'P3768'), ('XDG_SESSION_CLASS', 'user'), ('TERM', 'xterm'), ('XDG_SESSION_ID', '278'), ('ROS_LOCALHOST_ONLY', '0'), ('PATH', '/usr/bin:/home/yfu/.local/bin:/opt/ros/galactic/bin:/home/yfu/Miniconda/ENTER/bin:/home/yfu/Miniconda/ENTER/condabin:$/home/yfu/Miniconda/ENTER/bin:/usr/local/sbin:/usr/local/bin:/usr/sbin:/usr/bin:/sbin:/bin:/usr/games:/usr/local/games:/snap/bin'), ('XDG_RUNTIME_DIR', '/run/user/1001'), ('DISPLAY', 'localhost:10.0'), ('LANG', 'en_US.UTF-8'), ('LS_COLORS', 'rs=0:di=01;34:ln=01;36:mh=00:pi=40;33:so=01;35:do=01;35:bd=40;33;01:cd=40;33;01:or=40;31;01:mi=00:su=37;41:sg=30;43:ca=30;41:tw=30;42:ow=34;42:st=37;44:ex=01;32:*.tar=01;31:*.tgz=01;31:*.arc=01;31:*.arj=01;31:*.taz=01;31:*.lha=01;31:*.lz4=01;31:*.lzh=01;31:*.lzma=01;31:*.tlz=01;31:*.txz=01;31:*.tzo=01;31:*.t7z=01;31:*.zip=01;31:*.z=01;31:*.dz=01;31:*.gz=01;31:*.lrz=01;31:*.lz=01;31:*.lzo=01;31:*.xz=01;31:*.zst=01;31:*.tzst=01;31:*.bz2=01;31:*.bz=01;31:*.tbz=01;31:*.tbz2=01;31:*.tz=01;31:*.deb=01;31:*.rpm=01;31:*.jar=01;31:*.war=01;31:*.ear=01;31:*.sar=01;31:*.rar=01;31:*.alz=01;31:*.ace=01;31:*.zoo=01;31:*.cpio=01;31:*.7z=01;31:*.rz=01;31:*.cab=01;31:*.wim=01;31:*.swm=01;31:*.dwm=01;31:*.esd=01;31:*.jpg=01;35:*.jpeg=01;35:*.mjpg=01;35:*.mjpeg=01;35:*.gif=01;35:*.bmp=01;35:*.pbm=01;35:*.pgm=01;35:*.ppm=01;35:*.tga=01;35:*.xbm=01;35:*.xpm=01;35:*.tif=01;35:*.tiff=01;35:*.png=01;35:*.svg=01;35:*.svgz=01;35:*.mng=01;35:*.pcx=01;35:*.mov=01;35:*.mpg=01;35:*.mpeg=01;35:*.m2v=01;35:*.mkv=01;35:*.webm=01;35:*.ogm=01;35:*.mp4=01;35:*.m4v=01;35:*.mp4v=01;35:*.vob=01;35:*.qt=01;35:*.nuv=01;35:*.wmv=01;35:*.asf=01;35:*.rm=01;35:*.rmvb=01;35:*.flc=01;35:*.avi=01;35:*.fli=01;35:*.flv=01;35:*.gl=01;35:*.dl=01;35:*.xcf=01;35:*.xwd=01;35:*.yuv=01;35:*.cgm=01;35:*.emf=01;35:*.ogv=01;35:*.ogx=01;35:*.aac=00;36:*.au=00;36:*.flac=00;36:*.m4a=00;36:*.mid=00;36:*.midi=00;36:*.mka=00;36:*.mp3=00;36:*.mpc=00;36:*.ogg=00;36:*.ra=00;36:*.wav=00;36:*.oga=00;36:*.opus=00;36:*.spx=00;36:*.xspf=00;36:'), ('JETSON_SOC', 'tegra23x'), ('AMENT_PREFIX_PATH', '/home/yfu/projects/ros2-picas/install/trace_picas:/home/yfu/projects/ros2-picas/install/rclcpp:/home/yfu/projects/ros2-picas/install/test_msgs:/opt/ros/galactic'), ('CONDA_PYTHON_EXE', '/home/yfu/Miniconda/ENTER/bin/python'), ('SHELL', '/bin/bash'), ('LESSCLOSE', '/usr/bin/lesspipe %s %s'), ('CONDA_DEFAULT_ENV', 'base'), ('JETSON_CUDA_ARCH_BIN', '8.7'), ('PWD', '/home/yfu/projects/ros2-picas/build/picas_example'), ('CONDA_EXE', '/home/yfu/Miniconda/ENTER/bin/conda'), ('SSH_CONNECTION', '172.19.37.143 6742 192.168.0.226 22'), ('XDG_DATA_DIRS', '/usr/local/share:/usr/share:/var/lib/snapd/desktop'), ('PYTHONPATH', '/home/yfu/projects/ros2-picas/install/test_msgs/lib/python3.8/site-packages:/opt/ros/galactic/lib/python3.8/site-packages'), ('CONDA_PREFIX', '/home/yfu/Miniconda/ENTER'), ('COLCON', '1'), ('JETSON_JETPACK', '5.1.2'), ('JETSON_P_NUMBER', 'p3767-0005'), ('CMAKE_PREFIX_PATH', '/home/yfu/projects/ros2-picas/install/trace_picas:/home/yfu/projects/ros2-picas/install/rclcpp:/home/yfu/projects/ros2-picas/install/test_msgs:/opt/ros/galactic')]), 'shell': False}
[88.661376] (picas_example_mt) JobProgress: {'identifier': 'picas_example_mt', 'progress': 'cmake'}
[88.662599] (picas_example_mt) Command: {'cmd': ['/usr/bin/cmake', '/home/yfu/projects/ros2-picas/ros2-picas-example/picas_example_mt', '-DPICAS=TRUE', '-DCMAKE_INSTALL_PREFIX=/home/yfu/projects/ros2-picas/install/picas_example_mt'], 'cwd': '/home/yfu/projects/ros2-picas/build/picas_example_mt', 'env': OrderedDict([('LESSOPEN', '| /usr/bin/lesspipe %s'), ('CONDA_PROMPT_MODIFIER', '(base)'), ('USER', 'yfu'), ('SSH_CLIENT', '172.19.37.143 6742 22'), ('XDG_SESSION_TYPE', 'tty'), ('SHLVL', '1'), ('LD_LIBRARY_PATH', '/home/yfu/projects/ros2-picas/install/trace_picas/lib:/home/yfu/projects/ros2-picas/install/rclcpp/lib:/home/yfu/projects/ros2-picas/install/test_msgs/lib:/opt/ros/galactic/opt/yaml_cpp_vendor/lib:/opt/ros/galactic/lib/aarch64-linux-gnu:/opt/ros/galactic/lib'), ('MOTD_SHOWN', 'pam'), ('HOME', '/home/yfu'), ('CONDA_SHLVL', '1'), ('OLDPWD', '/home/yfu/projects'), ('SSH_TTY', '/dev/pts/3'), ('JETSON_L4T', '35.4.1'), ('ROS_PYTHON_VERSION', '3'), ('JETSON_MODEL', 'NVIDIA Orin Nano Developer Kit'), ('DBUS_SESSION_BUS_ADDRESS', 'unix:path=/run/user/1001/bus'), ('ROS_DISTRO', 'galactic'), ('LOGNAME', 'yfu'), ('JETSON_MODULE', 'NVIDIA Jetson Orin Nano (Developer kit)'), ('JETSON_SERIAL_NUMBER', '1421523024361'), ('_', '/usr/bin/colcon'), ('ROS_VERSION', '2'), ('JETSON_CODENAME', 'P3768'), ('XDG_SESSION_CLASS', 'user'), ('TERM', 'xterm'), ('XDG_SESSION_ID', '278'), ('ROS_LOCALHOST_ONLY', '0'), ('PATH', '/usr/bin:/home/yfu/.local/bin:/opt/ros/galactic/bin:/home/yfu/Miniconda/ENTER/bin:/home/yfu/Miniconda/ENTER/condabin:$/home/yfu/Miniconda/ENTER/bin:/usr/local/sbin:/usr/local/bin:/usr/sbin:/usr/bin:/sbin:/bin:/usr/games:/usr/local/games:/snap/bin'), ('XDG_RUNTIME_DIR', '/run/user/1001'), ('DISPLAY', 'localhost:10.0'), ('LANG', 'en_US.UTF-8'), ('LS_COLORS', 'rs=0:di=01;34:ln=01;36:mh=00:pi=40;33:so=01;35:do=01;35:bd=40;33;01:cd=40;33;01:or=40;31;01:mi=00:su=37;41:sg=30;43:ca=30;41:tw=30;42:ow=34;42:st=37;44:ex=01;32:*.tar=01;31:*.tgz=01;31:*.arc=01;31:*.arj=01;31:*.taz=01;31:*.lha=01;31:*.lz4=01;31:*.lzh=01;31:*.lzma=01;31:*.tlz=01;31:*.txz=01;31:*.tzo=01;31:*.t7z=01;31:*.zip=01;31:*.z=01;31:*.dz=01;31:*.gz=01;31:*.lrz=01;31:*.lz=01;31:*.lzo=01;31:*.xz=01;31:*.zst=01;31:*.tzst=01;31:*.bz2=01;31:*.bz=01;31:*.tbz=01;31:*.tbz2=01;31:*.tz=01;31:*.deb=01;31:*.rpm=01;31:*.jar=01;31:*.war=01;31:*.ear=01;31:*.sar=01;31:*.rar=01;31:*.alz=01;31:*.ace=01;31:*.zoo=01;31:*.cpio=01;31:*.7z=01;31:*.rz=01;31:*.cab=01;31:*.wim=01;31:*.swm=01;31:*.dwm=01;31:*.esd=01;31:*.jpg=01;35:*.jpeg=01;35:*.mjpg=01;35:*.mjpeg=01;35:*.gif=01;35:*.bmp=01;35:*.pbm=01;35:*.pgm=01;35:*.ppm=01;35:*.tga=01;35:*.xbm=01;35:*.xpm=01;35:*.tif=01;35:*.tiff=01;35:*.png=01;35:*.svg=01;35:*.svgz=01;35:*.mng=01;35:*.pcx=01;35:*.mov=01;35:*.mpg=01;35:*.mpeg=01;35:*.m2v=01;35:*.mkv=01;35:*.webm=01;35:*.ogm=01;35:*.mp4=01;35:*.m4v=01;35:*.mp4v=01;35:*.vob=01;35:*.qt=01;35:*.nuv=01;35:*.wmv=01;35:*.asf=01;35:*.rm=01;35:*.rmvb=01;35:*.flc=01;35:*.avi=01;35:*.fli=01;35:*.flv=01;35:*.gl=01;35:*.dl=01;35:*.xcf=01;35:*.xwd=01;35:*.yuv=01;35:*.cgm=01;35:*.emf=01;35:*.ogv=01;35:*.ogx=01;35:*.aac=00;36:*.au=00;36:*.flac=00;36:*.m4a=00;36:*.mid=00;36:*.midi=00;36:*.mka=00;36:*.mp3=00;36:*.mpc=00;36:*.ogg=00;36:*.ra=00;36:*.wav=00;36:*.oga=00;36:*.opus=00;36:*.spx=00;36:*.xspf=00;36:'), ('JETSON_SOC', 'tegra23x'), ('AMENT_PREFIX_PATH', '/home/yfu/projects/ros2-picas/install/trace_picas:/home/yfu/projects/ros2-picas/install/rclcpp:/home/yfu/projects/ros2-picas/install/test_msgs:/opt/ros/galactic'), ('CONDA_PYTHON_EXE', '/home/yfu/Miniconda/ENTER/bin/python'), ('SHELL', '/bin/bash'), ('LESSCLOSE', '/usr/bin/lesspipe %s %s'), ('CONDA_DEFAULT_ENV', 'base'), ('JETSON_CUDA_ARCH_BIN', '8.7'), ('PWD', '/home/yfu/projects/ros2-picas/build/picas_example_mt'), ('CONDA_EXE', '/home/yfu/Miniconda/ENTER/bin/conda'), ('SSH_CONNECTION', '172.19.37.143 6742 192.168.0.226 22'), ('XDG_DATA_DIRS', '/usr/local/share:/usr/share:/var/lib/snapd/desktop'), ('PYTHONPATH', '/home/yfu/projects/ros2-picas/install/test_msgs/lib/python3.8/site-packages:/opt/ros/galactic/lib/python3.8/site-packages'), ('CONDA_PREFIX', '/home/yfu/Miniconda/ENTER'), ('COLCON', '1'), ('JETSON_JETPACK', '5.1.2'), ('JETSON_P_NUMBER', 'p3767-0005'), ('CMAKE_PREFIX_PATH', '/home/yfu/projects/ros2-picas/install/trace_picas:/home/yfu/projects/ros2-picas/install/rclcpp:/home/yfu/projects/ros2-picas/install/test_msgs:/opt/ros/galactic')]), 'shell': False}
[88.748065] (-) TimerEvent: {}
[88.849757] (-) TimerEvent: {}
[88.873864] (picas_example_mt) StdoutLine: {'line': b'-- The C compiler identification is GNU 9.4.0\n'}
[88.874799] (picas_example) StdoutLine: {'line': b'-- The C compiler identification is GNU 9.4.0\n'}
[88.950022] (-) TimerEvent: {}
[89.130031] (picas_example) StdoutLine: {'line': b'-- The CXX compiler identification is GNU 9.4.0\n'}
[89.130772] (-) TimerEvent: {}
[89.131191] (picas_example_mt) StdoutLine: {'line': b'-- The CXX compiler identification is GNU 9.4.0\n'}
[89.139705] (picas_example_mt) StdoutLine: {'line': b'-- Check for working C compiler: /usr/bin/cc\n'}
[89.140198] (picas_example) StdoutLine: {'line': b'-- Check for working C compiler: /usr/bin/cc\n'}
[89.231087] (-) TimerEvent: {}
[89.332169] (-) TimerEvent: {}
[89.378392] (picas_example_mt) StdoutLine: {'line': b'-- Check for working C compiler: /usr/bin/cc -- works\n'}
[89.379210] (picas_example) StdoutLine: {'line': b'-- Check for working C compiler: /usr/bin/cc -- works\n'}
[89.379914] (picas_example_mt) StdoutLine: {'line': b'-- Detecting C compiler ABI info\n'}
[89.382208] (picas_example) StdoutLine: {'line': b'-- Detecting C compiler ABI info\n'}
[89.432410] (-) TimerEvent: {}
[89.533557] (-) TimerEvent: {}
[89.621928] (picas_example) StdoutLine: {'line': b'-- Detecting C compiler ABI info - done\n'}
[89.622845] (picas_example_mt) StdoutLine: {'line': b'-- Detecting C compiler ABI info - done\n'}
[89.633637] (-) TimerEvent: {}
[89.647490] (picas_example_mt) StdoutLine: {'line': b'-- Detecting C compile features\n'}
[89.648746] (picas_example_mt) StdoutLine: {'line': b'-- Detecting C compile features - done\n'}
[89.656148] (picas_example_mt) StdoutLine: {'line': b'-- Check for working CXX compiler: /usr/bin/c++\n'}
[89.657155] (picas_example) StdoutLine: {'line': b'-- Detecting C compile features\n'}
[89.658042] (picas_example) StdoutLine: {'line': b'-- Detecting C compile features - done\n'}
[89.664246] (picas_example) StdoutLine: {'line': b'-- Check for working CXX compiler: /usr/bin/c++\n'}
[89.733952] (-) TimerEvent: {}
[89.835076] (-) TimerEvent: {}
[89.916551] (picas_example) StdoutLine: {'line': b'-- Check for working CXX compiler: /usr/bin/c++ -- works\n'}
[89.917626] (picas_example_mt) StdoutLine: {'line': b'-- Check for working CXX compiler: /usr/bin/c++ -- works\n'}
[89.920595] (picas_example) StdoutLine: {'line': b'-- Detecting CXX compiler ABI info\n'}
[89.921466] (picas_example_mt) StdoutLine: {'line': b'-- Detecting CXX compiler ABI info\n'}
[89.935376] (-) TimerEvent: {}
[90.037167] (-) TimerEvent: {}
[90.138240] (-) TimerEvent: {}
[90.195179] (picas_example) StdoutLine: {'line': b'-- Detecting CXX compiler ABI info - done\n'}
[90.195991] (picas_example_mt) StdoutLine: {'line': b'-- Detecting CXX compiler ABI info - done\n'}
[90.226127] (picas_example) StdoutLine: {'line': b'-- Detecting CXX compile features\n'}
[90.227224] (picas_example_mt) StdoutLine: {'line': b'-- Detecting CXX compile features\n'}
[90.227520] (picas_example) StdoutLine: {'line': b'-- Detecting CXX compile features - done\n'}
[90.227705] (picas_example_mt) StdoutLine: {'line': b'-- Detecting CXX compile features - done\n'}
[90.232913] (picas_example_mt) StdoutLine: {'line': b'-- Found ament_cmake: 1.1.6 (/opt/ros/galactic/share/ament_cmake/cmake)\n'}
[90.233457] (picas_example) StdoutLine: {'line': b'-- Found ament_cmake: 1.1.6 (/opt/ros/galactic/share/ament_cmake/cmake)\n'}
[90.238279] (-) TimerEvent: {}
[90.288709] (picas_example_mt) StdoutLine: {'line': b'-- Found PythonInterp: /usr/bin/python3 (found suitable version "3.8.10", minimum required is "3") \n'}
[90.289537] (picas_example) StdoutLine: {'line': b'-- Found PythonInterp: /usr/bin/python3 (found suitable version "3.8.10", minimum required is "3") \n'}
[90.289760] (picas_example) StdoutLine: {'line': b'-- Using PYTHON_EXECUTABLE: /usr/bin/python3\n'}
[90.289918] (picas_example_mt) StdoutLine: {'line': b'-- Using PYTHON_EXECUTABLE: /usr/bin/python3\n'}
[90.338602] (-) TimerEvent: {}
[90.439762] (-) TimerEvent: {}
[90.487188] (picas_example_mt) StdoutLine: {'line': b'-- Found rclcpp: 9.2.0 (/home/yfu/projects/ros2-picas/install/rclcpp/share/rclcpp/cmake)\n'}
[90.488738] (picas_example) StdoutLine: {'line': b'-- Found rclcpp: 9.2.0 (/home/yfu/projects/ros2-picas/install/rclcpp/share/rclcpp/cmake)\n'}
[90.540001] (-) TimerEvent: {}
[90.572340] (picas_example) StdoutLine: {'line': b'-- Using single rosidl_typesupport_c: rosidl_typesupport_introspection_c\n'}
[90.573111] (picas_example_mt) StdoutLine: {'line': b'-- Using single rosidl_typesupport_c: rosidl_typesupport_introspection_c\n'}
[90.584427] (picas_example) StdoutLine: {'line': b'-- Found rosidl_adapter: 2.2.3 (/opt/ros/galactic/share/rosidl_adapter/cmake)\n'}
[90.584742] (picas_example_mt) StdoutLine: {'line': b'-- Found rosidl_adapter: 2.2.3 (/opt/ros/galactic/share/rosidl_adapter/cmake)\n'}
[90.622113] (picas_example_mt) StdoutLine: {'line': b'-- Using single rosidl_typesupport_cpp: rosidl_typesupport_introspection_cpp\n'}
[90.622550] (picas_example) StdoutLine: {'line': b'-- Using single rosidl_typesupport_cpp: rosidl_typesupport_introspection_cpp\n'}
[90.640054] (-) TimerEvent: {}
[90.740762] (-) TimerEvent: {}
[90.742784] (picas_example) StdoutLine: {'line': b'-- Found rmw_implementation_cmake: 3.3.1 (/opt/ros/galactic/share/rmw_implementation_cmake/cmake)\n'}
[90.743317] (picas_example_mt) StdoutLine: {'line': b'-- Found rmw_implementation_cmake: 3.3.1 (/opt/ros/galactic/share/rmw_implementation_cmake/cmake)\n'}
[90.748075] (picas_example_mt) StdoutLine: {'line': b'-- Found rmw_cyclonedds_cpp: 0.22.6 (/opt/ros/galactic/share/rmw_cyclonedds_cpp/cmake)\n'}
[90.748337] (picas_example) StdoutLine: {'line': b'-- Found rmw_cyclonedds_cpp: 0.22.6 (/opt/ros/galactic/share/rmw_cyclonedds_cpp/cmake)\n'}
[90.784753] (picas_example) StdoutLine: {'line': b"-- Using RMW implementation 'rmw_cyclonedds_cpp' as default\n"}
[90.785204] (picas_example_mt) StdoutLine: {'line': b"-- Using RMW implementation 'rmw_cyclonedds_cpp' as default\n"}
[90.786693] (picas_example_mt) StdoutLine: {'line': b'-- Looking for pthread.h\n'}
[90.786863] (picas_example) StdoutLine: {'line': b'-- Looking for pthread.h\n'}
[90.841045] (-) TimerEvent: {}
[90.942185] (-) TimerEvent: {}
[91.030006] (picas_example_mt) StdoutLine: {'line': b'-- Looking for pthread.h - found\n'}
[91.030727] (picas_example) StdoutLine: {'line': b'-- Looking for pthread.h - found\n'}
[91.030932] (picas_example_mt) StdoutLine: {'line': b'-- Performing Test CMAKE_HAVE_LIBC_PTHREAD\n'}
[91.031079] (picas_example) StdoutLine: {'line': b'-- Performing Test CMAKE_HAVE_LIBC_PTHREAD\n'}
[91.042363] (-) TimerEvent: {}
[91.143305] (-) TimerEvent: {}
[91.244376] (-) TimerEvent: {}
[91.345549] (-) TimerEvent: {}
[91.412861] (picas_example_mt) StdoutLine: {'line': b'-- Performing Test CMAKE_HAVE_LIBC_PTHREAD - Failed\n'}
[91.413905] (picas_example) StdoutLine: {'line': b'-- Performing Test CMAKE_HAVE_LIBC_PTHREAD - Failed\n'}
[91.414290] (picas_example) StdoutLine: {'line': b'-- Looking for pthread_create in pthreads\n'}
[91.414559] (picas_example_mt) StdoutLine: {'line': b'-- Looking for pthread_create in pthreads\n'}
[91.445799] (-) TimerEvent: {}
[91.546893] (-) TimerEvent: {}
[91.648081] (-) TimerEvent: {}
[91.748996] (-) TimerEvent: {}
[91.768738] (picas_example_mt) StdoutLine: {'line': b'-- Looking for pthread_create in pthreads - not found\n'}
[91.769656] (picas_example) StdoutLine: {'line': b'-- Looking for pthread_create in pthreads - not found\n'}
[91.770000] (picas_example_mt) StdoutLine: {'line': b'-- Looking for pthread_create in pthread\n'}
[91.770265] (picas_example) StdoutLine: {'line': b'-- Looking for pthread_create in pthread\n'}
[91.849344] (-) TimerEvent: {}
[91.950457] (-) TimerEvent: {}
[92.011638] (picas_example_mt) StdoutLine: {'line': b'-- Looking for pthread_create in pthread - found\n'}
[92.012699] (picas_example) StdoutLine: {'line': b'-- Looking for pthread_create in pthread - found\n'}
[92.014478] (picas_example_mt) StdoutLine: {'line': b'-- Found Threads: TRUE  \n'}
[92.015935] (picas_example) StdoutLine: {'line': b'-- Found Threads: TRUE  \n'}
[92.050719] (-) TimerEvent: {}
[92.151789] (-) TimerEvent: {}
[92.252771] (-) TimerEvent: {}
[92.293899] (picas_example_mt) StdoutLine: {'line': b'-- Found test_msgs: 1.0.0 (/home/yfu/projects/ros2-picas/install/test_msgs/share/test_msgs/cmake)\n'}
[92.301854] (picas_example) StdoutLine: {'line': b'-- Found test_msgs: 1.0.0 (/home/yfu/projects/ros2-picas/install/test_msgs/share/test_msgs/cmake)\n'}
[92.325286] (picas_example_mt) StdoutLine: {'line': b'-- Found trace_picas: 0.0.0 (/home/yfu/projects/ros2-picas/install/trace_picas/share/trace_picas/cmake)\n'}
[92.332376] (picas_example) StdoutLine: {'line': b'-- Found trace_picas: 0.0.0 (/home/yfu/projects/ros2-picas/install/trace_picas/share/trace_picas/cmake)\n'}
[92.344732] (picas_example_mt) StdoutLine: {'line': b'-- Found ament_lint_auto: 0.10.7 (/opt/ros/galactic/share/ament_lint_auto/cmake)\n'}
[92.352907] (-) TimerEvent: {}
[92.353627] (picas_example) StdoutLine: {'line': b'-- Found ament_lint_auto: 0.10.7 (/opt/ros/galactic/share/ament_lint_auto/cmake)\n'}
[92.453176] (-) TimerEvent: {}
[92.513794] (picas_example_mt) StdoutLine: {'line': b"-- Added test 'copyright' to check source files copyright and LICENSE\n"}
[92.515519] (picas_example_mt) StdoutLine: {'line': b"-- Added test 'cppcheck' to perform static code analysis on C / C++ code\n"}
[92.515838] (picas_example_mt) StdoutLine: {'line': b'-- Configured cppcheck include dirs: \n'}
[92.516000] (picas_example_mt) StdoutLine: {'line': b'-- Configured cppcheck exclude dirs and/or files: \n'}
[92.517418] (picas_example) StdoutLine: {'line': b"-- Added test 'copyright' to check source files copyright and LICENSE\n"}
[92.517663] (picas_example_mt) StdoutLine: {'line': b"-- Added test 'cpplint' to check C / C++ code against the Google style\n"}
[92.517806] (picas_example_mt) StdoutLine: {'line': b'-- Configured cpplint exclude dirs and/or files: \n'}
[92.518679] (picas_example_mt) StdoutLine: {'line': b"-- Added test 'lint_cmake' to check CMake code style\n"}
[92.519324] (picas_example) StdoutLine: {'line': b"-- Added test 'cppcheck' to perform static code analysis on C / C++ code\n"}
[92.519742] (picas_example) StdoutLine: {'line': b'-- Configured cppcheck include dirs: \n'}
[92.519879] (picas_example) StdoutLine: {'line': b'-- Configured cppcheck exclude dirs and/or files: \n'}
[92.520172] (picas_example_mt) StdoutLine: {'line': b"-- Added test 'uncrustify' to check C / C++ code style\n"}
[92.520333] (picas_example_mt) StdoutLine: {'line': b'-- Configured uncrustify additional arguments: \n'}
[92.521288] (picas_example) StdoutLine: {'line': b"-- Added test 'cpplint' to check C / C++ code against the Google style\n"}
[92.521440] (picas_example) StdoutLine: {'line': b'-- Configured cpplint exclude dirs and/or files: \n'}
[92.521566] (picas_example_mt) StdoutLine: {'line': b"-- Added test 'xmllint' to check XML markup files\n"}
[92.522518] (picas_example) StdoutLine: {'line': b"-- Added test 'lint_cmake' to check CMake code style\n"}
[92.524077] (picas_example) StdoutLine: {'line': b"-- Added test 'uncrustify' to check C / C++ code style\n"}
[92.524235] (picas_example) StdoutLine: {'line': b'-- Configured uncrustify additional arguments: \n'}
[92.525028] (picas_example) StdoutLine: {'line': b"-- Added test 'xmllint' to check XML markup files\n"}
[92.530340] (picas_example_mt) StdoutLine: {'line': b'-- Configuring done\n'}
[92.532663] (picas_example) StdoutLine: {'line': b'-- Configuring done\n'}
[92.553332] (-) TimerEvent: {}
[92.560897] (picas_example_mt) StdoutLine: {'line': b'-- Generating done\n'}
[92.571943] (picas_example_mt) StdoutLine: {'line': b'-- Build files have been written to: /home/yfu/projects/ros2-picas/build/picas_example_mt\n'}
[92.578726] (picas_example) StdoutLine: {'line': b'-- Generating done\n'}
[92.591842] (picas_example) StdoutLine: {'line': b'-- Build files have been written to: /home/yfu/projects/ros2-picas/build/picas_example\n'}
[92.597949] (picas_example_mt) CommandEnded: {'returncode': 0}
[92.599561] (picas_example_mt) JobProgress: {'identifier': 'picas_example_mt', 'progress': 'build'}
[92.600226] (picas_example_mt) Command: {'cmd': ['/usr/bin/cmake', '--build', '/home/yfu/projects/ros2-picas/build/picas_example_mt', '--', '-j6', '-l6'], 'cwd': '/home/yfu/projects/ros2-picas/build/picas_example_mt', 'env': OrderedDict([('LESSOPEN', '| /usr/bin/lesspipe %s'), ('CONDA_PROMPT_MODIFIER', '(base)'), ('USER', 'yfu'), ('SSH_CLIENT', '172.19.37.143 6742 22'), ('XDG_SESSION_TYPE', 'tty'), ('SHLVL', '1'), ('LD_LIBRARY_PATH', '/home/yfu/projects/ros2-picas/install/trace_picas/lib:/home/yfu/projects/ros2-picas/install/rclcpp/lib:/home/yfu/projects/ros2-picas/install/test_msgs/lib:/opt/ros/galactic/opt/yaml_cpp_vendor/lib:/opt/ros/galactic/lib/aarch64-linux-gnu:/opt/ros/galactic/lib'), ('MOTD_SHOWN', 'pam'), ('HOME', '/home/yfu'), ('CONDA_SHLVL', '1'), ('OLDPWD', '/home/yfu/projects'), ('SSH_TTY', '/dev/pts/3'), ('JETSON_L4T', '35.4.1'), ('ROS_PYTHON_VERSION', '3'), ('JETSON_MODEL', 'NVIDIA Orin Nano Developer Kit'), ('DBUS_SESSION_BUS_ADDRESS', 'unix:path=/run/user/1001/bus'), ('ROS_DISTRO', 'galactic'), ('LOGNAME', 'yfu'), ('JETSON_MODULE', 'NVIDIA Jetson Orin Nano (Developer kit)'), ('JETSON_SERIAL_NUMBER', '1421523024361'), ('_', '/usr/bin/colcon'), ('ROS_VERSION', '2'), ('JETSON_CODENAME', 'P3768'), ('XDG_SESSION_CLASS', 'user'), ('TERM', 'xterm'), ('XDG_SESSION_ID', '278'), ('ROS_LOCALHOST_ONLY', '0'), ('PATH', '/usr/bin:/home/yfu/.local/bin:/opt/ros/galactic/bin:/home/yfu/Miniconda/ENTER/bin:/home/yfu/Miniconda/ENTER/condabin:$/home/yfu/Miniconda/ENTER/bin:/usr/local/sbin:/usr/local/bin:/usr/sbin:/usr/bin:/sbin:/bin:/usr/games:/usr/local/games:/snap/bin'), ('XDG_RUNTIME_DIR', '/run/user/1001'), ('DISPLAY', 'localhost:10.0'), ('LANG', 'en_US.UTF-8'), ('LS_COLORS', 'rs=0:di=01;34:ln=01;36:mh=00:pi=40;33:so=01;35:do=01;35:bd=40;33;01:cd=40;33;01:or=40;31;01:mi=00:su=37;41:sg=30;43:ca=30;41:tw=30;42:ow=34;42:st=37;44:ex=01;32:*.tar=01;31:*.tgz=01;31:*.arc=01;31:*.arj=01;31:*.taz=01;31:*.lha=01;31:*.lz4=01;31:*.lzh=01;31:*.lzma=01;31:*.tlz=01;31:*.txz=01;31:*.tzo=01;31:*.t7z=01;31:*.zip=01;31:*.z=01;31:*.dz=01;31:*.gz=01;31:*.lrz=01;31:*.lz=01;31:*.lzo=01;31:*.xz=01;31:*.zst=01;31:*.tzst=01;31:*.bz2=01;31:*.bz=01;31:*.tbz=01;31:*.tbz2=01;31:*.tz=01;31:*.deb=01;31:*.rpm=01;31:*.jar=01;31:*.war=01;31:*.ear=01;31:*.sar=01;31:*.rar=01;31:*.alz=01;31:*.ace=01;31:*.zoo=01;31:*.cpio=01;31:*.7z=01;31:*.rz=01;31:*.cab=01;31:*.wim=01;31:*.swm=01;31:*.dwm=01;31:*.esd=01;31:*.jpg=01;35:*.jpeg=01;35:*.mjpg=01;35:*.mjpeg=01;35:*.gif=01;35:*.bmp=01;35:*.pbm=01;35:*.pgm=01;35:*.ppm=01;35:*.tga=01;35:*.xbm=01;35:*.xpm=01;35:*.tif=01;35:*.tiff=01;35:*.png=01;35:*.svg=01;35:*.svgz=01;35:*.mng=01;35:*.pcx=01;35:*.mov=01;35:*.mpg=01;35:*.mpeg=01;35:*.m2v=01;35:*.mkv=01;35:*.webm=01;35:*.ogm=01;35:*.mp4=01;35:*.m4v=01;35:*.mp4v=01;35:*.vob=01;35:*.qt=01;35:*.nuv=01;35:*.wmv=01;35:*.asf=01;35:*.rm=01;35:*.rmvb=01;35:*.flc=01;35:*.avi=01;35:*.fli=01;35:*.flv=01;35:*.gl=01;35:*.dl=01;35:*.xcf=01;35:*.xwd=01;35:*.yuv=01;35:*.cgm=01;35:*.emf=01;35:*.ogv=01;35:*.ogx=01;35:*.aac=00;36:*.au=00;36:*.flac=00;36:*.m4a=00;36:*.mid=00;36:*.midi=00;36:*.mka=00;36:*.mp3=00;36:*.mpc=00;36:*.ogg=00;36:*.ra=00;36:*.wav=00;36:*.oga=00;36:*.opus=00;36:*.spx=00;36:*.xspf=00;36:'), ('JETSON_SOC', 'tegra23x'), ('AMENT_PREFIX_PATH', '/home/yfu/projects/ros2-picas/install/trace_picas:/home/yfu/projects/ros2-picas/install/rclcpp:/home/yfu/projects/ros2-picas/install/test_msgs:/opt/ros/galactic'), ('CONDA_PYTHON_EXE', '/home/yfu/Miniconda/ENTER/bin/python'), ('SHELL', '/bin/bash'), ('LESSCLOSE', '/usr/bin/lesspipe %s %s'), ('CONDA_DEFAULT_ENV', 'base'), ('JETSON_CUDA_ARCH_BIN', '8.7'), ('PWD', '/home/yfu/projects/ros2-picas/build/picas_example_mt'), ('CONDA_EXE', '/home/yfu/Miniconda/ENTER/bin/conda'), ('SSH_CONNECTION', '172.19.37.143 6742 192.168.0.226 22'), ('XDG_DATA_DIRS', '/usr/local/share:/usr/share:/var/lib/snapd/desktop'), ('PYTHONPATH', '/home/yfu/projects/ros2-picas/install/test_msgs/lib/python3.8/site-packages:/opt/ros/galactic/lib/python3.8/site-packages'), ('CONDA_PREFIX', '/home/yfu/Miniconda/ENTER'), ('COLCON', '1'), ('JETSON_JETPACK', '5.1.2'), ('JETSON_P_NUMBER', 'p3767-0005'), ('CMAKE_PREFIX_PATH', '/home/yfu/projects/ros2-picas/install/trace_picas:/home/yfu/projects/ros2-picas/install/rclcpp:/home/yfu/projects/ros2-picas/install/test_msgs:/opt/ros/galactic')]), 'shell': False}
[92.614255] (picas_example) CommandEnded: {'returncode': 0}
[92.615982] (picas_example) JobProgress: {'identifier': 'picas_example', 'progress': 'build'}
[92.616579] (picas_example) Command: {'cmd': ['/usr/bin/cmake', '--build', '/home/yfu/projects/ros2-picas/build/picas_example', '--', '-j6', '-l6'], 'cwd': '/home/yfu/projects/ros2-picas/build/picas_example', 'env': OrderedDict([('LESSOPEN', '| /usr/bin/lesspipe %s'), ('CONDA_PROMPT_MODIFIER', '(base)'), ('USER', 'yfu'), ('SSH_CLIENT', '172.19.37.143 6742 22'), ('XDG_SESSION_TYPE', 'tty'), ('SHLVL', '1'), ('LD_LIBRARY_PATH', '/home/yfu/projects/ros2-picas/install/trace_picas/lib:/home/yfu/projects/ros2-picas/install/rclcpp/lib:/home/yfu/projects/ros2-picas/install/test_msgs/lib:/opt/ros/galactic/opt/yaml_cpp_vendor/lib:/opt/ros/galactic/lib/aarch64-linux-gnu:/opt/ros/galactic/lib'), ('MOTD_SHOWN', 'pam'), ('HOME', '/home/yfu'), ('CONDA_SHLVL', '1'), ('OLDPWD', '/home/yfu/projects'), ('SSH_TTY', '/dev/pts/3'), ('JETSON_L4T', '35.4.1'), ('ROS_PYTHON_VERSION', '3'), ('JETSON_MODEL', 'NVIDIA Orin Nano Developer Kit'), ('DBUS_SESSION_BUS_ADDRESS', 'unix:path=/run/user/1001/bus'), ('ROS_DISTRO', 'galactic'), ('LOGNAME', 'yfu'), ('JETSON_MODULE', 'NVIDIA Jetson Orin Nano (Developer kit)'), ('JETSON_SERIAL_NUMBER', '1421523024361'), ('_', '/usr/bin/colcon'), ('ROS_VERSION', '2'), ('JETSON_CODENAME', 'P3768'), ('XDG_SESSION_CLASS', 'user'), ('TERM', 'xterm'), ('XDG_SESSION_ID', '278'), ('ROS_LOCALHOST_ONLY', '0'), ('PATH', '/usr/bin:/home/yfu/.local/bin:/opt/ros/galactic/bin:/home/yfu/Miniconda/ENTER/bin:/home/yfu/Miniconda/ENTER/condabin:$/home/yfu/Miniconda/ENTER/bin:/usr/local/sbin:/usr/local/bin:/usr/sbin:/usr/bin:/sbin:/bin:/usr/games:/usr/local/games:/snap/bin'), ('XDG_RUNTIME_DIR', '/run/user/1001'), ('DISPLAY', 'localhost:10.0'), ('LANG', 'en_US.UTF-8'), ('LS_COLORS', 'rs=0:di=01;34:ln=01;36:mh=00:pi=40;33:so=01;35:do=01;35:bd=40;33;01:cd=40;33;01:or=40;31;01:mi=00:su=37;41:sg=30;43:ca=30;41:tw=30;42:ow=34;42:st=37;44:ex=01;32:*.tar=01;31:*.tgz=01;31:*.arc=01;31:*.arj=01;31:*.taz=01;31:*.lha=01;31:*.lz4=01;31:*.lzh=01;31:*.lzma=01;31:*.tlz=01;31:*.txz=01;31:*.tzo=01;31:*.t7z=01;31:*.zip=01;31:*.z=01;31:*.dz=01;31:*.gz=01;31:*.lrz=01;31:*.lz=01;31:*.lzo=01;31:*.xz=01;31:*.zst=01;31:*.tzst=01;31:*.bz2=01;31:*.bz=01;31:*.tbz=01;31:*.tbz2=01;31:*.tz=01;31:*.deb=01;31:*.rpm=01;31:*.jar=01;31:*.war=01;31:*.ear=01;31:*.sar=01;31:*.rar=01;31:*.alz=01;31:*.ace=01;31:*.zoo=01;31:*.cpio=01;31:*.7z=01;31:*.rz=01;31:*.cab=01;31:*.wim=01;31:*.swm=01;31:*.dwm=01;31:*.esd=01;31:*.jpg=01;35:*.jpeg=01;35:*.mjpg=01;35:*.mjpeg=01;35:*.gif=01;35:*.bmp=01;35:*.pbm=01;35:*.pgm=01;35:*.ppm=01;35:*.tga=01;35:*.xbm=01;35:*.xpm=01;35:*.tif=01;35:*.tiff=01;35:*.png=01;35:*.svg=01;35:*.svgz=01;35:*.mng=01;35:*.pcx=01;35:*.mov=01;35:*.mpg=01;35:*.mpeg=01;35:*.m2v=01;35:*.mkv=01;35:*.webm=01;35:*.ogm=01;35:*.mp4=01;35:*.m4v=01;35:*.mp4v=01;35:*.vob=01;35:*.qt=01;35:*.nuv=01;35:*.wmv=01;35:*.asf=01;35:*.rm=01;35:*.rmvb=01;35:*.flc=01;35:*.avi=01;35:*.fli=01;35:*.flv=01;35:*.gl=01;35:*.dl=01;35:*.xcf=01;35:*.xwd=01;35:*.yuv=01;35:*.cgm=01;35:*.emf=01;35:*.ogv=01;35:*.ogx=01;35:*.aac=00;36:*.au=00;36:*.flac=00;36:*.m4a=00;36:*.mid=00;36:*.midi=00;36:*.mka=00;36:*.mp3=00;36:*.mpc=00;36:*.ogg=00;36:*.ra=00;36:*.wav=00;36:*.oga=00;36:*.opus=00;36:*.spx=00;36:*.xspf=00;36:'), ('JETSON_SOC', 'tegra23x'), ('AMENT_PREFIX_PATH', '/home/yfu/projects/ros2-picas/install/trace_picas:/home/yfu/projects/ros2-picas/install/rclcpp:/home/yfu/projects/ros2-picas/install/test_msgs:/opt/ros/galactic'), ('CONDA_PYTHON_EXE', '/home/yfu/Miniconda/ENTER/bin/python'), ('SHELL', '/bin/bash'), ('LESSCLOSE', '/usr/bin/lesspipe %s %s'), ('CONDA_DEFAULT_ENV', 'base'), ('JETSON_CUDA_ARCH_BIN', '8.7'), ('PWD', '/home/yfu/projects/ros2-picas/build/picas_example'), ('CONDA_EXE', '/home/yfu/Miniconda/ENTER/bin/conda'), ('SSH_CONNECTION', '172.19.37.143 6742 192.168.0.226 22'), ('XDG_DATA_DIRS', '/usr/local/share:/usr/share:/var/lib/snapd/desktop'), ('PYTHONPATH', '/home/yfu/projects/ros2-picas/install/test_msgs/lib/python3.8/site-packages:/opt/ros/galactic/lib/python3.8/site-packages'), ('CONDA_PREFIX', '/home/yfu/Miniconda/ENTER'), ('COLCON', '1'), ('JETSON_JETPACK', '5.1.2'), ('JETSON_P_NUMBER', 'p3767-0005'), ('CMAKE_PREFIX_PATH', '/home/yfu/projects/ros2-picas/install/trace_picas:/home/yfu/projects/ros2-picas/install/rclcpp:/home/yfu/projects/ros2-picas/install/test_msgs:/opt/ros/galactic')]), 'shell': False}
[92.653699] (-) TimerEvent: {}
[92.716249] (picas_example_mt) StdoutLine: {'line': b'\x1b[35m\x1b[1mScanning dependencies of target example_mt\x1b[0m\n'}
[92.725979] (picas_example) StdoutLine: {'line': b'\x1b[35m\x1b[1mScanning dependencies of target case_study\x1b[0m\n'}
[92.726651] (picas_example) StdoutLine: {'line': b'\x1b[35m\x1b[1mScanning dependencies of target example\x1b[0m\n'}
[92.753907] (-) TimerEvent: {}
[92.819183] (picas_example) StdoutLine: {'line': b'[ 50%] \x1b[32mBuilding CXX object CMakeFiles/case_study.dir/src/case_study.cpp.o\x1b[0m\n'}
[92.820008] (picas_example) StdoutLine: {'line': b'[ 50%] \x1b[32mBuilding CXX object CMakeFiles/example.dir/src/example.cpp.o\x1b[0m\n'}
[92.841327] (picas_example_mt) StdoutLine: {'line': b'[ 50%] \x1b[32mBuilding CXX object CMakeFiles/example_mt.dir/src/example_mt.cpp.o\x1b[0m\n'}
[92.854189] (-) TimerEvent: {}
[92.955324] (-) TimerEvent: {}
[93.056475] (-) TimerEvent: {}
[93.157654] (-) TimerEvent: {}
[93.258793] (-) TimerEvent: {}
[93.360070] (-) TimerEvent: {}
[93.461309] (-) TimerEvent: {}
[93.562557] (-) TimerEvent: {}
[93.664805] (-) TimerEvent: {}
[93.766668] (-) TimerEvent: {}
[93.867878] (-) TimerEvent: {}
[93.969143] (-) TimerEvent: {}
[94.070455] (-) TimerEvent: {}
[94.217491] (-) TimerEvent: {}
[94.318669] (-) TimerEvent: {}
[94.419873] (-) TimerEvent: {}
[94.521126] (-) TimerEvent: {}
[94.622322] (-) TimerEvent: {}
[94.723550] (-) TimerEvent: {}
[94.824672] (-) TimerEvent: {}
[94.925698] (-) TimerEvent: {}
[95.026667] (-) TimerEvent: {}
[95.127764] (-) TimerEvent: {}
[95.228769] (-) TimerEvent: {}
[95.329454] (-) TimerEvent: {}
[95.429983] (-) TimerEvent: {}
[95.530642] (-) TimerEvent: {}
[95.631874] (-) TimerEvent: {}
[95.733121] (-) TimerEvent: {}
[95.834205] (-) TimerEvent: {}
[95.935081] (-) TimerEvent: {}
[96.036100] (-) TimerEvent: {}
[96.137262] (-) TimerEvent: {}
[96.238377] (-) TimerEvent: {}
[96.339368] (-) TimerEvent: {}
[96.440414] (-) TimerEvent: {}
[96.541540] (-) TimerEvent: {}
[96.642542] (-) TimerEvent: {}
[96.743273] (-) TimerEvent: {}
[96.843814] (-) TimerEvent: {}
[96.944373] (-) TimerEvent: {}
[97.045305] (-) TimerEvent: {}
[97.146558] (-) TimerEvent: {}
[97.247772] (-) TimerEvent: {}
[97.349029] (-) TimerEvent: {}
[97.450165] (-) TimerEvent: {}
[97.551225] (-) TimerEvent: {}
[97.652258] (-) TimerEvent: {}
[97.753269] (-) TimerEvent: {}
[97.854147] (-) TimerEvent: {}
[97.955243] (-) TimerEvent: {}
[98.056342] (-) TimerEvent: {}
[98.157497] (-) TimerEvent: {}
[98.258672] (-) TimerEvent: {}
[98.359751] (-) TimerEvent: {}
[98.460643] (-) TimerEvent: {}
[98.561760] (-) TimerEvent: {}
[98.662826] (-) TimerEvent: {}
[98.763914] (-) TimerEvent: {}
[98.864941] (-) TimerEvent: {}
[98.966062] (picas_example) StderrLine: {'line': b'\x1b[01m\x1b[K/home/yfu/projects/ros2-picas/ros2-picas-example/picas_example/src/example.cpp:\x1b[m\x1b[K In function \xe2\x80\x98\x1b[01m\x1b[Kint main(int, char**)\x1b[m\x1b[K\xe2\x80\x99:\n'}
[98.967028] (-) TimerEvent: {}
[98.967483] (picas_example) StderrLine: {'line': b'\x1b[01m\x1b[K/home/yfu/projects/ros2-picas/ros2-picas-example/picas_example/src/example.cpp:173:13:\x1b[m\x1b[K \x1b[01;31m\x1b[Kerror: \x1b[m\x1b[K\xe2\x80\x98\x1b[01m\x1b[KScheduler\x1b[m\x1b[K\xe2\x80\x99 is not a member of \xe2\x80\x98\x1b[01m\x1b[Krclcpp\x1b[m\x1b[K\xe2\x80\x99\n'}
[98.967733] (picas_example) StderrLine: {'line': b'  173 |     rclcpp::\x1b[01;31m\x1b[KScheduler\x1b[m\x1b[K scheduler;\n'}
[98.967883] (picas_example) StderrLine: {'line': b'      |             \x1b[01;31m\x1b[K^~~~~~~~~\x1b[m\x1b[K\n'}
[99.067396] (-) TimerEvent: {}
[99.235382] (-) TimerEvent: {}
[99.336475] (-) TimerEvent: {}
[99.437680] (-) TimerEvent: {}
[99.538805] (-) TimerEvent: {}
[99.639938] (-) TimerEvent: {}
[99.741105] (-) TimerEvent: {}
[99.842136] (-) TimerEvent: {}
[99.943218] (-) TimerEvent: {}
[100.044346] (-) TimerEvent: {}
[100.145554] (-) TimerEvent: {}
[100.246700] (-) TimerEvent: {}
[100.348469] (-) TimerEvent: {}
[100.449661] (-) TimerEvent: {}
[100.550869] (-) TimerEvent: {}
[100.651986] (-) TimerEvent: {}
[100.752880] (-) TimerEvent: {}
[100.853632] (-) TimerEvent: {}
[100.954134] (-) TimerEvent: {}
[101.054608] (-) TimerEvent: {}
[101.155114] (-) TimerEvent: {}
[101.255866] (-) TimerEvent: {}
[101.357015] (-) TimerEvent: {}
[101.458276] (-) TimerEvent: {}
[101.559326] (-) TimerEvent: {}
[101.660341] (-) TimerEvent: {}
[101.761564] (-) TimerEvent: {}
[101.862857] (-) TimerEvent: {}
[101.964051] (-) TimerEvent: {}
[102.065351] (-) TimerEvent: {}
[102.166552] (-) TimerEvent: {}
[102.267744] (-) TimerEvent: {}
[102.368935] (-) TimerEvent: {}
[102.470127] (-) TimerEvent: {}
[102.571221] (-) TimerEvent: {}
[102.672313] (-) TimerEvent: {}
[102.773463] (-) TimerEvent: {}
[102.874405] (-) TimerEvent: {}
[102.975128] (-) TimerEvent: {}
[103.075794] (-) TimerEvent: {}
[103.176425] (-) TimerEvent: {}
[103.277243] (-) TimerEvent: {}
[103.378333] (-) TimerEvent: {}
[103.479360] (-) TimerEvent: {}
[103.580471] (-) TimerEvent: {}
[103.681585] (-) TimerEvent: {}
[103.782652] (-) TimerEvent: {}
[103.883719] (-) TimerEvent: {}
[103.984719] (-) TimerEvent: {}
[104.085518] (-) TimerEvent: {}
[104.235993] (-) TimerEvent: {}
[104.337208] (-) TimerEvent: {}
[104.438386] (-) TimerEvent: {}
[104.539501] (-) TimerEvent: {}
[104.640560] (-) TimerEvent: {}
[104.741667] (-) TimerEvent: {}
[104.842777] (-) TimerEvent: {}
[104.943927] (-) TimerEvent: {}
[105.045124] (-) TimerEvent: {}
[105.146260] (-) TimerEvent: {}
[105.247304] (-) TimerEvent: {}
[105.348433] (-) TimerEvent: {}
[105.449644] (-) TimerEvent: {}
[105.550754] (-) TimerEvent: {}
[105.651849] (-) TimerEvent: {}
[105.752903] (-) TimerEvent: {}
[105.854027] (-) TimerEvent: {}
[105.955143] (-) TimerEvent: {}
[106.056251] (-) TimerEvent: {}
[106.157332] (-) TimerEvent: {}
[106.258473] (-) TimerEvent: {}
[106.359704] (-) TimerEvent: {}
[106.372519] (picas_example) StderrLine: {'line': b'make[2]: *** [CMakeFiles/example.dir/build.make:63: CMakeFiles/example.dir/src/example.cpp.o] Error 1\n'}
[106.373607] (picas_example) StderrLine: {'line': b'make[1]: *** [CMakeFiles/Makefile2:107: CMakeFiles/example.dir/all] Error 2\n'}
[106.373828] (picas_example) StderrLine: {'line': b'make[1]: *** Waiting for unfinished jobs....\n'}
[106.459937] (-) TimerEvent: {}
[106.561023] (-) TimerEvent: {}
[106.662283] (-) TimerEvent: {}
[106.763472] (-) TimerEvent: {}
[106.864688] (-) TimerEvent: {}
[106.965882] (-) TimerEvent: {}
[107.066975] (-) TimerEvent: {}
[107.168117] (-) TimerEvent: {}
[107.269217] (-) TimerEvent: {}
[107.370280] (-) TimerEvent: {}
[107.471367] (-) TimerEvent: {}
[107.572402] (-) TimerEvent: {}
[107.673461] (-) TimerEvent: {}
[107.774808] (-) TimerEvent: {}
[107.876069] (-) TimerEvent: {}
[107.976874] (-) TimerEvent: {}
[108.077689] (-) TimerEvent: {}
[108.178547] (-) TimerEvent: {}
[108.279118] (-) TimerEvent: {}
[108.379807] (-) TimerEvent: {}
[108.480774] (-) TimerEvent: {}
[108.581388] (-) TimerEvent: {}
[108.681850] (-) TimerEvent: {}
[108.782292] (-) TimerEvent: {}
[108.882716] (-) TimerEvent: {}
[108.983173] (-) TimerEvent: {}
[109.083635] (-) TimerEvent: {}
[109.234616] (-) TimerEvent: {}
[109.335754] (-) TimerEvent: {}
[109.436821] (-) TimerEvent: {}
[109.537970] (-) TimerEvent: {}
[109.639106] (-) TimerEvent: {}
[109.740220] (-) TimerEvent: {}
[109.841355] (-) TimerEvent: {}
[109.942457] (-) TimerEvent: {}
[110.043563] (-) TimerEvent: {}
[110.144617] (-) TimerEvent: {}
[110.245716] (-) TimerEvent: {}
[110.346818] (-) TimerEvent: {}
[110.447913] (-) TimerEvent: {}
[110.548989] (-) TimerEvent: {}
[110.650052] (-) TimerEvent: {}
[110.751113] (-) TimerEvent: {}
[110.852157] (-) TimerEvent: {}
[110.953243] (-) TimerEvent: {}
[111.054282] (-) TimerEvent: {}
[111.155316] (-) TimerEvent: {}
[111.256408] (-) TimerEvent: {}
[111.357520] (-) TimerEvent: {}
[111.458566] (-) TimerEvent: {}
[111.559667] (-) TimerEvent: {}
[111.660742] (-) TimerEvent: {}
[111.761863] (-) TimerEvent: {}
[111.862993] (-) TimerEvent: {}
[111.964095] (-) TimerEvent: {}
[112.065203] (-) TimerEvent: {}
[112.166258] (-) TimerEvent: {}
[112.267306] (-) TimerEvent: {}
[112.368407] (-) TimerEvent: {}
[112.469547] (-) TimerEvent: {}
[112.570712] (-) TimerEvent: {}
[112.671771] (-) TimerEvent: {}
[112.772837] (-) TimerEvent: {}
[112.873919] (-) TimerEvent: {}
[112.974983] (-) TimerEvent: {}
[113.076032] (-) TimerEvent: {}
[113.177098] (-) TimerEvent: {}
[113.278131] (-) TimerEvent: {}
[113.379210] (-) TimerEvent: {}
[113.480364] (-) TimerEvent: {}
[113.581521] (-) TimerEvent: {}
[113.682742] (-) TimerEvent: {}
[113.783859] (-) TimerEvent: {}
[113.804725] (picas_example_mt) StdoutLine: {'line': b'[100%] \x1b[32m\x1b[1mLinking CXX executable example_mt\x1b[0m\n'}
[113.884212] (-) TimerEvent: {}
[113.985644] (-) TimerEvent: {}
[114.086782] (-) TimerEvent: {}
[114.245050] (-) TimerEvent: {}
[114.331847] (picas_example) StdoutLine: {'line': b'[ 75%] \x1b[32m\x1b[1mLinking CXX executable case_study\x1b[0m\n'}
[114.345298] (-) TimerEvent: {}
[114.446505] (-) TimerEvent: {}
[114.547788] (-) TimerEvent: {}
[114.648842] (-) TimerEvent: {}
[114.749425] (-) TimerEvent: {}
[114.849879] (-) TimerEvent: {}
[114.950424] (-) TimerEvent: {}
[115.051356] (-) TimerEvent: {}
[115.152499] (-) TimerEvent: {}
[115.253580] (-) TimerEvent: {}
[115.354671] (-) TimerEvent: {}
[115.455826] (-) TimerEvent: {}
[115.556912] (-) TimerEvent: {}
[115.657812] (-) TimerEvent: {}
[115.758626] (-) TimerEvent: {}
[115.859370] (-) TimerEvent: {}
[115.960167] (-) TimerEvent: {}
[116.061294] (-) TimerEvent: {}
[116.162028] (-) TimerEvent: {}
[116.262624] (-) TimerEvent: {}
[116.363111] (-) TimerEvent: {}
[116.463696] (-) TimerEvent: {}
[116.564602] (-) TimerEvent: {}
[116.665502] (-) TimerEvent: {}
[116.766240] (-) TimerEvent: {}
[116.867351] (-) TimerEvent: {}
[116.910701] (picas_example_mt) StdoutLine: {'line': b'[100%] Built target example_mt\n'}
[116.967635] (-) TimerEvent: {}
[117.061178] (picas_example_mt) CommandEnded: {'returncode': 0}
[117.064970] (picas_example_mt) JobProgress: {'identifier': 'picas_example_mt', 'progress': 'install'}
[117.065950] (picas_example_mt) Command: {'cmd': ['/usr/bin/cmake', '--install', '/home/yfu/projects/ros2-picas/build/picas_example_mt'], 'cwd': '/home/yfu/projects/ros2-picas/build/picas_example_mt', 'env': OrderedDict([('LESSOPEN', '| /usr/bin/lesspipe %s'), ('CONDA_PROMPT_MODIFIER', '(base)'), ('USER', 'yfu'), ('SSH_CLIENT', '172.19.37.143 6742 22'), ('XDG_SESSION_TYPE', 'tty'), ('SHLVL', '1'), ('LD_LIBRARY_PATH', '/home/yfu/projects/ros2-picas/install/trace_picas/lib:/home/yfu/projects/ros2-picas/install/rclcpp/lib:/home/yfu/projects/ros2-picas/install/test_msgs/lib:/opt/ros/galactic/opt/yaml_cpp_vendor/lib:/opt/ros/galactic/lib/aarch64-linux-gnu:/opt/ros/galactic/lib'), ('MOTD_SHOWN', 'pam'), ('HOME', '/home/yfu'), ('CONDA_SHLVL', '1'), ('OLDPWD', '/home/yfu/projects'), ('SSH_TTY', '/dev/pts/3'), ('JETSON_L4T', '35.4.1'), ('ROS_PYTHON_VERSION', '3'), ('JETSON_MODEL', 'NVIDIA Orin Nano Developer Kit'), ('DBUS_SESSION_BUS_ADDRESS', 'unix:path=/run/user/1001/bus'), ('ROS_DISTRO', 'galactic'), ('LOGNAME', 'yfu'), ('JETSON_MODULE', 'NVIDIA Jetson Orin Nano (Developer kit)'), ('JETSON_SERIAL_NUMBER', '1421523024361'), ('_', '/usr/bin/colcon'), ('ROS_VERSION', '2'), ('JETSON_CODENAME', 'P3768'), ('XDG_SESSION_CLASS', 'user'), ('TERM', 'xterm'), ('XDG_SESSION_ID', '278'), ('ROS_LOCALHOST_ONLY', '0'), ('PATH', '/usr/bin:/home/yfu/.local/bin:/opt/ros/galactic/bin:/home/yfu/Miniconda/ENTER/bin:/home/yfu/Miniconda/ENTER/condabin:$/home/yfu/Miniconda/ENTER/bin:/usr/local/sbin:/usr/local/bin:/usr/sbin:/usr/bin:/sbin:/bin:/usr/games:/usr/local/games:/snap/bin'), ('XDG_RUNTIME_DIR', '/run/user/1001'), ('DISPLAY', 'localhost:10.0'), ('LANG', 'en_US.UTF-8'), ('LS_COLORS', 'rs=0:di=01;34:ln=01;36:mh=00:pi=40;33:so=01;35:do=01;35:bd=40;33;01:cd=40;33;01:or=40;31;01:mi=00:su=37;41:sg=30;43:ca=30;41:tw=30;42:ow=34;42:st=37;44:ex=01;32:*.tar=01;31:*.tgz=01;31:*.arc=01;31:*.arj=01;31:*.taz=01;31:*.lha=01;31:*.lz4=01;31:*.lzh=01;31:*.lzma=01;31:*.tlz=01;31:*.txz=01;31:*.tzo=01;31:*.t7z=01;31:*.zip=01;31:*.z=01;31:*.dz=01;31:*.gz=01;31:*.lrz=01;31:*.lz=01;31:*.lzo=01;31:*.xz=01;31:*.zst=01;31:*.tzst=01;31:*.bz2=01;31:*.bz=01;31:*.tbz=01;31:*.tbz2=01;31:*.tz=01;31:*.deb=01;31:*.rpm=01;31:*.jar=01;31:*.war=01;31:*.ear=01;31:*.sar=01;31:*.rar=01;31:*.alz=01;31:*.ace=01;31:*.zoo=01;31:*.cpio=01;31:*.7z=01;31:*.rz=01;31:*.cab=01;31:*.wim=01;31:*.swm=01;31:*.dwm=01;31:*.esd=01;31:*.jpg=01;35:*.jpeg=01;35:*.mjpg=01;35:*.mjpeg=01;35:*.gif=01;35:*.bmp=01;35:*.pbm=01;35:*.pgm=01;35:*.ppm=01;35:*.tga=01;35:*.xbm=01;35:*.xpm=01;35:*.tif=01;35:*.tiff=01;35:*.png=01;35:*.svg=01;35:*.svgz=01;35:*.mng=01;35:*.pcx=01;35:*.mov=01;35:*.mpg=01;35:*.mpeg=01;35:*.m2v=01;35:*.mkv=01;35:*.webm=01;35:*.ogm=01;35:*.mp4=01;35:*.m4v=01;35:*.mp4v=01;35:*.vob=01;35:*.qt=01;35:*.nuv=01;35:*.wmv=01;35:*.asf=01;35:*.rm=01;35:*.rmvb=01;35:*.flc=01;35:*.avi=01;35:*.fli=01;35:*.flv=01;35:*.gl=01;35:*.dl=01;35:*.xcf=01;35:*.xwd=01;35:*.yuv=01;35:*.cgm=01;35:*.emf=01;35:*.ogv=01;35:*.ogx=01;35:*.aac=00;36:*.au=00;36:*.flac=00;36:*.m4a=00;36:*.mid=00;36:*.midi=00;36:*.mka=00;36:*.mp3=00;36:*.mpc=00;36:*.ogg=00;36:*.ra=00;36:*.wav=00;36:*.oga=00;36:*.opus=00;36:*.spx=00;36:*.xspf=00;36:'), ('JETSON_SOC', 'tegra23x'), ('AMENT_PREFIX_PATH', '/home/yfu/projects/ros2-picas/install/trace_picas:/home/yfu/projects/ros2-picas/install/rclcpp:/home/yfu/projects/ros2-picas/install/test_msgs:/opt/ros/galactic'), ('CONDA_PYTHON_EXE', '/home/yfu/Miniconda/ENTER/bin/python'), ('SHELL', '/bin/bash'), ('LESSCLOSE', '/usr/bin/lesspipe %s %s'), ('CONDA_DEFAULT_ENV', 'base'), ('JETSON_CUDA_ARCH_BIN', '8.7'), ('PWD', '/home/yfu/projects/ros2-picas/build/picas_example_mt'), ('CONDA_EXE', '/home/yfu/Miniconda/ENTER/bin/conda'), ('SSH_CONNECTION', '172.19.37.143 6742 192.168.0.226 22'), ('XDG_DATA_DIRS', '/usr/local/share:/usr/share:/var/lib/snapd/desktop'), ('PYTHONPATH', '/home/yfu/projects/ros2-picas/install/test_msgs/lib/python3.8/site-packages:/opt/ros/galactic/lib/python3.8/site-packages'), ('CONDA_PREFIX', '/home/yfu/Miniconda/ENTER'), ('COLCON', '1'), ('JETSON_JETPACK', '5.1.2'), ('JETSON_P_NUMBER', 'p3767-0005'), ('CMAKE_PREFIX_PATH', '/home/yfu/projects/ros2-picas/install/trace_picas:/home/yfu/projects/ros2-picas/install/rclcpp:/home/yfu/projects/ros2-picas/install/test_msgs:/opt/ros/galactic')]), 'shell': False}
[117.076227] (-) TimerEvent: {}
[117.101544] (picas_example_mt) StdoutLine: {'line': b'-- Install configuration: ""\n'}
[117.102392] (picas_example_mt) StdoutLine: {'line': b'-- Installing: /home/yfu/projects/ros2-picas/install/picas_example_mt/lib/picas_example_mt/example_mt\n'}
[117.111788] (picas_example_mt) StdoutLine: {'line': b'-- Set runtime path of "/home/yfu/projects/ros2-picas/install/picas_example_mt/lib/picas_example_mt/example_mt" to ""\n'}
[117.112440] (picas_example_mt) StdoutLine: {'line': b'-- Installing: /home/yfu/projects/ros2-picas/install/picas_example_mt/share/ament_index/resource_index/package_run_dependencies/picas_example_mt\n'}
[117.112951] (picas_example_mt) StdoutLine: {'line': b'-- Installing: /home/yfu/projects/ros2-picas/install/picas_example_mt/share/ament_index/resource_index/parent_prefix_path/picas_example_mt\n'}
[117.113478] (picas_example_mt) StdoutLine: {'line': b'-- Installing: /home/yfu/projects/ros2-picas/install/picas_example_mt/share/picas_example_mt/environment/ament_prefix_path.sh\n'}
[117.113773] (picas_example_mt) StdoutLine: {'line': b'-- Installing: /home/yfu/projects/ros2-picas/install/picas_example_mt/share/picas_example_mt/environment/ament_prefix_path.dsv\n'}
[117.114089] (picas_example_mt) StdoutLine: {'line': b'-- Installing: /home/yfu/projects/ros2-picas/install/picas_example_mt/share/picas_example_mt/environment/path.sh\n'}
[117.114401] (picas_example_mt) StdoutLine: {'line': b'-- Installing: /home/yfu/projects/ros2-picas/install/picas_example_mt/share/picas_example_mt/environment/path.dsv\n'}
[117.114718] (picas_example_mt) StdoutLine: {'line': b'-- Installing: /home/yfu/projects/ros2-picas/install/picas_example_mt/share/picas_example_mt/local_setup.bash\n'}
[117.115060] (picas_example_mt) StdoutLine: {'line': b'-- Installing: /home/yfu/projects/ros2-picas/install/picas_example_mt/share/picas_example_mt/local_setup.sh\n'}
[117.115415] (picas_example_mt) StdoutLine: {'line': b'-- Installing: /home/yfu/projects/ros2-picas/install/picas_example_mt/share/picas_example_mt/local_setup.zsh\n'}
[117.115732] (picas_example_mt) StdoutLine: {'line': b'-- Installing: /home/yfu/projects/ros2-picas/install/picas_example_mt/share/picas_example_mt/local_setup.dsv\n'}
[117.116053] (picas_example_mt) StdoutLine: {'line': b'-- Installing: /home/yfu/projects/ros2-picas/install/picas_example_mt/share/picas_example_mt/package.dsv\n'}
[117.116477] (picas_example_mt) StdoutLine: {'line': b'-- Installing: /home/yfu/projects/ros2-picas/install/picas_example_mt/share/ament_index/resource_index/packages/picas_example_mt\n'}
[117.116855] (picas_example_mt) StdoutLine: {'line': b'-- Installing: /home/yfu/projects/ros2-picas/install/picas_example_mt/share/picas_example_mt/cmake/picas_example_mtConfig.cmake\n'}
[117.117103] (picas_example_mt) StdoutLine: {'line': b'-- Installing: /home/yfu/projects/ros2-picas/install/picas_example_mt/share/picas_example_mt/cmake/picas_example_mtConfig-version.cmake\n'}
[117.117424] (picas_example_mt) StdoutLine: {'line': b'-- Installing: /home/yfu/projects/ros2-picas/install/picas_example_mt/share/picas_example_mt/package.xml\n'}
[117.123947] (picas_example_mt) CommandEnded: {'returncode': 0}
[117.176369] (-) TimerEvent: {}
[117.277199] (-) TimerEvent: {}
[117.288061] (picas_example_mt) JobEnded: {'identifier': 'picas_example_mt', 'rc': 0}
[117.377482] (-) TimerEvent: {}
[117.392541] (picas_example) StdoutLine: {'line': b'[ 75%] Built target case_study\n'}
[117.398817] (picas_example) StderrLine: {'line': b'make: *** [Makefile:141: all] Error 2\n'}
[117.406553] (picas_example) CommandEnded: {'returncode': 2}
[117.427018] (picas_example) JobEnded: {'identifier': 'picas_example', 'rc': 2}
[117.439035] (-) EventReactorShutdown: {}
