[0.000000] (-) TimerEvent: {}
[0.000807] (test_msgs) JobQueued: {'identifier': 'test_msgs', 'dependencies': OrderedDict()}
[0.001051] (rclcpp) JobQueued: {'identifier': 'rclcpp', 'dependencies': OrderedDict([('test_msgs', '/home/yfu/projects/ros2-picas/install/test_msgs')])}
[0.001679] (trace_picas) JobQueued: {'identifier': 'trace_picas', 'dependencies': OrderedDict([('test_msgs', '/home/yfu/projects/ros2-picas/install/test_msgs'), ('rclcpp', '/home/yfu/projects/ros2-picas/install/rclcpp')])}
[0.002001] (picas_example) JobQueued: {'identifier': 'picas_example', 'dependencies': OrderedDict([('test_msgs', '/home/yfu/projects/ros2-picas/install/test_msgs'), ('rclcpp', '/home/yfu/projects/ros2-picas/install/rclcpp'), ('trace_picas', '/home/yfu/projects/ros2-picas/install/trace_picas')])}
[0.002367] (picas_example_mt) JobQueued: {'identifier': 'picas_example_mt', 'dependencies': OrderedDict([('test_msgs', '/home/yfu/projects/ros2-picas/install/test_msgs'), ('rclcpp', '/home/yfu/projects/ros2-picas/install/rclcpp'), ('trace_picas', '/home/yfu/projects/ros2-picas/install/trace_picas')])}
[0.002488] (test_msgs) JobStarted: {'identifier': 'test_msgs'}
[0.024513] (test_msgs) JobProgress: {'identifier': 'test_msgs', 'progress': 'cmake'}
[0.026138] (test_msgs) JobProgress: {'identifier': 'test_msgs', 'progress': 'build'}
[0.027661] (test_msgs) Command: {'cmd': ['/usr/bin/cmake', '--build', '/home/yfu/projects/ros2-picas/build/test_msgs', '--', '-j6', '-l6'], 'cwd': '/home/yfu/projects/ros2-picas/build/test_msgs', 'env': OrderedDict([('LESSOPEN', '| /usr/bin/lesspipe %s'), ('CONDA_PROMPT_MODIFIER', '(base)'), ('USER', 'yfu'), ('SSH_CLIENT', '172.19.37.200 13487 22'), ('XDG_SESSION_TYPE', 'tty'), ('SHLVL', '1'), ('LD_LIBRARY_PATH', '/home/yfu/projects/ros2-picas/install/trace_picas/lib:/home/yfu/projects/ros2-picas/install/test_msgs/lib:/home/yfu/projects/ros2-picas/install/rclcpp/lib:/opt/ros/galactic/opt/yaml_cpp_vendor/lib:/opt/ros/galactic/lib/aarch64-linux-gnu:/opt/ros/galactic/lib'), ('MOTD_SHOWN', 'pam'), ('HOME', '/home/yfu'), ('CONDA_SHLVL', '1'), ('OLDPWD', '/home/yfu/projects'), ('SSH_TTY', '/dev/pts/0'), ('JETSON_L4T', '35.4.1'), ('ROS_PYTHON_VERSION', '3'), ('JETSON_MODEL', 'NVIDIA Orin Nano Developer Kit'), ('DBUS_SESSION_BUS_ADDRESS', 'unix:path=/run/user/1001/bus'), ('COLCON_PREFIX_PATH', '/home/yfu/projects/ros2-picas/install'), ('ROS_DISTRO', 'galactic'), ('LOGNAME', 'yfu'), ('JETSON_MODULE', 'NVIDIA Jetson Orin Nano (Developer kit)'), ('JETSON_SERIAL_NUMBER', '1421523024361'), ('_', '/usr/bin/colcon'), ('ROS_VERSION', '2'), ('JETSON_CODENAME', 'P3768'), ('XDG_SESSION_CLASS', 'user'), ('TERM', 'xterm'), ('XDG_SESSION_ID', '656'), ('ROS_LOCALHOST_ONLY', '0'), ('PATH', '/usr/bin:/home/yfu/.local/bin:/opt/ros/galactic/bin:/home/yfu/Miniconda/ENTER/bin:/home/yfu/Miniconda/ENTER/condabin:$/home/yfu/Miniconda/ENTER/bin:/usr/local/sbin:/usr/local/bin:/usr/sbin:/usr/bin:/sbin:/bin:/usr/games:/usr/local/games:/snap/bin'), ('XDG_RUNTIME_DIR', '/run/user/1001'), ('DISPLAY', 'localhost:10.0'), ('LANG', 'en_US.UTF-8'), ('LS_COLORS', 'rs=0:di=01;34:ln=01;36:mh=00:pi=40;33:so=01;35:do=01;35:bd=40;33;01:cd=40;33;01:or=40;31;01:mi=00:su=37;41:sg=30;43:ca=30;41:tw=30;42:ow=34;42:st=37;44:ex=01;32:*.tar=01;31:*.tgz=01;31:*.arc=01;31:*.arj=01;31:*.taz=01;31:*.lha=01;31:*.lz4=01;31:*.lzh=01;31:*.lzma=01;31:*.tlz=01;31:*.txz=01;31:*.tzo=01;31:*.t7z=01;31:*.zip=01;31:*.z=01;31:*.dz=01;31:*.gz=01;31:*.lrz=01;31:*.lz=01;31:*.lzo=01;31:*.xz=01;31:*.zst=01;31:*.tzst=01;31:*.bz2=01;31:*.bz=01;31:*.tbz=01;31:*.tbz2=01;31:*.tz=01;31:*.deb=01;31:*.rpm=01;31:*.jar=01;31:*.war=01;31:*.ear=01;31:*.sar=01;31:*.rar=01;31:*.alz=01;31:*.ace=01;31:*.zoo=01;31:*.cpio=01;31:*.7z=01;31:*.rz=01;31:*.cab=01;31:*.wim=01;31:*.swm=01;31:*.dwm=01;31:*.esd=01;31:*.jpg=01;35:*.jpeg=01;35:*.mjpg=01;35:*.mjpeg=01;35:*.gif=01;35:*.bmp=01;35:*.pbm=01;35:*.pgm=01;35:*.ppm=01;35:*.tga=01;35:*.xbm=01;35:*.xpm=01;35:*.tif=01;35:*.tiff=01;35:*.png=01;35:*.svg=01;35:*.svgz=01;35:*.mng=01;35:*.pcx=01;35:*.mov=01;35:*.mpg=01;35:*.mpeg=01;35:*.m2v=01;35:*.mkv=01;35:*.webm=01;35:*.ogm=01;35:*.mp4=01;35:*.m4v=01;35:*.mp4v=01;35:*.vob=01;35:*.qt=01;35:*.nuv=01;35:*.wmv=01;35:*.asf=01;35:*.rm=01;35:*.rmvb=01;35:*.flc=01;35:*.avi=01;35:*.fli=01;35:*.flv=01;35:*.gl=01;35:*.dl=01;35:*.xcf=01;35:*.xwd=01;35:*.yuv=01;35:*.cgm=01;35:*.emf=01;35:*.ogv=01;35:*.ogx=01;35:*.aac=00;36:*.au=00;36:*.flac=00;36:*.m4a=00;36:*.mid=00;36:*.midi=00;36:*.mka=00;36:*.mp3=00;36:*.mpc=00;36:*.ogg=00;36:*.ra=00;36:*.wav=00;36:*.oga=00;36:*.opus=00;36:*.spx=00;36:*.xspf=00;36:'), ('JETSON_SOC', 'tegra23x'), ('AMENT_PREFIX_PATH', '/home/yfu/projects/ros2-picas/install/picas_example_mt:/home/yfu/projects/ros2-picas/install/picas_example:/home/yfu/projects/ros2-picas/install/trace_picas:/home/yfu/projects/ros2-picas/install/test_msgs:/home/yfu/projects/ros2-picas/install/rclcpp:/opt/ros/galactic'), ('CONDA_PYTHON_EXE', '/home/yfu/Miniconda/ENTER/bin/python'), ('SHELL', '/bin/bash'), ('LESSCLOSE', '/usr/bin/lesspipe %s %s'), ('CONDA_DEFAULT_ENV', 'base'), ('JETSON_CUDA_ARCH_BIN', '8.7'), ('PWD', '/home/yfu/projects/ros2-picas/build/test_msgs'), ('CONDA_EXE', '/home/yfu/Miniconda/ENTER/bin/conda'), ('SSH_CONNECTION', '172.19.37.200 13487 192.168.0.226 22'), ('XDG_DATA_DIRS', '/usr/local/share:/usr/share:/var/lib/snapd/desktop'), ('PYTHONPATH', '/home/yfu/projects/ros2-picas/install/test_msgs/lib/python3.8/site-packages:/opt/ros/galactic/lib/python3.8/site-packages'), ('CONDA_PREFIX', '/home/yfu/Miniconda/ENTER'), ('COLCON', '1'), ('JETSON_JETPACK', '5.1.2'), ('CMAKE_PREFIX_PATH', '/home/yfu/projects/ros2-picas/install/picas_example_mt:/home/yfu/projects/ros2-picas/install/picas_example:/home/yfu/projects/ros2-picas/install/trace_picas:/home/yfu/projects/ros2-picas/install/test_msgs:/home/yfu/projects/ros2-picas/install/rclcpp:/opt/ros/galactic'), ('JETSON_P_NUMBER', 'p3767-0005')]), 'shell': False}
[0.099411] (-) TimerEvent: {}
[0.164001] (test_msgs) StdoutLine: {'line': b'[  8%] Built target test_msgs__cpp\n'}
[0.165178] (test_msgs) StdoutLine: {'line': b'[ 17%] Built target test_msgs__rosidl_generator_c\n'}
[0.199623] (-) TimerEvent: {}
[0.218227] (test_msgs) StdoutLine: {'line': b'[ 45%] Built target test_msgs__rosidl_typesupport_introspection_cpp\n'}
[0.218908] (test_msgs) StdoutLine: {'line': b'[ 45%] Built target test_msgs__rosidl_typesupport_introspection_c\n'}
[0.276471] (test_msgs) StdoutLine: {'line': b'[ 74%] Built target test_msgs__rosidl_typesupport_c\n'}
[0.277302] (test_msgs) StdoutLine: {'line': b'[ 74%] Built target test_msgs__rosidl_typesupport_cpp\n'}
[0.299782] (-) TimerEvent: {}
[0.331470] (test_msgs) StdoutLine: {'line': b'[ 74%] Built target test_msgs\n'}
[0.386394] (test_msgs) StdoutLine: {'line': b'[ 77%] Built target test_msgs__py\n'}
[0.400147] (-) TimerEvent: {}
[0.451211] (test_msgs) StdoutLine: {'line': b'[ 88%] Built target test_msgs__python\n'}
[0.500378] (-) TimerEvent: {}
[0.515693] (test_msgs) StdoutLine: {'line': b'[100%] Built target test_msgs__rosidl_typesupport_introspection_c__pyext\n'}
[0.516510] (test_msgs) StdoutLine: {'line': b'[100%] Built target test_msgs__rosidl_typesupport_c__pyext\n'}
[0.553320] (test_msgs) CommandEnded: {'returncode': 0}
[0.556746] (test_msgs) JobProgress: {'identifier': 'test_msgs', 'progress': 'install'}
[0.592651] (test_msgs) Command: {'cmd': ['/usr/bin/cmake', '--install', '/home/yfu/projects/ros2-picas/build/test_msgs'], 'cwd': '/home/yfu/projects/ros2-picas/build/test_msgs', 'env': OrderedDict([('LESSOPEN', '| /usr/bin/lesspipe %s'), ('CONDA_PROMPT_MODIFIER', '(base)'), ('USER', 'yfu'), ('SSH_CLIENT', '172.19.37.200 13487 22'), ('XDG_SESSION_TYPE', 'tty'), ('SHLVL', '1'), ('LD_LIBRARY_PATH', '/home/yfu/projects/ros2-picas/install/trace_picas/lib:/home/yfu/projects/ros2-picas/install/test_msgs/lib:/home/yfu/projects/ros2-picas/install/rclcpp/lib:/opt/ros/galactic/opt/yaml_cpp_vendor/lib:/opt/ros/galactic/lib/aarch64-linux-gnu:/opt/ros/galactic/lib'), ('MOTD_SHOWN', 'pam'), ('HOME', '/home/yfu'), ('CONDA_SHLVL', '1'), ('OLDPWD', '/home/yfu/projects'), ('SSH_TTY', '/dev/pts/0'), ('JETSON_L4T', '35.4.1'), ('ROS_PYTHON_VERSION', '3'), ('JETSON_MODEL', 'NVIDIA Orin Nano Developer Kit'), ('DBUS_SESSION_BUS_ADDRESS', 'unix:path=/run/user/1001/bus'), ('COLCON_PREFIX_PATH', '/home/yfu/projects/ros2-picas/install'), ('ROS_DISTRO', 'galactic'), ('LOGNAME', 'yfu'), ('JETSON_MODULE', 'NVIDIA Jetson Orin Nano (Developer kit)'), ('JETSON_SERIAL_NUMBER', '1421523024361'), ('_', '/usr/bin/colcon'), ('ROS_VERSION', '2'), ('JETSON_CODENAME', 'P3768'), ('XDG_SESSION_CLASS', 'user'), ('TERM', 'xterm'), ('XDG_SESSION_ID', '656'), ('ROS_LOCALHOST_ONLY', '0'), ('PATH', '/usr/bin:/home/yfu/.local/bin:/opt/ros/galactic/bin:/home/yfu/Miniconda/ENTER/bin:/home/yfu/Miniconda/ENTER/condabin:$/home/yfu/Miniconda/ENTER/bin:/usr/local/sbin:/usr/local/bin:/usr/sbin:/usr/bin:/sbin:/bin:/usr/games:/usr/local/games:/snap/bin'), ('XDG_RUNTIME_DIR', '/run/user/1001'), ('DISPLAY', 'localhost:10.0'), ('LANG', 'en_US.UTF-8'), ('LS_COLORS', 'rs=0:di=01;34:ln=01;36:mh=00:pi=40;33:so=01;35:do=01;35:bd=40;33;01:cd=40;33;01:or=40;31;01:mi=00:su=37;41:sg=30;43:ca=30;41:tw=30;42:ow=34;42:st=37;44:ex=01;32:*.tar=01;31:*.tgz=01;31:*.arc=01;31:*.arj=01;31:*.taz=01;31:*.lha=01;31:*.lz4=01;31:*.lzh=01;31:*.lzma=01;31:*.tlz=01;31:*.txz=01;31:*.tzo=01;31:*.t7z=01;31:*.zip=01;31:*.z=01;31:*.dz=01;31:*.gz=01;31:*.lrz=01;31:*.lz=01;31:*.lzo=01;31:*.xz=01;31:*.zst=01;31:*.tzst=01;31:*.bz2=01;31:*.bz=01;31:*.tbz=01;31:*.tbz2=01;31:*.tz=01;31:*.deb=01;31:*.rpm=01;31:*.jar=01;31:*.war=01;31:*.ear=01;31:*.sar=01;31:*.rar=01;31:*.alz=01;31:*.ace=01;31:*.zoo=01;31:*.cpio=01;31:*.7z=01;31:*.rz=01;31:*.cab=01;31:*.wim=01;31:*.swm=01;31:*.dwm=01;31:*.esd=01;31:*.jpg=01;35:*.jpeg=01;35:*.mjpg=01;35:*.mjpeg=01;35:*.gif=01;35:*.bmp=01;35:*.pbm=01;35:*.pgm=01;35:*.ppm=01;35:*.tga=01;35:*.xbm=01;35:*.xpm=01;35:*.tif=01;35:*.tiff=01;35:*.png=01;35:*.svg=01;35:*.svgz=01;35:*.mng=01;35:*.pcx=01;35:*.mov=01;35:*.mpg=01;35:*.mpeg=01;35:*.m2v=01;35:*.mkv=01;35:*.webm=01;35:*.ogm=01;35:*.mp4=01;35:*.m4v=01;35:*.mp4v=01;35:*.vob=01;35:*.qt=01;35:*.nuv=01;35:*.wmv=01;35:*.asf=01;35:*.rm=01;35:*.rmvb=01;35:*.flc=01;35:*.avi=01;35:*.fli=01;35:*.flv=01;35:*.gl=01;35:*.dl=01;35:*.xcf=01;35:*.xwd=01;35:*.yuv=01;35:*.cgm=01;35:*.emf=01;35:*.ogv=01;35:*.ogx=01;35:*.aac=00;36:*.au=00;36:*.flac=00;36:*.m4a=00;36:*.mid=00;36:*.midi=00;36:*.mka=00;36:*.mp3=00;36:*.mpc=00;36:*.ogg=00;36:*.ra=00;36:*.wav=00;36:*.oga=00;36:*.opus=00;36:*.spx=00;36:*.xspf=00;36:'), ('JETSON_SOC', 'tegra23x'), ('AMENT_PREFIX_PATH', '/home/yfu/projects/ros2-picas/install/picas_example_mt:/home/yfu/projects/ros2-picas/install/picas_example:/home/yfu/projects/ros2-picas/install/trace_picas:/home/yfu/projects/ros2-picas/install/test_msgs:/home/yfu/projects/ros2-picas/install/rclcpp:/opt/ros/galactic'), ('CONDA_PYTHON_EXE', '/home/yfu/Miniconda/ENTER/bin/python'), ('SHELL', '/bin/bash'), ('LESSCLOSE', '/usr/bin/lesspipe %s %s'), ('CONDA_DEFAULT_ENV', 'base'), ('JETSON_CUDA_ARCH_BIN', '8.7'), ('PWD', '/home/yfu/projects/ros2-picas/build/test_msgs'), ('CONDA_EXE', '/home/yfu/Miniconda/ENTER/bin/conda'), ('SSH_CONNECTION', '172.19.37.200 13487 192.168.0.226 22'), ('XDG_DATA_DIRS', '/usr/local/share:/usr/share:/var/lib/snapd/desktop'), ('PYTHONPATH', '/home/yfu/projects/ros2-picas/install/test_msgs/lib/python3.8/site-packages:/opt/ros/galactic/lib/python3.8/site-packages'), ('CONDA_PREFIX', '/home/yfu/Miniconda/ENTER'), ('COLCON', '1'), ('JETSON_JETPACK', '5.1.2'), ('CMAKE_PREFIX_PATH', '/home/yfu/projects/ros2-picas/install/picas_example_mt:/home/yfu/projects/ros2-picas/install/picas_example:/home/yfu/projects/ros2-picas/install/trace_picas:/home/yfu/projects/ros2-picas/install/test_msgs:/home/yfu/projects/ros2-picas/install/rclcpp:/opt/ros/galactic'), ('JETSON_P_NUMBER', 'p3767-0005')]), 'shell': False}
[0.601372] (-) TimerEvent: {}
[0.627200] (test_msgs) StdoutLine: {'line': b'-- Install configuration: ""\n'}
[0.627988] (test_msgs) StdoutLine: {'line': b'-- Up-to-date: /home/yfu/projects/ros2-picas/install/test_msgs/share/ament_index/resource_index/rosidl_interfaces/test_msgs\n'}
[0.628310] (test_msgs) StdoutLine: {'line': b'-- Up-to-date: /home/yfu/projects/ros2-picas/install/test_msgs/include/test_msgs\n'}
[0.628554] (test_msgs) StdoutLine: {'line': b'-- Up-to-date: /home/yfu/projects/ros2-picas/install/test_msgs/include/test_msgs/msg\n'}
[0.628732] (test_msgs) StdoutLine: {'line': b'-- Up-to-date: /home/yfu/projects/ros2-picas/install/test_msgs/include/test_msgs/msg/u_time.h\n'}
[0.628882] (test_msgs) StdoutLine: {'line': b'-- Up-to-date: /home/yfu/projects/ros2-picas/install/test_msgs/include/test_msgs/msg/task_data.h\n'}
[0.629025] (test_msgs) StdoutLine: {'line': b'-- Up-to-date: /home/yfu/projects/ros2-picas/install/test_msgs/include/test_msgs/msg/rosidl_generator_c__visibility_control.h\n'}
[0.629195] (test_msgs) StdoutLine: {'line': b'-- Up-to-date: /home/yfu/projects/ros2-picas/install/test_msgs/include/test_msgs/msg/detail\n'}
[0.629333] (test_msgs) StdoutLine: {'line': b'-- Up-to-date: /home/yfu/projects/ros2-picas/install/test_msgs/include/test_msgs/msg/detail/u_time__functions.c\n'}
[0.629491] (test_msgs) StdoutLine: {'line': b'-- Up-to-date: /home/yfu/projects/ros2-picas/install/test_msgs/include/test_msgs/msg/detail/u_time__functions.h\n'}
[0.629655] (test_msgs) StdoutLine: {'line': b'-- Up-to-date: /home/yfu/projects/ros2-picas/install/test_msgs/include/test_msgs/msg/detail/test_string__functions.c\n'}
[0.629838] (test_msgs) StdoutLine: {'line': b'-- Up-to-date: /home/yfu/projects/ros2-picas/install/test_msgs/include/test_msgs/msg/detail/task_data__type_support.h\n'}
[0.630077] (test_msgs) StdoutLine: {'line': b'-- Up-to-date: /home/yfu/projects/ros2-picas/install/test_msgs/include/test_msgs/msg/detail/task_data__functions.c\n'}
[0.630222] (test_msgs) StdoutLine: {'line': b'-- Up-to-date: /home/yfu/projects/ros2-picas/install/test_msgs/include/test_msgs/msg/detail/test_string__type_support.h\n'}
[0.630358] (test_msgs) StdoutLine: {'line': b'-- Up-to-date: /home/yfu/projects/ros2-picas/install/test_msgs/include/test_msgs/msg/detail/test_string__functions.h\n'}
[0.630516] (test_msgs) StdoutLine: {'line': b'-- Up-to-date: /home/yfu/projects/ros2-picas/install/test_msgs/include/test_msgs/msg/detail/u_time__struct.h\n'}
[0.630657] (test_msgs) StdoutLine: {'line': b'-- Up-to-date: /home/yfu/projects/ros2-picas/install/test_msgs/include/test_msgs/msg/detail/task_data__struct.h\n'}
[0.630795] (test_msgs) StdoutLine: {'line': b'-- Up-to-date: /home/yfu/projects/ros2-picas/install/test_msgs/include/test_msgs/msg/detail/task_data__functions.h\n'}
[0.630925] (test_msgs) StdoutLine: {'line': b'-- Up-to-date: /home/yfu/projects/ros2-picas/install/test_msgs/include/test_msgs/msg/detail/u_time__type_support.h\n'}
[0.631055] (test_msgs) StdoutLine: {'line': b'-- Up-to-date: /home/yfu/projects/ros2-picas/install/test_msgs/include/test_msgs/msg/detail/test_string__struct.h\n'}
[0.631214] (test_msgs) StdoutLine: {'line': b'-- Up-to-date: /home/yfu/projects/ros2-picas/install/test_msgs/include/test_msgs/msg/test_string.h\n'}
[0.631350] (test_msgs) StdoutLine: {'line': b'-- Up-to-date: /home/yfu/projects/ros2-picas/install/test_msgs/share/test_msgs/environment/library_path.sh\n'}
[0.631481] (test_msgs) StdoutLine: {'line': b'-- Up-to-date: /home/yfu/projects/ros2-picas/install/test_msgs/share/test_msgs/environment/library_path.dsv\n'}
[0.631663] (test_msgs) StdoutLine: {'line': b'-- Up-to-date: /home/yfu/projects/ros2-picas/install/test_msgs/lib/libtest_msgs__rosidl_generator_c.so\n'}
[0.631892] (test_msgs) StdoutLine: {'line': b'-- Up-to-date: /home/yfu/projects/ros2-picas/install/test_msgs/include/test_msgs\n'}
[0.632120] (test_msgs) StdoutLine: {'line': b'-- Up-to-date: /home/yfu/projects/ros2-picas/install/test_msgs/include/test_msgs/msg\n'}
[0.632362] (test_msgs) StdoutLine: {'line': b'-- Up-to-date: /home/yfu/projects/ros2-picas/install/test_msgs/include/test_msgs/msg/rosidl_typesupport_introspection_c__visibility_control.h\n'}
[0.632541] (test_msgs) StdoutLine: {'line': b'-- Up-to-date: /home/yfu/projects/ros2-picas/install/test_msgs/include/test_msgs/msg/detail\n'}
[0.632748] (test_msgs) StdoutLine: {'line': b'-- Up-to-date: /home/yfu/projects/ros2-picas/install/test_msgs/include/test_msgs/msg/detail/task_data__type_support.c\n'}
[0.633006] (test_msgs) StdoutLine: {'line': b'-- Up-to-date: /home/yfu/projects/ros2-picas/install/test_msgs/include/test_msgs/msg/detail/u_time__type_support.c\n'}
[0.633155] (test_msgs) StdoutLine: {'line': b'-- Up-to-date: /home/yfu/projects/ros2-picas/install/test_msgs/include/test_msgs/msg/detail/test_string__type_support.c\n'}
[0.633296] (test_msgs) StdoutLine: {'line': b'-- Up-to-date: /home/yfu/projects/ros2-picas/install/test_msgs/include/test_msgs/msg/detail/test_string__rosidl_typesupport_introspection_c.h\n'}
[0.633458] (test_msgs) StdoutLine: {'line': b'-- Up-to-date: /home/yfu/projects/ros2-picas/install/test_msgs/include/test_msgs/msg/detail/u_time__rosidl_typesupport_introspection_c.h\n'}
[0.633639] (test_msgs) StdoutLine: {'line': b'-- Up-to-date: /home/yfu/projects/ros2-picas/install/test_msgs/include/test_msgs/msg/detail/task_data__rosidl_typesupport_introspection_c.h\n'}
[0.633786] (test_msgs) StdoutLine: {'line': b'-- Up-to-date: /home/yfu/projects/ros2-picas/install/test_msgs/lib/libtest_msgs__rosidl_typesupport_introspection_c.so\n'}
[0.633924] (test_msgs) StdoutLine: {'line': b'-- Up-to-date: /home/yfu/projects/ros2-picas/install/test_msgs/lib/libtest_msgs__rosidl_typesupport_c.so\n'}
[0.634060] (test_msgs) StdoutLine: {'line': b'-- Up-to-date: /home/yfu/projects/ros2-picas/install/test_msgs/include/test_msgs\n'}
[0.634222] (test_msgs) StdoutLine: {'line': b'-- Up-to-date: /home/yfu/projects/ros2-picas/install/test_msgs/include/test_msgs/msg\n'}
[0.634363] (test_msgs) StdoutLine: {'line': b'-- Up-to-date: /home/yfu/projects/ros2-picas/install/test_msgs/include/test_msgs/msg/u_time.hpp\n'}
[0.634520] (test_msgs) StdoutLine: {'line': b'-- Up-to-date: /home/yfu/projects/ros2-picas/install/test_msgs/include/test_msgs/msg/detail\n'}
[0.634680] (test_msgs) StdoutLine: {'line': b'-- Up-to-date: /home/yfu/projects/ros2-picas/install/test_msgs/include/test_msgs/msg/detail/task_data__struct.hpp\n'}
[0.634838] (test_msgs) StdoutLine: {'line': b'-- Up-to-date: /home/yfu/projects/ros2-picas/install/test_msgs/include/test_msgs/msg/detail/task_data__traits.hpp\n'}
[0.634972] (test_msgs) StdoutLine: {'line': b'-- Up-to-date: /home/yfu/projects/ros2-picas/install/test_msgs/include/test_msgs/msg/detail/u_time__traits.hpp\n'}
[0.635103] (test_msgs) StdoutLine: {'line': b'-- Up-to-date: /home/yfu/projects/ros2-picas/install/test_msgs/include/test_msgs/msg/detail/u_time__struct.hpp\n'}
[0.635231] (test_msgs) StdoutLine: {'line': b'-- Up-to-date: /home/yfu/projects/ros2-picas/install/test_msgs/include/test_msgs/msg/detail/test_string__struct.hpp\n'}
[0.635363] (test_msgs) StdoutLine: {'line': b'-- Up-to-date: /home/yfu/projects/ros2-picas/install/test_msgs/include/test_msgs/msg/detail/test_string__builder.hpp\n'}
[0.635490] (test_msgs) StdoutLine: {'line': b'-- Up-to-date: /home/yfu/projects/ros2-picas/install/test_msgs/include/test_msgs/msg/detail/test_string__traits.hpp\n'}
[0.635617] (test_msgs) StdoutLine: {'line': b'-- Up-to-date: /home/yfu/projects/ros2-picas/install/test_msgs/include/test_msgs/msg/detail/task_data__builder.hpp\n'}
[0.635741] (test_msgs) StdoutLine: {'line': b'-- Up-to-date: /home/yfu/projects/ros2-picas/install/test_msgs/include/test_msgs/msg/detail/u_time__builder.hpp\n'}
[0.635866] (test_msgs) StdoutLine: {'line': b'-- Up-to-date: /home/yfu/projects/ros2-picas/install/test_msgs/include/test_msgs/msg/test_string.hpp\n'}
[0.635993] (test_msgs) StdoutLine: {'line': b'-- Up-to-date: /home/yfu/projects/ros2-picas/install/test_msgs/include/test_msgs/msg/task_data.hpp\n'}
[0.636143] (test_msgs) StdoutLine: {'line': b'-- Up-to-date: /home/yfu/projects/ros2-picas/install/test_msgs/include/test_msgs\n'}
[0.636283] (test_msgs) StdoutLine: {'line': b'-- Up-to-date: /home/yfu/projects/ros2-picas/install/test_msgs/include/test_msgs/msg\n'}
[0.636408] (test_msgs) StdoutLine: {'line': b'-- Up-to-date: /home/yfu/projects/ros2-picas/install/test_msgs/include/test_msgs/msg/detail\n'}
[0.636537] (test_msgs) StdoutLine: {'line': b'-- Up-to-date: /home/yfu/projects/ros2-picas/install/test_msgs/include/test_msgs/msg/detail/test_string__type_support.cpp\n'}
[0.636701] (test_msgs) StdoutLine: {'line': b'-- Up-to-date: /home/yfu/projects/ros2-picas/install/test_msgs/include/test_msgs/msg/detail/u_time__rosidl_typesupport_introspection_cpp.hpp\n'}
[0.636837] (test_msgs) StdoutLine: {'line': b'-- Up-to-date: /home/yfu/projects/ros2-picas/install/test_msgs/include/test_msgs/msg/detail/test_string__rosidl_typesupport_introspection_cpp.hpp\n'}
[0.636979] (test_msgs) StdoutLine: {'line': b'-- Up-to-date: /home/yfu/projects/ros2-picas/install/test_msgs/include/test_msgs/msg/detail/task_data__rosidl_typesupport_introspection_cpp.hpp\n'}
[0.637160] (test_msgs) StdoutLine: {'line': b'-- Up-to-date: /home/yfu/projects/ros2-picas/install/test_msgs/include/test_msgs/msg/detail/u_time__type_support.cpp\n'}
[0.637298] (test_msgs) StdoutLine: {'line': b'-- Up-to-date: /home/yfu/projects/ros2-picas/install/test_msgs/include/test_msgs/msg/detail/task_data__type_support.cpp\n'}
[0.637430] (test_msgs) StdoutLine: {'line': b'-- Up-to-date: /home/yfu/projects/ros2-picas/install/test_msgs/lib/libtest_msgs__rosidl_typesupport_introspection_cpp.so\n'}
[0.637560] (test_msgs) StdoutLine: {'line': b'-- Up-to-date: /home/yfu/projects/ros2-picas/install/test_msgs/lib/libtest_msgs__rosidl_typesupport_cpp.so\n'}
[0.637694] (test_msgs) StdoutLine: {'line': b'-- Up-to-date: /home/yfu/projects/ros2-picas/install/test_msgs/share/test_msgs/environment/pythonpath.sh\n'}
[0.637825] (test_msgs) StdoutLine: {'line': b'-- Up-to-date: /home/yfu/projects/ros2-picas/install/test_msgs/share/test_msgs/environment/pythonpath.dsv\n'}
[0.637953] (test_msgs) StdoutLine: {'line': b'-- Up-to-date: /home/yfu/projects/ros2-picas/install/test_msgs/lib/python3.8/site-packages/test_msgs/__init__.py\n'}
[0.701480] (-) TimerEvent: {}
[0.705638] (test_msgs) StdoutLine: {'line': b'-- Up-to-date: /home/yfu/projects/ros2-picas/install/test_msgs/lib/python3.8/site-packages/test_msgs/msg\n'}
[0.706399] (test_msgs) StdoutLine: {'line': b'-- Up-to-date: /home/yfu/projects/ros2-picas/install/test_msgs/lib/python3.8/site-packages/test_msgs/msg/_test_string.py\n'}
[0.706572] (test_msgs) StdoutLine: {'line': b'-- Up-to-date: /home/yfu/projects/ros2-picas/install/test_msgs/lib/python3.8/site-packages/test_msgs/msg/_test_string_s.c\n'}
[0.706718] (test_msgs) StdoutLine: {'line': b'-- Up-to-date: /home/yfu/projects/ros2-picas/install/test_msgs/lib/python3.8/site-packages/test_msgs/msg/_task_data.py\n'}
[0.706926] (test_msgs) StdoutLine: {'line': b'-- Up-to-date: /home/yfu/projects/ros2-picas/install/test_msgs/lib/python3.8/site-packages/test_msgs/msg/_task_data_s.c\n'}
[0.707144] (test_msgs) StdoutLine: {'line': b'-- Up-to-date: /home/yfu/projects/ros2-picas/install/test_msgs/lib/python3.8/site-packages/test_msgs/msg/_u_time_s.c\n'}
[0.707294] (test_msgs) StdoutLine: {'line': b'-- Up-to-date: /home/yfu/projects/ros2-picas/install/test_msgs/lib/python3.8/site-packages/test_msgs/msg/__init__.py\n'}
[0.707434] (test_msgs) StdoutLine: {'line': b'-- Up-to-date: /home/yfu/projects/ros2-picas/install/test_msgs/lib/python3.8/site-packages/test_msgs/msg/_u_time.py\n'}
[0.707574] (test_msgs) StdoutLine: {'line': b'-- Up-to-date: /home/yfu/projects/ros2-picas/install/test_msgs/lib/python3.8/site-packages/test_msgs/test_msgs_s__rosidl_typesupport_introspection_c.cpython-38-aarch64-linux-gnu.so\n'}
[0.707920] (test_msgs) StdoutLine: {'line': b'-- Up-to-date: /home/yfu/projects/ros2-picas/install/test_msgs/lib/python3.8/site-packages/test_msgs/test_msgs_s__rosidl_typesupport_c.cpython-38-aarch64-linux-gnu.so\n'}
[0.708788] (test_msgs) StdoutLine: {'line': b'-- Up-to-date: /home/yfu/projects/ros2-picas/install/test_msgs/lib/libtest_msgs__python.so\n'}
[0.709185] (test_msgs) StdoutLine: {'line': b'-- Up-to-date: /home/yfu/projects/ros2-picas/install/test_msgs/share/test_msgs/msg/TestString.idl\n'}
[0.709394] (test_msgs) StdoutLine: {'line': b'-- Up-to-date: /home/yfu/projects/ros2-picas/install/test_msgs/share/test_msgs/msg/UTime.idl\n'}
[0.709633] (test_msgs) StdoutLine: {'line': b'-- Up-to-date: /home/yfu/projects/ros2-picas/install/test_msgs/share/test_msgs/msg/TaskData.idl\n'}
[0.709868] (test_msgs) StdoutLine: {'line': b'-- Up-to-date: /home/yfu/projects/ros2-picas/install/test_msgs/share/test_msgs/msg/TestString.msg\n'}
[0.710075] (test_msgs) StdoutLine: {'line': b'-- Up-to-date: /home/yfu/projects/ros2-picas/install/test_msgs/share/test_msgs/msg/UTime.msg\n'}
[0.710302] (test_msgs) StdoutLine: {'line': b'-- Up-to-date: /home/yfu/projects/ros2-picas/install/test_msgs/share/test_msgs/msg/TaskData.msg\n'}
[0.710539] (test_msgs) StdoutLine: {'line': b'-- Up-to-date: /home/yfu/projects/ros2-picas/install/test_msgs/share/ament_index/resource_index/package_run_dependencies/test_msgs\n'}
[0.710778] (test_msgs) StdoutLine: {'line': b'-- Up-to-date: /home/yfu/projects/ros2-picas/install/test_msgs/share/ament_index/resource_index/parent_prefix_path/test_msgs\n'}
[0.711020] (test_msgs) StdoutLine: {'line': b'-- Up-to-date: /home/yfu/projects/ros2-picas/install/test_msgs/share/test_msgs/environment/ament_prefix_path.sh\n'}
[0.711250] (test_msgs) StdoutLine: {'line': b'-- Up-to-date: /home/yfu/projects/ros2-picas/install/test_msgs/share/test_msgs/environment/ament_prefix_path.dsv\n'}
[0.711396] (test_msgs) StdoutLine: {'line': b'-- Up-to-date: /home/yfu/projects/ros2-picas/install/test_msgs/share/test_msgs/environment/path.sh\n'}
[0.711534] (test_msgs) StdoutLine: {'line': b'-- Up-to-date: /home/yfu/projects/ros2-picas/install/test_msgs/share/test_msgs/environment/path.dsv\n'}
[0.711673] (test_msgs) StdoutLine: {'line': b'-- Up-to-date: /home/yfu/projects/ros2-picas/install/test_msgs/share/test_msgs/local_setup.bash\n'}
[0.711847] (test_msgs) StdoutLine: {'line': b'-- Up-to-date: /home/yfu/projects/ros2-picas/install/test_msgs/share/test_msgs/local_setup.sh\n'}
[0.711985] (test_msgs) StdoutLine: {'line': b'-- Up-to-date: /home/yfu/projects/ros2-picas/install/test_msgs/share/test_msgs/local_setup.zsh\n'}
[0.712132] (test_msgs) StdoutLine: {'line': b'-- Up-to-date: /home/yfu/projects/ros2-picas/install/test_msgs/share/test_msgs/local_setup.dsv\n'}
[0.712363] (test_msgs) StdoutLine: {'line': b'-- Installing: /home/yfu/projects/ros2-picas/install/test_msgs/share/test_msgs/package.dsv\n'}
[0.712510] (test_msgs) StdoutLine: {'line': b'-- Up-to-date: /home/yfu/projects/ros2-picas/install/test_msgs/share/ament_index/resource_index/packages/test_msgs\n'}
[0.712651] (test_msgs) StdoutLine: {'line': b'-- Up-to-date: /home/yfu/projects/ros2-picas/install/test_msgs/share/test_msgs/cmake/test_msgs__rosidl_generator_cExport.cmake\n'}
[0.712907] (test_msgs) StdoutLine: {'line': b'-- Up-to-date: /home/yfu/projects/ros2-picas/install/test_msgs/share/test_msgs/cmake/test_msgs__rosidl_generator_cExport-noconfig.cmake\n'}
[0.713051] (test_msgs) StdoutLine: {'line': b'-- Up-to-date: /home/yfu/projects/ros2-picas/install/test_msgs/share/test_msgs/cmake/test_msgs__rosidl_typesupport_introspection_cExport.cmake\n'}
[0.713288] (test_msgs) StdoutLine: {'line': b'-- Up-to-date: /home/yfu/projects/ros2-picas/install/test_msgs/share/test_msgs/cmake/test_msgs__rosidl_typesupport_introspection_cExport-noconfig.cmake\n'}
[0.713432] (test_msgs) StdoutLine: {'line': b'-- Up-to-date: /home/yfu/projects/ros2-picas/install/test_msgs/share/test_msgs/cmake/test_msgs__rosidl_typesupport_cExport.cmake\n'}
[0.713605] (test_msgs) StdoutLine: {'line': b'-- Up-to-date: /home/yfu/projects/ros2-picas/install/test_msgs/share/test_msgs/cmake/test_msgs__rosidl_typesupport_cExport-noconfig.cmake\n'}
[0.713742] (test_msgs) StdoutLine: {'line': b'-- Up-to-date: /home/yfu/projects/ros2-picas/install/test_msgs/share/test_msgs/cmake/test_msgs__rosidl_generator_cppExport.cmake\n'}
[0.713936] (test_msgs) StdoutLine: {'line': b'-- Up-to-date: /home/yfu/projects/ros2-picas/install/test_msgs/share/test_msgs/cmake/test_msgs__rosidl_typesupport_introspection_cppExport.cmake\n'}
[0.714144] (test_msgs) StdoutLine: {'line': b'-- Up-to-date: /home/yfu/projects/ros2-picas/install/test_msgs/share/test_msgs/cmake/test_msgs__rosidl_typesupport_introspection_cppExport-noconfig.cmake\n'}
[0.714386] (test_msgs) StdoutLine: {'line': b'-- Up-to-date: /home/yfu/projects/ros2-picas/install/test_msgs/share/test_msgs/cmake/test_msgs__rosidl_typesupport_cppExport.cmake\n'}
[0.714599] (test_msgs) StdoutLine: {'line': b'-- Up-to-date: /home/yfu/projects/ros2-picas/install/test_msgs/share/test_msgs/cmake/test_msgs__rosidl_typesupport_cppExport-noconfig.cmake\n'}
[0.714866] (test_msgs) StdoutLine: {'line': b'-- Up-to-date: /home/yfu/projects/ros2-picas/install/test_msgs/share/test_msgs/cmake/rosidl_cmake-extras.cmake\n'}
[0.715114] (test_msgs) StdoutLine: {'line': b'-- Up-to-date: /home/yfu/projects/ros2-picas/install/test_msgs/share/test_msgs/cmake/ament_cmake_export_dependencies-extras.cmake\n'}
[0.715360] (test_msgs) StdoutLine: {'line': b'-- Up-to-date: /home/yfu/projects/ros2-picas/install/test_msgs/share/test_msgs/cmake/ament_cmake_export_libraries-extras.cmake\n'}
[0.715628] (test_msgs) StdoutLine: {'line': b'-- Up-to-date: /home/yfu/projects/ros2-picas/install/test_msgs/share/test_msgs/cmake/ament_cmake_export_targets-extras.cmake\n'}
[0.715772] (test_msgs) StdoutLine: {'line': b'-- Up-to-date: /home/yfu/projects/ros2-picas/install/test_msgs/share/test_msgs/cmake/ament_cmake_export_include_directories-extras.cmake\n'}
[0.715906] (test_msgs) StdoutLine: {'line': b'-- Up-to-date: /home/yfu/projects/ros2-picas/install/test_msgs/share/test_msgs/cmake/rosidl_cmake_export_typesupport_targets-extras.cmake\n'}
[0.716038] (test_msgs) StdoutLine: {'line': b'-- Up-to-date: /home/yfu/projects/ros2-picas/install/test_msgs/share/test_msgs/cmake/test_msgsConfig.cmake\n'}
[0.716206] (test_msgs) StdoutLine: {'line': b'-- Up-to-date: /home/yfu/projects/ros2-picas/install/test_msgs/share/test_msgs/cmake/test_msgsConfig-version.cmake\n'}
[0.716343] (test_msgs) StdoutLine: {'line': b'-- Up-to-date: /home/yfu/projects/ros2-picas/install/test_msgs/share/test_msgs/package.xml\n'}
[0.728798] (test_msgs) CommandEnded: {'returncode': 0}
[0.801721] (-) TimerEvent: {}
[0.876156] (test_msgs) JobEnded: {'identifier': 'test_msgs', 'rc': 0}
[0.878552] (rclcpp) JobStarted: {'identifier': 'rclcpp'}
[0.898484] (rclcpp) JobProgress: {'identifier': 'rclcpp', 'progress': 'cmake'}
[0.900235] (rclcpp) JobProgress: {'identifier': 'rclcpp', 'progress': 'build'}
[0.904577] (rclcpp) Command: {'cmd': ['/usr/bin/cmake', '--build', '/home/yfu/projects/ros2-picas/build/rclcpp', '--', '-j6', '-l6'], 'cwd': '/home/yfu/projects/ros2-picas/build/rclcpp', 'env': OrderedDict([('LESSOPEN', '| /usr/bin/lesspipe %s'), ('CONDA_PROMPT_MODIFIER', '(base)'), ('USER', 'yfu'), ('SSH_CLIENT', '172.19.37.200 13487 22'), ('XDG_SESSION_TYPE', 'tty'), ('SHLVL', '1'), ('LD_LIBRARY_PATH', '/home/yfu/projects/ros2-picas/install/test_msgs/lib:/home/yfu/projects/ros2-picas/install/trace_picas/lib:/home/yfu/projects/ros2-picas/install/rclcpp/lib:/opt/ros/galactic/opt/yaml_cpp_vendor/lib:/opt/ros/galactic/lib/aarch64-linux-gnu:/opt/ros/galactic/lib'), ('MOTD_SHOWN', 'pam'), ('HOME', '/home/yfu'), ('CONDA_SHLVL', '1'), ('OLDPWD', '/home/yfu/projects'), ('SSH_TTY', '/dev/pts/0'), ('JETSON_L4T', '35.4.1'), ('ROS_PYTHON_VERSION', '3'), ('JETSON_MODEL', 'NVIDIA Orin Nano Developer Kit'), ('DBUS_SESSION_BUS_ADDRESS', 'unix:path=/run/user/1001/bus'), ('COLCON_PREFIX_PATH', '/home/yfu/projects/ros2-picas/install'), ('ROS_DISTRO', 'galactic'), ('LOGNAME', 'yfu'), ('JETSON_MODULE', 'NVIDIA Jetson Orin Nano (Developer kit)'), ('JETSON_SERIAL_NUMBER', '1421523024361'), ('_', '/usr/bin/colcon'), ('ROS_VERSION', '2'), ('JETSON_CODENAME', 'P3768'), ('XDG_SESSION_CLASS', 'user'), ('TERM', 'xterm'), ('XDG_SESSION_ID', '656'), ('ROS_LOCALHOST_ONLY', '0'), ('PATH', '/usr/bin:/home/yfu/.local/bin:/opt/ros/galactic/bin:/home/yfu/Miniconda/ENTER/bin:/home/yfu/Miniconda/ENTER/condabin:$/home/yfu/Miniconda/ENTER/bin:/usr/local/sbin:/usr/local/bin:/usr/sbin:/usr/bin:/sbin:/bin:/usr/games:/usr/local/games:/snap/bin'), ('XDG_RUNTIME_DIR', '/run/user/1001'), ('DISPLAY', 'localhost:10.0'), ('LANG', 'en_US.UTF-8'), ('LS_COLORS', 'rs=0:di=01;34:ln=01;36:mh=00:pi=40;33:so=01;35:do=01;35:bd=40;33;01:cd=40;33;01:or=40;31;01:mi=00:su=37;41:sg=30;43:ca=30;41:tw=30;42:ow=34;42:st=37;44:ex=01;32:*.tar=01;31:*.tgz=01;31:*.arc=01;31:*.arj=01;31:*.taz=01;31:*.lha=01;31:*.lz4=01;31:*.lzh=01;31:*.lzma=01;31:*.tlz=01;31:*.txz=01;31:*.tzo=01;31:*.t7z=01;31:*.zip=01;31:*.z=01;31:*.dz=01;31:*.gz=01;31:*.lrz=01;31:*.lz=01;31:*.lzo=01;31:*.xz=01;31:*.zst=01;31:*.tzst=01;31:*.bz2=01;31:*.bz=01;31:*.tbz=01;31:*.tbz2=01;31:*.tz=01;31:*.deb=01;31:*.rpm=01;31:*.jar=01;31:*.war=01;31:*.ear=01;31:*.sar=01;31:*.rar=01;31:*.alz=01;31:*.ace=01;31:*.zoo=01;31:*.cpio=01;31:*.7z=01;31:*.rz=01;31:*.cab=01;31:*.wim=01;31:*.swm=01;31:*.dwm=01;31:*.esd=01;31:*.jpg=01;35:*.jpeg=01;35:*.mjpg=01;35:*.mjpeg=01;35:*.gif=01;35:*.bmp=01;35:*.pbm=01;35:*.pgm=01;35:*.ppm=01;35:*.tga=01;35:*.xbm=01;35:*.xpm=01;35:*.tif=01;35:*.tiff=01;35:*.png=01;35:*.svg=01;35:*.svgz=01;35:*.mng=01;35:*.pcx=01;35:*.mov=01;35:*.mpg=01;35:*.mpeg=01;35:*.m2v=01;35:*.mkv=01;35:*.webm=01;35:*.ogm=01;35:*.mp4=01;35:*.m4v=01;35:*.mp4v=01;35:*.vob=01;35:*.qt=01;35:*.nuv=01;35:*.wmv=01;35:*.asf=01;35:*.rm=01;35:*.rmvb=01;35:*.flc=01;35:*.avi=01;35:*.fli=01;35:*.flv=01;35:*.gl=01;35:*.dl=01;35:*.xcf=01;35:*.xwd=01;35:*.yuv=01;35:*.cgm=01;35:*.emf=01;35:*.ogv=01;35:*.ogx=01;35:*.aac=00;36:*.au=00;36:*.flac=00;36:*.m4a=00;36:*.mid=00;36:*.midi=00;36:*.mka=00;36:*.mp3=00;36:*.mpc=00;36:*.ogg=00;36:*.ra=00;36:*.wav=00;36:*.oga=00;36:*.opus=00;36:*.spx=00;36:*.xspf=00;36:'), ('JETSON_SOC', 'tegra23x'), ('AMENT_PREFIX_PATH', '/home/yfu/projects/ros2-picas/install/picas_example_mt:/home/yfu/projects/ros2-picas/install/picas_example:/home/yfu/projects/ros2-picas/install/trace_picas:/home/yfu/projects/ros2-picas/install/test_msgs:/home/yfu/projects/ros2-picas/install/rclcpp:/opt/ros/galactic'), ('CONDA_PYTHON_EXE', '/home/yfu/Miniconda/ENTER/bin/python'), ('SHELL', '/bin/bash'), ('LESSCLOSE', '/usr/bin/lesspipe %s %s'), ('CONDA_DEFAULT_ENV', 'base'), ('JETSON_CUDA_ARCH_BIN', '8.7'), ('PWD', '/home/yfu/projects/ros2-picas/build/rclcpp'), ('CONDA_EXE', '/home/yfu/Miniconda/ENTER/bin/conda'), ('SSH_CONNECTION', '172.19.37.200 13487 192.168.0.226 22'), ('XDG_DATA_DIRS', '/usr/local/share:/usr/share:/var/lib/snapd/desktop'), ('PYTHONPATH', '/home/yfu/projects/ros2-picas/install/test_msgs/lib/python3.8/site-packages:/opt/ros/galactic/lib/python3.8/site-packages'), ('CONDA_PREFIX', '/home/yfu/Miniconda/ENTER'), ('COLCON', '1'), ('JETSON_JETPACK', '5.1.2'), ('CMAKE_PREFIX_PATH', '/home/yfu/projects/ros2-picas/install/test_msgs:/home/yfu/projects/ros2-picas/install/picas_example_mt:/home/yfu/projects/ros2-picas/install/picas_example:/home/yfu/projects/ros2-picas/install/trace_picas:/home/yfu/projects/ros2-picas/install/rclcpp:/opt/ros/galactic'), ('JETSON_P_NUMBER', 'p3767-0005')]), 'shell': False}
[0.910317] (-) TimerEvent: {}
[1.011884] (-) TimerEvent: {}
[1.113028] (-) TimerEvent: {}
[1.157809] (rclcpp) StdoutLine: {'line': b'[100%] Built target rclcpp\n'}
[1.196360] (rclcpp) CommandEnded: {'returncode': 0}
[1.198829] (rclcpp) JobProgress: {'identifier': 'rclcpp', 'progress': 'install'}
[1.199454] (rclcpp) Command: {'cmd': ['/usr/bin/cmake', '--install', '/home/yfu/projects/ros2-picas/build/rclcpp'], 'cwd': '/home/yfu/projects/ros2-picas/build/rclcpp', 'env': OrderedDict([('LESSOPEN', '| /usr/bin/lesspipe %s'), ('CONDA_PROMPT_MODIFIER', '(base)'), ('USER', 'yfu'), ('SSH_CLIENT', '172.19.37.200 13487 22'), ('XDG_SESSION_TYPE', 'tty'), ('SHLVL', '1'), ('LD_LIBRARY_PATH', '/home/yfu/projects/ros2-picas/install/test_msgs/lib:/home/yfu/projects/ros2-picas/install/trace_picas/lib:/home/yfu/projects/ros2-picas/install/rclcpp/lib:/opt/ros/galactic/opt/yaml_cpp_vendor/lib:/opt/ros/galactic/lib/aarch64-linux-gnu:/opt/ros/galactic/lib'), ('MOTD_SHOWN', 'pam'), ('HOME', '/home/yfu'), ('CONDA_SHLVL', '1'), ('OLDPWD', '/home/yfu/projects'), ('SSH_TTY', '/dev/pts/0'), ('JETSON_L4T', '35.4.1'), ('ROS_PYTHON_VERSION', '3'), ('JETSON_MODEL', 'NVIDIA Orin Nano Developer Kit'), ('DBUS_SESSION_BUS_ADDRESS', 'unix:path=/run/user/1001/bus'), ('COLCON_PREFIX_PATH', '/home/yfu/projects/ros2-picas/install'), ('ROS_DISTRO', 'galactic'), ('LOGNAME', 'yfu'), ('JETSON_MODULE', 'NVIDIA Jetson Orin Nano (Developer kit)'), ('JETSON_SERIAL_NUMBER', '1421523024361'), ('_', '/usr/bin/colcon'), ('ROS_VERSION', '2'), ('JETSON_CODENAME', 'P3768'), ('XDG_SESSION_CLASS', 'user'), ('TERM', 'xterm'), ('XDG_SESSION_ID', '656'), ('ROS_LOCALHOST_ONLY', '0'), ('PATH', '/usr/bin:/home/yfu/.local/bin:/opt/ros/galactic/bin:/home/yfu/Miniconda/ENTER/bin:/home/yfu/Miniconda/ENTER/condabin:$/home/yfu/Miniconda/ENTER/bin:/usr/local/sbin:/usr/local/bin:/usr/sbin:/usr/bin:/sbin:/bin:/usr/games:/usr/local/games:/snap/bin'), ('XDG_RUNTIME_DIR', '/run/user/1001'), ('DISPLAY', 'localhost:10.0'), ('LANG', 'en_US.UTF-8'), ('LS_COLORS', 'rs=0:di=01;34:ln=01;36:mh=00:pi=40;33:so=01;35:do=01;35:bd=40;33;01:cd=40;33;01:or=40;31;01:mi=00:su=37;41:sg=30;43:ca=30;41:tw=30;42:ow=34;42:st=37;44:ex=01;32:*.tar=01;31:*.tgz=01;31:*.arc=01;31:*.arj=01;31:*.taz=01;31:*.lha=01;31:*.lz4=01;31:*.lzh=01;31:*.lzma=01;31:*.tlz=01;31:*.txz=01;31:*.tzo=01;31:*.t7z=01;31:*.zip=01;31:*.z=01;31:*.dz=01;31:*.gz=01;31:*.lrz=01;31:*.lz=01;31:*.lzo=01;31:*.xz=01;31:*.zst=01;31:*.tzst=01;31:*.bz2=01;31:*.bz=01;31:*.tbz=01;31:*.tbz2=01;31:*.tz=01;31:*.deb=01;31:*.rpm=01;31:*.jar=01;31:*.war=01;31:*.ear=01;31:*.sar=01;31:*.rar=01;31:*.alz=01;31:*.ace=01;31:*.zoo=01;31:*.cpio=01;31:*.7z=01;31:*.rz=01;31:*.cab=01;31:*.wim=01;31:*.swm=01;31:*.dwm=01;31:*.esd=01;31:*.jpg=01;35:*.jpeg=01;35:*.mjpg=01;35:*.mjpeg=01;35:*.gif=01;35:*.bmp=01;35:*.pbm=01;35:*.pgm=01;35:*.ppm=01;35:*.tga=01;35:*.xbm=01;35:*.xpm=01;35:*.tif=01;35:*.tiff=01;35:*.png=01;35:*.svg=01;35:*.svgz=01;35:*.mng=01;35:*.pcx=01;35:*.mov=01;35:*.mpg=01;35:*.mpeg=01;35:*.m2v=01;35:*.mkv=01;35:*.webm=01;35:*.ogm=01;35:*.mp4=01;35:*.m4v=01;35:*.mp4v=01;35:*.vob=01;35:*.qt=01;35:*.nuv=01;35:*.wmv=01;35:*.asf=01;35:*.rm=01;35:*.rmvb=01;35:*.flc=01;35:*.avi=01;35:*.fli=01;35:*.flv=01;35:*.gl=01;35:*.dl=01;35:*.xcf=01;35:*.xwd=01;35:*.yuv=01;35:*.cgm=01;35:*.emf=01;35:*.ogv=01;35:*.ogx=01;35:*.aac=00;36:*.au=00;36:*.flac=00;36:*.m4a=00;36:*.mid=00;36:*.midi=00;36:*.mka=00;36:*.mp3=00;36:*.mpc=00;36:*.ogg=00;36:*.ra=00;36:*.wav=00;36:*.oga=00;36:*.opus=00;36:*.spx=00;36:*.xspf=00;36:'), ('JETSON_SOC', 'tegra23x'), ('AMENT_PREFIX_PATH', '/home/yfu/projects/ros2-picas/install/picas_example_mt:/home/yfu/projects/ros2-picas/install/picas_example:/home/yfu/projects/ros2-picas/install/trace_picas:/home/yfu/projects/ros2-picas/install/test_msgs:/home/yfu/projects/ros2-picas/install/rclcpp:/opt/ros/galactic'), ('CONDA_PYTHON_EXE', '/home/yfu/Miniconda/ENTER/bin/python'), ('SHELL', '/bin/bash'), ('LESSCLOSE', '/usr/bin/lesspipe %s %s'), ('CONDA_DEFAULT_ENV', 'base'), ('JETSON_CUDA_ARCH_BIN', '8.7'), ('PWD', '/home/yfu/projects/ros2-picas/build/rclcpp'), ('CONDA_EXE', '/home/yfu/Miniconda/ENTER/bin/conda'), ('SSH_CONNECTION', '172.19.37.200 13487 192.168.0.226 22'), ('XDG_DATA_DIRS', '/usr/local/share:/usr/share:/var/lib/snapd/desktop'), ('PYTHONPATH', '/home/yfu/projects/ros2-picas/install/test_msgs/lib/python3.8/site-packages:/opt/ros/galactic/lib/python3.8/site-packages'), ('CONDA_PREFIX', '/home/yfu/Miniconda/ENTER'), ('COLCON', '1'), ('JETSON_JETPACK', '5.1.2'), ('CMAKE_PREFIX_PATH', '/home/yfu/projects/ros2-picas/install/test_msgs:/home/yfu/projects/ros2-picas/install/picas_example_mt:/home/yfu/projects/ros2-picas/install/picas_example:/home/yfu/projects/ros2-picas/install/trace_picas:/home/yfu/projects/ros2-picas/install/rclcpp:/opt/ros/galactic'), ('JETSON_P_NUMBER', 'p3767-0005')]), 'shell': False}
[1.213274] (-) TimerEvent: {}
[1.231538] (rclcpp) StdoutLine: {'line': b'-- Install configuration: ""\n'}
[1.232255] (rclcpp) StdoutLine: {'line': b'-- Up-to-date: /home/yfu/projects/ros2-picas/install/rclcpp/lib/librclcpp.so\n'}
[1.232592] (rclcpp) StdoutLine: {'line': b'-- Up-to-date: /home/yfu/projects/ros2-picas/install/rclcpp/share/rclcpp/environment/library_path.sh\n'}
[1.232889] (rclcpp) StdoutLine: {'line': b'-- Up-to-date: /home/yfu/projects/ros2-picas/install/rclcpp/share/rclcpp/environment/library_path.dsv\n'}
[1.233162] (rclcpp) StdoutLine: {'line': b'-- Up-to-date: /home/yfu/projects/ros2-picas/install/rclcpp/share/ament_index/resource_index/package_run_dependencies/rclcpp\n'}
[1.233522] (rclcpp) StdoutLine: {'line': b'-- Up-to-date: /home/yfu/projects/ros2-picas/install/rclcpp/share/ament_index/resource_index/parent_prefix_path/rclcpp\n'}
[1.233833] (rclcpp) StdoutLine: {'line': b'-- Up-to-date: /home/yfu/projects/ros2-picas/install/rclcpp/share/rclcpp/environment/ament_prefix_path.sh\n'}
[1.234053] (rclcpp) StdoutLine: {'line': b'-- Up-to-date: /home/yfu/projects/ros2-picas/install/rclcpp/share/rclcpp/environment/ament_prefix_path.dsv\n'}
[1.234228] (rclcpp) StdoutLine: {'line': b'-- Up-to-date: /home/yfu/projects/ros2-picas/install/rclcpp/share/rclcpp/environment/path.sh\n'}
[1.234395] (rclcpp) StdoutLine: {'line': b'-- Up-to-date: /home/yfu/projects/ros2-picas/install/rclcpp/share/rclcpp/environment/path.dsv\n'}
[1.234600] (rclcpp) StdoutLine: {'line': b'-- Up-to-date: /home/yfu/projects/ros2-picas/install/rclcpp/share/rclcpp/local_setup.bash\n'}
[1.234762] (rclcpp) StdoutLine: {'line': b'-- Up-to-date: /home/yfu/projects/ros2-picas/install/rclcpp/share/rclcpp/local_setup.sh\n'}
[1.235016] (rclcpp) StdoutLine: {'line': b'-- Up-to-date: /home/yfu/projects/ros2-picas/install/rclcpp/share/rclcpp/local_setup.zsh\n'}
[1.235262] (rclcpp) StdoutLine: {'line': b'-- Up-to-date: /home/yfu/projects/ros2-picas/install/rclcpp/share/rclcpp/local_setup.dsv\n'}
[1.235511] (rclcpp) StdoutLine: {'line': b'-- Installing: /home/yfu/projects/ros2-picas/install/rclcpp/share/rclcpp/package.dsv\n'}
[1.235777] (rclcpp) StdoutLine: {'line': b'-- Up-to-date: /home/yfu/projects/ros2-picas/install/rclcpp/share/ament_index/resource_index/packages/rclcpp\n'}
[1.236026] (rclcpp) StdoutLine: {'line': b'-- Up-to-date: /home/yfu/projects/ros2-picas/install/rclcpp/share/rclcpp/cmake/rclcppExport.cmake\n'}
[1.236392] (rclcpp) StdoutLine: {'line': b'-- Up-to-date: /home/yfu/projects/ros2-picas/install/rclcpp/share/rclcpp/cmake/rclcppExport-noconfig.cmake\n'}
[1.236748] (rclcpp) StdoutLine: {'line': b'-- Up-to-date: /home/yfu/projects/ros2-picas/install/rclcpp/share/rclcpp/cmake/ament_cmake_export_include_directories-extras.cmake\n'}
[1.237095] (rclcpp) StdoutLine: {'line': b'-- Up-to-date: /home/yfu/projects/ros2-picas/install/rclcpp/share/rclcpp/cmake/ament_cmake_export_libraries-extras.cmake\n'}
[1.237468] (rclcpp) StdoutLine: {'line': b'-- Up-to-date: /home/yfu/projects/ros2-picas/install/rclcpp/share/rclcpp/cmake/ament_cmake_export_targets-extras.cmake\n'}
[1.237834] (rclcpp) StdoutLine: {'line': b'-- Up-to-date: /home/yfu/projects/ros2-picas/install/rclcpp/share/rclcpp/cmake/ament_cmake_export_dependencies-extras.cmake\n'}
[1.238206] (rclcpp) StdoutLine: {'line': b'-- Up-to-date: /home/yfu/projects/ros2-picas/install/rclcpp/share/rclcpp/cmake/rclcppConfig.cmake\n'}
[1.238557] (rclcpp) StdoutLine: {'line': b'-- Up-to-date: /home/yfu/projects/ros2-picas/install/rclcpp/share/rclcpp/cmake/rclcppConfig-version.cmake\n'}
[1.238967] (rclcpp) StdoutLine: {'line': b'-- Up-to-date: /home/yfu/projects/ros2-picas/install/rclcpp/share/rclcpp/package.xml\n'}
[1.239335] (rclcpp) StdoutLine: {'line': b'-- Up-to-date: /home/yfu/projects/ros2-picas/install/rclcpp/include\n'}
[1.239739] (rclcpp) StdoutLine: {'line': b'-- Up-to-date: /home/yfu/projects/ros2-picas/install/rclcpp/include/rclcpp\n'}
[1.240302] (rclcpp) StdoutLine: {'line': b'-- Up-to-date: /home/yfu/projects/ros2-picas/install/rclcpp/include/rclcpp/function_traits.hpp\n'}
[1.240918] (rclcpp) StdoutLine: {'line': b'-- Up-to-date: /home/yfu/projects/ros2-picas/install/rclcpp/include/rclcpp/node_impl.hpp\n'}
[1.241217] (rclcpp) StdoutLine: {'line': b'-- Up-to-date: /home/yfu/projects/ros2-picas/install/rclcpp/include/rclcpp/typesupport_helpers.hpp\n'}
[1.241559] (rclcpp) StdoutLine: {'line': b'-- Up-to-date: /home/yfu/projects/ros2-picas/install/rclcpp/include/rclcpp/publisher_factory.hpp\n'}
[1.241874] (rclcpp) StdoutLine: {'line': b'-- Up-to-date: /home/yfu/projects/ros2-picas/install/rclcpp/include/rclcpp/timer.hpp\n'}
[1.242169] (rclcpp) StdoutLine: {'line': b'-- Up-to-date: /home/yfu/projects/ros2-picas/install/rclcpp/include/rclcpp/parameter_map.hpp\n'}
[1.242458] (rclcpp) StdoutLine: {'line': b'-- Up-to-date: /home/yfu/projects/ros2-picas/install/rclcpp/include/rclcpp/experimental\n'}
[1.242807] (rclcpp) StdoutLine: {'line': b'-- Up-to-date: /home/yfu/projects/ros2-picas/install/rclcpp/include/rclcpp/experimental/subscription_intra_process_base.hpp\n'}
[1.244374] (rclcpp) StdoutLine: {'line': b'-- Up-to-date: /home/yfu/projects/ros2-picas/install/rclcpp/include/rclcpp/experimental/README.md\n'}
[1.244861] (rclcpp) StdoutLine: {'line': b'-- Up-to-date: /home/yfu/projects/ros2-picas/install/rclcpp/include/rclcpp/experimental/intra_process_manager.hpp\n'}
[1.245049] (rclcpp) StdoutLine: {'line': b'-- Up-to-date: /home/yfu/projects/ros2-picas/install/rclcpp/include/rclcpp/experimental/subscription_intra_process.hpp\n'}
[1.245218] (rclcpp) StdoutLine: {'line': b'-- Up-to-date: /home/yfu/projects/ros2-picas/install/rclcpp/include/rclcpp/experimental/buffers\n'}
[1.245391] (rclcpp) StdoutLine: {'line': b'-- Up-to-date: /home/yfu/projects/ros2-picas/install/rclcpp/include/rclcpp/experimental/buffers/intra_process_buffer.hpp\n'}
[1.245557] (rclcpp) StdoutLine: {'line': b'-- Up-to-date: /home/yfu/projects/ros2-picas/install/rclcpp/include/rclcpp/experimental/buffers/ring_buffer_implementation.hpp\n'}
[1.245777] (rclcpp) StdoutLine: {'line': b'-- Up-to-date: /home/yfu/projects/ros2-picas/install/rclcpp/include/rclcpp/experimental/buffers/buffer_implementation_base.hpp\n'}
[1.245948] (rclcpp) StdoutLine: {'line': b'-- Up-to-date: /home/yfu/projects/ros2-picas/install/rclcpp/include/rclcpp/experimental/create_intra_process_buffer.hpp\n'}
[1.246115] (rclcpp) StdoutLine: {'line': b'-- Up-to-date: /home/yfu/projects/ros2-picas/install/rclcpp/include/rclcpp/experimental/executable_list.hpp\n'}
[1.246278] (rclcpp) StdoutLine: {'line': b'-- Up-to-date: /home/yfu/projects/ros2-picas/install/rclcpp/include/rclcpp/macros.hpp\n'}
[1.246440] (rclcpp) StdoutLine: {'line': b'-- Up-to-date: /home/yfu/projects/ros2-picas/install/rclcpp/include/rclcpp/strategies\n'}
[1.246598] (rclcpp) StdoutLine: {'line': b'-- Up-to-date: /home/yfu/projects/ros2-picas/install/rclcpp/include/rclcpp/strategies/allocator_memory_strategy.hpp\n'}
[1.246760] (rclcpp) StdoutLine: {'line': b'-- Up-to-date: /home/yfu/projects/ros2-picas/install/rclcpp/include/rclcpp/strategies/message_pool_memory_strategy.hpp\n'}
[1.246915] (rclcpp) StdoutLine: {'line': b'-- Up-to-date: /home/yfu/projects/ros2-picas/install/rclcpp/include/rclcpp/any_service_callback.hpp\n'}
[1.247068] (rclcpp) StdoutLine: {'line': b'-- Up-to-date: /home/yfu/projects/ros2-picas/install/rclcpp/include/rclcpp/executors.hpp\n'}
[1.247222] (rclcpp) StdoutLine: {'line': b'-- Up-to-date: /home/yfu/projects/ros2-picas/install/rclcpp/include/rclcpp/parameter.hpp\n'}
[1.247377] (rclcpp) StdoutLine: {'line': b'-- Up-to-date: /home/yfu/projects/ros2-picas/install/rclcpp/include/rclcpp/generic_publisher.hpp\n'}
[1.247527] (rclcpp) StdoutLine: {'line': b'-- Up-to-date: /home/yfu/projects/ros2-picas/install/rclcpp/include/rclcpp/parameter_events_filter.hpp\n'}
[1.247686] (rclcpp) StdoutLine: {'line': b'-- Up-to-date: /home/yfu/projects/ros2-picas/install/rclcpp/include/rclcpp/wait_set.hpp\n'}
[1.247838] (rclcpp) StdoutLine: {'line': b'-- Up-to-date: /home/yfu/projects/ros2-picas/install/rclcpp/include/rclcpp/parameter_service.hpp\n'}
[1.248016] (rclcpp) StdoutLine: {'line': b'-- Up-to-date: /home/yfu/projects/ros2-picas/install/rclcpp/include/rclcpp/topic_statistics\n'}
[1.248241] (rclcpp) StdoutLine: {'line': b'-- Up-to-date: /home/yfu/projects/ros2-picas/install/rclcpp/include/rclcpp/topic_statistics/subscription_topic_statistics.hpp\n'}
[1.248461] (rclcpp) StdoutLine: {'line': b'-- Up-to-date: /home/yfu/projects/ros2-picas/install/rclcpp/include/rclcpp/wait_for_message.hpp\n'}
[1.248672] (rclcpp) StdoutLine: {'line': b'-- Up-to-date: /home/yfu/projects/ros2-picas/install/rclcpp/include/rclcpp/exceptions\n'}
[1.248886] (rclcpp) StdoutLine: {'line': b'-- Up-to-date: /home/yfu/projects/ros2-picas/install/rclcpp/include/rclcpp/exceptions/exceptions.hpp\n'}
[1.249128] (rclcpp) StdoutLine: {'line': b'-- Up-to-date: /home/yfu/projects/ros2-picas/install/rclcpp/include/rclcpp/future_return_code.hpp\n'}
[1.249343] (rclcpp) StdoutLine: {'line': b'-- Up-to-date: /home/yfu/projects/ros2-picas/install/rclcpp/include/rclcpp/intra_process_buffer_type.hpp\n'}
[1.249552] (rclcpp) StdoutLine: {'line': b'-- Up-to-date: /home/yfu/projects/ros2-picas/install/rclcpp/include/rclcpp/create_generic_subscription.hpp\n'}
[1.249756] (rclcpp) StdoutLine: {'line': b'-- Up-to-date: /home/yfu/projects/ros2-picas/install/rclcpp/include/rclcpp/event.hpp\n'}
[1.249959] (rclcpp) StdoutLine: {'line': b'-- Up-to-date: /home/yfu/projects/ros2-picas/install/rclcpp/include/rclcpp/qos_overriding_options.hpp\n'}
[1.250159] (rclcpp) StdoutLine: {'line': b'-- Up-to-date: /home/yfu/projects/ros2-picas/install/rclcpp/include/rclcpp/type_support_decl.hpp\n'}
[1.250357] (rclcpp) StdoutLine: {'line': b'-- Up-to-date: /home/yfu/projects/ros2-picas/install/rclcpp/include/rclcpp/topic_statistics_state.hpp\n'}
[1.250558] (rclcpp) StdoutLine: {'line': b'-- Up-to-date: /home/yfu/projects/ros2-picas/install/rclcpp/include/rclcpp/scheduler.hpp\n'}
[1.250759] (rclcpp) StdoutLine: {'line': b'-- Up-to-date: /home/yfu/projects/ros2-picas/install/rclcpp/include/rclcpp/publisher.hpp\n'}
[1.250958] (rclcpp) StdoutLine: {'line': b'-- Up-to-date: /home/yfu/projects/ros2-picas/install/rclcpp/include/rclcpp/exceptions.hpp\n'}
[1.251161] (rclcpp) StdoutLine: {'line': b'-- Up-to-date: /home/yfu/projects/ros2-picas/install/rclcpp/include/rclcpp/create_subscription.hpp\n'}
[1.251360] (rclcpp) StdoutLine: {'line': b'-- Up-to-date: /home/yfu/projects/ros2-picas/install/rclcpp/include/rclcpp/callback_group.hpp\n'}
[1.251561] (rclcpp) StdoutLine: {'line': b'-- Up-to-date: /home/yfu/projects/ros2-picas/install/rclcpp/include/rclcpp/visibility_control.hpp\n'}
[1.251757] (rclcpp) StdoutLine: {'line': b'-- Up-to-date: /home/yfu/projects/ros2-picas/install/rclcpp/include/rclcpp/node.hpp\n'}
[1.251954] (rclcpp) StdoutLine: {'line': b'-- Up-to-date: /home/yfu/projects/ros2-picas/install/rclcpp/include/rclcpp/client.hpp\n'}
[1.252198] (rclcpp) StdoutLine: {'line': b'-- Up-to-date: /home/yfu/projects/ros2-picas/install/rclcpp/include/rclcpp/duration.hpp\n'}
[1.252384] (rclcpp) StdoutLine: {'line': b'-- Up-to-date: /home/yfu/projects/ros2-picas/install/rclcpp/include/rclcpp/parameter_event_handler.hpp\n'}
[1.252563] (rclcpp) StdoutLine: {'line': b'-- Up-to-date: /home/yfu/projects/ros2-picas/install/rclcpp/include/rclcpp/clock.hpp\n'}
[1.252877] (rclcpp) StdoutLine: {'line': b'-- Up-to-date: /home/yfu/projects/ros2-picas/install/rclcpp/include/rclcpp/expand_topic_or_service_name.hpp\n'}
[1.253751] (rclcpp) StdoutLine: {'line': b'-- Up-to-date: /home/yfu/projects/ros2-picas/install/rclcpp/include/rclcpp/parameter_value.hpp\n'}
[1.255359] (rclcpp) StdoutLine: {'line': b'-- Up-to-date: /home/yfu/projects/ros2-picas/install/rclcpp/include/rclcpp/subscription_base.hpp\n'}
[1.257314] (rclcpp) StdoutLine: {'line': b'-- Up-to-date: /home/yfu/projects/ros2-picas/install/rclcpp/include/rclcpp/subscription_traits.hpp\n'}
[1.257643] (rclcpp) StdoutLine: {'line': b'-- Up-to-date: /home/yfu/projects/ros2-picas/install/rclcpp/include/rclcpp/cb_sched.hpp\n'}
[1.258283] (rclcpp) StdoutLine: {'line': b'-- Up-to-date: /home/yfu/projects/ros2-picas/install/rclcpp/include/rclcpp/memory_strategies.hpp\n'}
[1.258640] (rclcpp) StdoutLine: {'line': b'-- Up-to-date: /home/yfu/projects/ros2-picas/install/rclcpp/include/rclcpp/publisher_options.hpp\n'}
[1.259091] (rclcpp) StdoutLine: {'line': b'-- Up-to-date: /home/yfu/projects/ros2-picas/install/rclcpp/include/rclcpp/executor.hpp\n'}
[1.259608] (rclcpp) StdoutLine: {'line': b'-- Up-to-date: /home/yfu/projects/ros2-picas/install/rclcpp/include/rclcpp/rate.hpp\n'}
[1.260025] (rclcpp) StdoutLine: {'line': b'-- Up-to-date: /home/yfu/projects/ros2-picas/install/rclcpp/include/rclcpp/node_interfaces\n'}
[1.260423] (rclcpp) StdoutLine: {'line': b'-- Up-to-date: /home/yfu/projects/ros2-picas/install/rclcpp/include/rclcpp/node_interfaces/node_logging_interface.hpp\n'}
[1.260713] (rclcpp) StdoutLine: {'line': b'-- Up-to-date: /home/yfu/projects/ros2-picas/install/rclcpp/include/rclcpp/node_interfaces/node_time_source.hpp\n'}
[1.261021] (rclcpp) StdoutLine: {'line': b'-- Up-to-date: /home/yfu/projects/ros2-picas/install/rclcpp/include/rclcpp/node_interfaces/node_services_interface.hpp\n'}
[1.262322] (rclcpp) StdoutLine: {'line': b'-- Up-to-date: /home/yfu/projects/ros2-picas/install/rclcpp/include/rclcpp/node_interfaces/node_time_source_interface.hpp\n'}
[1.263480] (rclcpp) StdoutLine: {'line': b'-- Up-to-date: /home/yfu/projects/ros2-picas/install/rclcpp/include/rclcpp/node_interfaces/node_timers_interface.hpp\n'}
[1.263831] (rclcpp) StdoutLine: {'line': b'-- Up-to-date: /home/yfu/projects/ros2-picas/install/rclcpp/include/rclcpp/node_interfaces/node_parameters.hpp\n'}
[1.264436] (rclcpp) StdoutLine: {'line': b'-- Up-to-date: /home/yfu/projects/ros2-picas/install/rclcpp/include/rclcpp/node_interfaces/node_services.hpp\n'}
[1.265058] (rclcpp) StdoutLine: {'line': b'-- Up-to-date: /home/yfu/projects/ros2-picas/install/rclcpp/include/rclcpp/node_interfaces/node_waitables.hpp\n'}
[1.265548] (rclcpp) StdoutLine: {'line': b'-- Up-to-date: /home/yfu/projects/ros2-picas/install/rclcpp/include/rclcpp/node_interfaces/node_graph.hpp\n'}
[1.266352] (rclcpp) StdoutLine: {'line': b'-- Up-to-date: /home/yfu/projects/ros2-picas/install/rclcpp/include/rclcpp/node_interfaces/node_parameters_interface.hpp\n'}
[1.266671] (rclcpp) StdoutLine: {'line': b'-- Up-to-date: /home/yfu/projects/ros2-picas/install/rclcpp/include/rclcpp/node_interfaces/node_topics_interface.hpp\n'}
[1.266982] (rclcpp) StdoutLine: {'line': b'-- Up-to-date: /home/yfu/projects/ros2-picas/install/rclcpp/include/rclcpp/node_interfaces/node_base.hpp\n'}
[1.267733] (rclcpp) StdoutLine: {'line': b'-- Up-to-date: /home/yfu/projects/ros2-picas/install/rclcpp/include/rclcpp/node_interfaces/node_clock.hpp\n'}
[1.268282] (rclcpp) StdoutLine: {'line': b'-- Up-to-date: /home/yfu/projects/ros2-picas/install/rclcpp/include/rclcpp/node_interfaces/node_topics.hpp\n'}
[1.269285] (rclcpp) StdoutLine: {'line': b'-- Up-to-date: /home/yfu/projects/ros2-picas/install/rclcpp/include/rclcpp/node_interfaces/node_waitables_interface.hpp\n'}
[1.269986] (rclcpp) StdoutLine: {'line': b'-- Up-to-date: /home/yfu/projects/ros2-picas/install/rclcpp/include/rclcpp/node_interfaces/node_base_interface.hpp\n'}
[1.270335] (rclcpp) StdoutLine: {'line': b'-- Up-to-date: /home/yfu/projects/ros2-picas/install/rclcpp/include/rclcpp/node_interfaces/node_timers.hpp\n'}
[1.270954] (rclcpp) StdoutLine: {'line': b'-- Up-to-date: /home/yfu/projects/ros2-picas/install/rclcpp/include/rclcpp/node_interfaces/node_logging.hpp\n'}
[1.271511] (rclcpp) StdoutLine: {'line': b'-- Up-to-date: /home/yfu/projects/ros2-picas/install/rclcpp/include/rclcpp/node_interfaces/node_graph_interface.hpp\n'}
[1.271821] (rclcpp) StdoutLine: {'line': b'-- Up-to-date: /home/yfu/projects/ros2-picas/install/rclcpp/include/rclcpp/node_interfaces/node_clock_interface.hpp\n'}
[1.272396] (rclcpp) StdoutLine: {'line': b'-- Up-to-date: /home/yfu/projects/ros2-picas/install/rclcpp/include/rclcpp/loaned_message.hpp\n'}
[1.273097] (rclcpp) StdoutLine: {'line': b'-- Up-to-date: /home/yfu/projects/ros2-picas/install/rclcpp/include/rclcpp/serialized_message.hpp\n'}
[1.273399] (rclcpp) StdoutLine: {'line': b'-- Up-to-date: /home/yfu/projects/ros2-picas/install/rclcpp/include/rclcpp/time.hpp\n'}
[1.274649] (rclcpp) StdoutLine: {'line': b'-- Up-to-date: /home/yfu/projects/ros2-picas/install/rclcpp/include/rclcpp/parameter_client.hpp\n'}
[1.276375] (rclcpp) StdoutLine: {'line': b'-- Up-to-date: /home/yfu/projects/ros2-picas/install/rclcpp/include/rclcpp/wait_result_kind.hpp\n'}
[1.277401] (rclcpp) StdoutLine: {'line': b'-- Up-to-date: /home/yfu/projects/ros2-picas/install/rclcpp/include/rclcpp/guard_condition.hpp\n'}
[1.277715] (rclcpp) StdoutLine: {'line': b'-- Up-to-date: /home/yfu/projects/ros2-picas/install/rclcpp/include/rclcpp/subscription.hpp\n'}
[1.278766] (rclcpp) StdoutLine: {'line': b'-- Up-to-date: /home/yfu/projects/ros2-picas/install/rclcpp/include/rclcpp/subscription_wait_set_mask.hpp\n'}
[1.279103] (rclcpp) StdoutLine: {'line': b'-- Up-to-date: /home/yfu/projects/ros2-picas/install/rclcpp/include/rclcpp/logger.hpp\n'}
[1.279561] (rclcpp) StdoutLine: {'line': b'-- Up-to-date: /home/yfu/projects/ros2-picas/install/rclcpp/include/rclcpp/utilities.hpp\n'}
[1.280007] (rclcpp) StdoutLine: {'line': b'-- Up-to-date: /home/yfu/projects/ros2-picas/install/rclcpp/include/rclcpp/publisher_base.hpp\n'}
[1.281073] (rclcpp) StdoutLine: {'line': b'-- Up-to-date: /home/yfu/projects/ros2-picas/install/rclcpp/include/rclcpp/service.hpp\n'}
[1.281838] (rclcpp) StdoutLine: {'line': b'-- Up-to-date: /home/yfu/projects/ros2-picas/install/rclcpp/include/rclcpp/memory_strategy.hpp\n'}
[1.282071] (rclcpp) StdoutLine: {'line': b'-- Up-to-date: /home/yfu/projects/ros2-picas/install/rclcpp/include/rclcpp/qos_event.hpp\n'}
[1.282416] (rclcpp) StdoutLine: {'line': b'-- Up-to-date: /home/yfu/projects/ros2-picas/install/rclcpp/include/rclcpp/node_options.hpp\n'}
[1.282807] (rclcpp) StdoutLine: {'line': b'-- Up-to-date: /home/yfu/projects/ros2-picas/install/rclcpp/include/rclcpp/graph_listener.hpp\n'}
[1.283888] (rclcpp) StdoutLine: {'line': b'-- Up-to-date: /home/yfu/projects/ros2-picas/install/rclcpp/include/rclcpp/network_flow_endpoint.hpp\n'}
[1.284253] (rclcpp) StdoutLine: {'line': b'-- Up-to-date: /home/yfu/projects/ros2-picas/install/rclcpp/include/rclcpp/message_info.hpp\n'}
[1.284588] (rclcpp) StdoutLine: {'line': b'-- Up-to-date: /home/yfu/projects/ros2-picas/install/rclcpp/include/rclcpp/create_generic_publisher.hpp\n'}
[1.285264] (rclcpp) StdoutLine: {'line': b'-- Up-to-date: /home/yfu/projects/ros2-picas/install/rclcpp/include/rclcpp/wait_set_template.hpp\n'}
[1.285574] (rclcpp) StdoutLine: {'line': b'-- Up-to-date: /home/yfu/projects/ros2-picas/install/rclcpp/include/rclcpp/contexts\n'}
[1.286123] (rclcpp) StdoutLine: {'line': b'-- Up-to-date: /home/yfu/projects/ros2-picas/install/rclcpp/include/rclcpp/contexts/default_context.hpp\n'}
[1.287397] (rclcpp) StdoutLine: {'line': b'-- Up-to-date: /home/yfu/projects/ros2-picas/install/rclcpp/include/rclcpp/any_subscription_callback.hpp\n'}
[1.288704] (rclcpp) StdoutLine: {'line': b'-- Up-to-date: /home/yfu/projects/ros2-picas/install/rclcpp/include/rclcpp/wait_set_policies\n'}
[1.289412] (rclcpp) StdoutLine: {'line': b'-- Up-to-date: /home/yfu/projects/ros2-picas/install/rclcpp/include/rclcpp/wait_set_policies/thread_safe_synchronization.hpp\n'}
[1.289812] (rclcpp) StdoutLine: {'line': b'-- Up-to-date: /home/yfu/projects/ros2-picas/install/rclcpp/include/rclcpp/wait_set_policies/detail\n'}
[1.290471] (rclcpp) StdoutLine: {'line': b'-- Up-to-date: /home/yfu/projects/ros2-picas/install/rclcpp/include/rclcpp/wait_set_policies/detail/write_preferring_read_write_lock.hpp\n'}
[1.290938] (rclcpp) StdoutLine: {'line': b'-- Up-to-date: /home/yfu/projects/ros2-picas/install/rclcpp/include/rclcpp/wait_set_policies/detail/synchronization_policy_common.hpp\n'}
[1.291334] (rclcpp) StdoutLine: {'line': b'-- Up-to-date: /home/yfu/projects/ros2-picas/install/rclcpp/include/rclcpp/wait_set_policies/detail/storage_policy_common.hpp\n'}
[1.291852] (rclcpp) StdoutLine: {'line': b'-- Up-to-date: /home/yfu/projects/ros2-picas/install/rclcpp/include/rclcpp/wait_set_policies/static_storage.hpp\n'}
[1.293010] (rclcpp) StdoutLine: {'line': b'-- Up-to-date: /home/yfu/projects/ros2-picas/install/rclcpp/include/rclcpp/wait_set_policies/dynamic_storage.hpp\n'}
[1.293955] (rclcpp) StdoutLine: {'line': b'-- Up-to-date: /home/yfu/projects/ros2-picas/install/rclcpp/include/rclcpp/wait_set_policies/sequential_synchronization.hpp\n'}
[1.294254] (rclcpp) StdoutLine: {'line': b'-- Up-to-date: /home/yfu/projects/ros2-picas/install/rclcpp/include/rclcpp/rclcpp.hpp\n'}
[1.294455] (rclcpp) StdoutLine: {'line': b'-- Up-to-date: /home/yfu/projects/ros2-picas/install/rclcpp/include/rclcpp/subscription_factory.hpp\n'}
[1.294644] (rclcpp) StdoutLine: {'line': b'-- Up-to-date: /home/yfu/projects/ros2-picas/install/rclcpp/include/rclcpp/generic_subscription.hpp\n'}
[1.294867] (rclcpp) StdoutLine: {'line': b'-- Up-to-date: /home/yfu/projects/ros2-picas/install/rclcpp/include/rclcpp/qos.hpp\n'}
[1.295057] (rclcpp) StdoutLine: {'line': b'-- Up-to-date: /home/yfu/projects/ros2-picas/install/rclcpp/include/rclcpp/executors\n'}
[1.295247] (rclcpp) StdoutLine: {'line': b'-- Up-to-date: /home/yfu/projects/ros2-picas/install/rclcpp/include/rclcpp/executors/single_threaded_executor.hpp\n'}
[1.295427] (rclcpp) StdoutLine: {'line': b'-- Up-to-date: /home/yfu/projects/ros2-picas/install/rclcpp/include/rclcpp/executors/multi_threaded_executor.hpp\n'}
[1.295604] (rclcpp) StdoutLine: {'line': b'-- Up-to-date: /home/yfu/projects/ros2-picas/install/rclcpp/include/rclcpp/executors/static_single_threaded_executor.hpp\n'}
[1.295780] (rclcpp) StdoutLine: {'line': b'-- Up-to-date: /home/yfu/projects/ros2-picas/install/rclcpp/include/rclcpp/executors/static_executor_entities_collector.hpp\n'}
[1.295955] (rclcpp) StdoutLine: {'line': b'-- Up-to-date: /home/yfu/projects/ros2-picas/install/rclcpp/include/rclcpp/detail\n'}
[1.296163] (rclcpp) StdoutLine: {'line': b'-- Up-to-date: /home/yfu/projects/ros2-picas/install/rclcpp/include/rclcpp/detail/rmw_implementation_specific_payload.hpp\n'}
[1.296344] (rclcpp) StdoutLine: {'line': b'-- Up-to-date: /home/yfu/projects/ros2-picas/install/rclcpp/include/rclcpp/detail/resolve_enable_topic_statistics.hpp\n'}
[1.296515] (rclcpp) StdoutLine: {'line': b'-- Up-to-date: /home/yfu/projects/ros2-picas/install/rclcpp/include/rclcpp/detail/README.md\n'}
[1.296681] (rclcpp) StdoutLine: {'line': b'-- Up-to-date: /home/yfu/projects/ros2-picas/install/rclcpp/include/rclcpp/detail/resolve_use_intra_process.hpp\n'}
[1.296844] (rclcpp) StdoutLine: {'line': b'-- Up-to-date: /home/yfu/projects/ros2-picas/install/rclcpp/include/rclcpp/detail/subscription_callback_type_helper.hpp\n'}
[1.297005] (rclcpp) StdoutLine: {'line': b'-- Up-to-date: /home/yfu/projects/ros2-picas/install/rclcpp/include/rclcpp/detail/qos_parameters.hpp\n'}
[1.297166] (rclcpp) StdoutLine: {'line': b'-- Up-to-date: /home/yfu/projects/ros2-picas/install/rclcpp/include/rclcpp/detail/utilities.hpp\n'}
[1.297328] (rclcpp) StdoutLine: {'line': b'-- Up-to-date: /home/yfu/projects/ros2-picas/install/rclcpp/include/rclcpp/detail/mutex_two_priorities.hpp\n'}
[1.297489] (rclcpp) StdoutLine: {'line': b'-- Up-to-date: /home/yfu/projects/ros2-picas/install/rclcpp/include/rclcpp/detail/rmw_implementation_specific_subscription_payload.hpp\n'}
[1.297652] (rclcpp) StdoutLine: {'line': b'-- Up-to-date: /home/yfu/projects/ros2-picas/install/rclcpp/include/rclcpp/detail/rmw_implementation_specific_publisher_payload.hpp\n'}
[1.297817] (rclcpp) StdoutLine: {'line': b'-- Up-to-date: /home/yfu/projects/ros2-picas/install/rclcpp/include/rclcpp/detail/resolve_intra_process_buffer_type.hpp\n'}
[1.298027] (rclcpp) StdoutLine: {'line': b'-- Up-to-date: /home/yfu/projects/ros2-picas/install/rclcpp/include/rclcpp/create_publisher.hpp\n'}
[1.298206] (rclcpp) StdoutLine: {'line': b'-- Up-to-date: /home/yfu/projects/ros2-picas/install/rclcpp/include/rclcpp/allocator\n'}
[1.298373] (rclcpp) StdoutLine: {'line': b'-- Up-to-date: /home/yfu/projects/ros2-picas/install/rclcpp/include/rclcpp/allocator/allocator_deleter.hpp\n'}
[1.298537] (rclcpp) StdoutLine: {'line': b'-- Up-to-date: /home/yfu/projects/ros2-picas/install/rclcpp/include/rclcpp/allocator/allocator_common.hpp\n'}
[1.298718] (rclcpp) StdoutLine: {'line': b'-- Up-to-date: /home/yfu/projects/ros2-picas/install/rclcpp/include/rclcpp/any_executable.hpp\n'}
[1.298892] (rclcpp) StdoutLine: {'line': b'-- Up-to-date: /home/yfu/projects/ros2-picas/install/rclcpp/include/rclcpp/create_timer.hpp\n'}
[1.299063] (rclcpp) StdoutLine: {'line': b'-- Up-to-date: /home/yfu/projects/ros2-picas/install/rclcpp/include/rclcpp/intra_process_setting.hpp\n'}
[1.299235] (rclcpp) StdoutLine: {'line': b'-- Up-to-date: /home/yfu/projects/ros2-picas/install/rclcpp/include/rclcpp/time_source.hpp\n'}
[1.299410] (rclcpp) StdoutLine: {'line': b'-- Up-to-date: /home/yfu/projects/ros2-picas/install/rclcpp/include/rclcpp/scope_exit.hpp\n'}
[1.299597] (rclcpp) StdoutLine: {'line': b'-- Up-to-date: /home/yfu/projects/ros2-picas/install/rclcpp/include/rclcpp/create_client.hpp\n'}
[1.299770] (rclcpp) StdoutLine: {'line': b'-- Up-to-date: /home/yfu/projects/ros2-picas/install/rclcpp/include/rclcpp/serialization.hpp\n'}
[1.299934] (rclcpp) StdoutLine: {'line': b'-- Up-to-date: /home/yfu/projects/ros2-picas/install/rclcpp/include/rclcpp/waitable.hpp\n'}
[1.300125] (rclcpp) StdoutLine: {'line': b'-- Up-to-date: /home/yfu/projects/ros2-picas/install/rclcpp/include/rclcpp/wait_result.hpp\n'}
[1.300304] (rclcpp) StdoutLine: {'line': b'-- Up-to-date: /home/yfu/projects/ros2-picas/install/rclcpp/include/rclcpp/message_memory_strategy.hpp\n'}
[1.300463] (rclcpp) StdoutLine: {'line': b'-- Up-to-date: /home/yfu/projects/ros2-picas/install/rclcpp/include/rclcpp/subscription_options.hpp\n'}
[1.300622] (rclcpp) StdoutLine: {'line': b'-- Up-to-date: /home/yfu/projects/ros2-picas/install/rclcpp/include/rclcpp/executor_options.hpp\n'}
[1.300779] (rclcpp) StdoutLine: {'line': b'-- Up-to-date: /home/yfu/projects/ros2-picas/install/rclcpp/include/rclcpp/init_options.hpp\n'}
[1.300938] (rclcpp) StdoutLine: {'line': b'-- Up-to-date: /home/yfu/projects/ros2-picas/install/rclcpp/include/rclcpp/create_service.hpp\n'}
[1.301096] (rclcpp) StdoutLine: {'line': b'-- Up-to-date: /home/yfu/projects/ros2-picas/install/rclcpp/include/rclcpp/context.hpp\n'}
[1.301252] (rclcpp) StdoutLine: {'line': b'-- Up-to-date: /home/yfu/projects/ros2-picas/install/rclcpp/include\n'}
[1.301405] (rclcpp) StdoutLine: {'line': b'-- Up-to-date: /home/yfu/projects/ros2-picas/install/rclcpp/include/rclcpp\n'}
[1.301560] (rclcpp) StdoutLine: {'line': b'-- Up-to-date: /home/yfu/projects/ros2-picas/install/rclcpp/include/rclcpp/logging.hpp\n'}
[1.301715] (rclcpp) StdoutLine: {'line': b'-- Up-to-date: /home/yfu/projects/ros2-picas/install/rclcpp/include/rclcpp/node_interfaces\n'}
[1.301869] (rclcpp) StdoutLine: {'line': b'-- Up-to-date: /home/yfu/projects/ros2-picas/install/rclcpp/include/rclcpp/node_interfaces/get_node_timers_interface.hpp\n'}
[1.302027] (rclcpp) StdoutLine: {'line': b'-- Up-to-date: /home/yfu/projects/ros2-picas/install/rclcpp/include/rclcpp/node_interfaces/node_timers_interface_traits.hpp\n'}
[1.302180] (rclcpp) StdoutLine: {'line': b'-- Up-to-date: /home/yfu/projects/ros2-picas/install/rclcpp/include/rclcpp/node_interfaces/get_node_clock_interface.hpp\n'}
[1.302334] (rclcpp) StdoutLine: {'line': b'-- Up-to-date: /home/yfu/projects/ros2-picas/install/rclcpp/include/rclcpp/node_interfaces/node_services_interface_traits.hpp\n'}
[1.302487] (rclcpp) StdoutLine: {'line': b'-- Up-to-date: /home/yfu/projects/ros2-picas/install/rclcpp/include/rclcpp/node_interfaces/get_node_topics_interface.hpp\n'}
[1.302641] (rclcpp) StdoutLine: {'line': b'-- Up-to-date: /home/yfu/projects/ros2-picas/install/rclcpp/include/rclcpp/node_interfaces/node_waitables_interface_traits.hpp\n'}
[1.302798] (rclcpp) StdoutLine: {'line': b'-- Up-to-date: /home/yfu/projects/ros2-picas/install/rclcpp/include/rclcpp/node_interfaces/node_logging_interface_traits.hpp\n'}
[1.302954] (rclcpp) StdoutLine: {'line': b'-- Up-to-date: /home/yfu/projects/ros2-picas/install/rclcpp/include/rclcpp/node_interfaces/get_node_graph_interface.hpp\n'}
[1.303113] (rclcpp) StdoutLine: {'line': b'-- Up-to-date: /home/yfu/projects/ros2-picas/install/rclcpp/include/rclcpp/node_interfaces/get_node_services_interface.hpp\n'}
[1.303266] (rclcpp) StdoutLine: {'line': b'-- Up-to-date: /home/yfu/projects/ros2-picas/install/rclcpp/include/rclcpp/node_interfaces/get_node_waitables_interface.hpp\n'}
[1.303421] (rclcpp) StdoutLine: {'line': b'-- Up-to-date: /home/yfu/projects/ros2-picas/install/rclcpp/include/rclcpp/node_interfaces/get_node_time_source_interface.hpp\n'}
[1.303575] (rclcpp) StdoutLine: {'line': b'-- Up-to-date: /home/yfu/projects/ros2-picas/install/rclcpp/include/rclcpp/node_interfaces/node_base_interface_traits.hpp\n'}
[1.303730] (rclcpp) StdoutLine: {'line': b'-- Up-to-date: /home/yfu/projects/ros2-picas/install/rclcpp/include/rclcpp/node_interfaces/node_clock_interface_traits.hpp\n'}
[1.303910] (rclcpp) StdoutLine: {'line': b'-- Up-to-date: /home/yfu/projects/ros2-picas/install/rclcpp/include/rclcpp/node_interfaces/node_graph_interface_traits.hpp\n'}
[1.304075] (rclcpp) StdoutLine: {'line': b'-- Up-to-date: /home/yfu/projects/ros2-picas/install/rclcpp/include/rclcpp/node_interfaces/node_parameters_interface_traits.hpp\n'}
[1.304269] (rclcpp) StdoutLine: {'line': b'-- Up-to-date: /home/yfu/projects/ros2-picas/install/rclcpp/include/rclcpp/node_interfaces/get_node_parameters_interface.hpp\n'}
[1.304457] (rclcpp) StdoutLine: {'line': b'-- Up-to-date: /home/yfu/projects/ros2-picas/install/rclcpp/include/rclcpp/node_interfaces/get_node_base_interface.hpp\n'}
[1.304609] (rclcpp) StdoutLine: {'line': b'-- Up-to-date: /home/yfu/projects/ros2-picas/install/rclcpp/include/rclcpp/node_interfaces/node_time_source_interface_traits.hpp\n'}
[1.304758] (rclcpp) StdoutLine: {'line': b'-- Up-to-date: /home/yfu/projects/ros2-picas/install/rclcpp/include/rclcpp/node_interfaces/node_topics_interface_traits.hpp\n'}
[1.304905] (rclcpp) StdoutLine: {'line': b'-- Up-to-date: /home/yfu/projects/ros2-picas/install/rclcpp/include/rclcpp/node_interfaces/get_node_logging_interface.hpp\n'}
[1.305058] (rclcpp) CommandEnded: {'returncode': 0}
[1.313335] (-) TimerEvent: {}
[1.402105] (rclcpp) JobEnded: {'identifier': 'rclcpp', 'rc': 0}
[1.404637] (trace_picas) JobStarted: {'identifier': 'trace_picas'}
[1.413783] (-) TimerEvent: {}
[1.427594] (trace_picas) JobProgress: {'identifier': 'trace_picas', 'progress': 'cmake'}
[1.429570] (trace_picas) JobProgress: {'identifier': 'trace_picas', 'progress': 'build'}
[1.436439] (trace_picas) Command: {'cmd': ['/usr/bin/cmake', '--build', '/home/yfu/projects/ros2-picas/build/trace_picas', '--', '-j6', '-l6'], 'cwd': '/home/yfu/projects/ros2-picas/build/trace_picas', 'env': OrderedDict([('LESSOPEN', '| /usr/bin/lesspipe %s'), ('CONDA_PROMPT_MODIFIER', '(base)'), ('USER', 'yfu'), ('SSH_CLIENT', '172.19.37.200 13487 22'), ('XDG_SESSION_TYPE', 'tty'), ('SHLVL', '1'), ('LD_LIBRARY_PATH', '/home/yfu/projects/ros2-picas/install/rclcpp/lib:/home/yfu/projects/ros2-picas/install/test_msgs/lib:/home/yfu/projects/ros2-picas/install/trace_picas/lib:/opt/ros/galactic/opt/yaml_cpp_vendor/lib:/opt/ros/galactic/lib/aarch64-linux-gnu:/opt/ros/galactic/lib'), ('MOTD_SHOWN', 'pam'), ('HOME', '/home/yfu'), ('CONDA_SHLVL', '1'), ('OLDPWD', '/home/yfu/projects'), ('SSH_TTY', '/dev/pts/0'), ('JETSON_L4T', '35.4.1'), ('ROS_PYTHON_VERSION', '3'), ('JETSON_MODEL', 'NVIDIA Orin Nano Developer Kit'), ('DBUS_SESSION_BUS_ADDRESS', 'unix:path=/run/user/1001/bus'), ('COLCON_PREFIX_PATH', '/home/yfu/projects/ros2-picas/install'), ('ROS_DISTRO', 'galactic'), ('LOGNAME', 'yfu'), ('JETSON_MODULE', 'NVIDIA Jetson Orin Nano (Developer kit)'), ('JETSON_SERIAL_NUMBER', '1421523024361'), ('_', '/usr/bin/colcon'), ('ROS_VERSION', '2'), ('JETSON_CODENAME', 'P3768'), ('XDG_SESSION_CLASS', 'user'), ('TERM', 'xterm'), ('XDG_SESSION_ID', '656'), ('ROS_LOCALHOST_ONLY', '0'), ('PATH', '/usr/bin:/home/yfu/.local/bin:/opt/ros/galactic/bin:/home/yfu/Miniconda/ENTER/bin:/home/yfu/Miniconda/ENTER/condabin:$/home/yfu/Miniconda/ENTER/bin:/usr/local/sbin:/usr/local/bin:/usr/sbin:/usr/bin:/sbin:/bin:/usr/games:/usr/local/games:/snap/bin'), ('XDG_RUNTIME_DIR', '/run/user/1001'), ('DISPLAY', 'localhost:10.0'), ('LANG', 'en_US.UTF-8'), ('LS_COLORS', 'rs=0:di=01;34:ln=01;36:mh=00:pi=40;33:so=01;35:do=01;35:bd=40;33;01:cd=40;33;01:or=40;31;01:mi=00:su=37;41:sg=30;43:ca=30;41:tw=30;42:ow=34;42:st=37;44:ex=01;32:*.tar=01;31:*.tgz=01;31:*.arc=01;31:*.arj=01;31:*.taz=01;31:*.lha=01;31:*.lz4=01;31:*.lzh=01;31:*.lzma=01;31:*.tlz=01;31:*.txz=01;31:*.tzo=01;31:*.t7z=01;31:*.zip=01;31:*.z=01;31:*.dz=01;31:*.gz=01;31:*.lrz=01;31:*.lz=01;31:*.lzo=01;31:*.xz=01;31:*.zst=01;31:*.tzst=01;31:*.bz2=01;31:*.bz=01;31:*.tbz=01;31:*.tbz2=01;31:*.tz=01;31:*.deb=01;31:*.rpm=01;31:*.jar=01;31:*.war=01;31:*.ear=01;31:*.sar=01;31:*.rar=01;31:*.alz=01;31:*.ace=01;31:*.zoo=01;31:*.cpio=01;31:*.7z=01;31:*.rz=01;31:*.cab=01;31:*.wim=01;31:*.swm=01;31:*.dwm=01;31:*.esd=01;31:*.jpg=01;35:*.jpeg=01;35:*.mjpg=01;35:*.mjpeg=01;35:*.gif=01;35:*.bmp=01;35:*.pbm=01;35:*.pgm=01;35:*.ppm=01;35:*.tga=01;35:*.xbm=01;35:*.xpm=01;35:*.tif=01;35:*.tiff=01;35:*.png=01;35:*.svg=01;35:*.svgz=01;35:*.mng=01;35:*.pcx=01;35:*.mov=01;35:*.mpg=01;35:*.mpeg=01;35:*.m2v=01;35:*.mkv=01;35:*.webm=01;35:*.ogm=01;35:*.mp4=01;35:*.m4v=01;35:*.mp4v=01;35:*.vob=01;35:*.qt=01;35:*.nuv=01;35:*.wmv=01;35:*.asf=01;35:*.rm=01;35:*.rmvb=01;35:*.flc=01;35:*.avi=01;35:*.fli=01;35:*.flv=01;35:*.gl=01;35:*.dl=01;35:*.xcf=01;35:*.xwd=01;35:*.yuv=01;35:*.cgm=01;35:*.emf=01;35:*.ogv=01;35:*.ogx=01;35:*.aac=00;36:*.au=00;36:*.flac=00;36:*.m4a=00;36:*.mid=00;36:*.midi=00;36:*.mka=00;36:*.mp3=00;36:*.mpc=00;36:*.ogg=00;36:*.ra=00;36:*.wav=00;36:*.oga=00;36:*.opus=00;36:*.spx=00;36:*.xspf=00;36:'), ('JETSON_SOC', 'tegra23x'), ('AMENT_PREFIX_PATH', '/home/yfu/projects/ros2-picas/install/picas_example_mt:/home/yfu/projects/ros2-picas/install/picas_example:/home/yfu/projects/ros2-picas/install/trace_picas:/home/yfu/projects/ros2-picas/install/test_msgs:/home/yfu/projects/ros2-picas/install/rclcpp:/opt/ros/galactic'), ('CONDA_PYTHON_EXE', '/home/yfu/Miniconda/ENTER/bin/python'), ('SHELL', '/bin/bash'), ('LESSCLOSE', '/usr/bin/lesspipe %s %s'), ('CONDA_DEFAULT_ENV', 'base'), ('JETSON_CUDA_ARCH_BIN', '8.7'), ('PWD', '/home/yfu/projects/ros2-picas/build/trace_picas'), ('CONDA_EXE', '/home/yfu/Miniconda/ENTER/bin/conda'), ('SSH_CONNECTION', '172.19.37.200 13487 192.168.0.226 22'), ('XDG_DATA_DIRS', '/usr/local/share:/usr/share:/var/lib/snapd/desktop'), ('PYTHONPATH', '/home/yfu/projects/ros2-picas/install/test_msgs/lib/python3.8/site-packages:/opt/ros/galactic/lib/python3.8/site-packages'), ('CONDA_PREFIX', '/home/yfu/Miniconda/ENTER'), ('COLCON', '1'), ('JETSON_JETPACK', '5.1.2'), ('CMAKE_PREFIX_PATH', '/home/yfu/projects/ros2-picas/install/rclcpp:/home/yfu/projects/ros2-picas/install/test_msgs:/home/yfu/projects/ros2-picas/install/picas_example_mt:/home/yfu/projects/ros2-picas/install/picas_example:/home/yfu/projects/ros2-picas/install/trace_picas:/opt/ros/galactic'), ('JETSON_P_NUMBER', 'p3767-0005')]), 'shell': False}
[1.514029] (-) TimerEvent: {}
[1.579454] (trace_picas) StdoutLine: {'line': b'[100%] Built target trace_picas\n'}
[1.610656] (trace_picas) CommandEnded: {'returncode': 0}
[1.613531] (trace_picas) JobProgress: {'identifier': 'trace_picas', 'progress': 'install'}
[1.614262] (trace_picas) Command: {'cmd': ['/usr/bin/cmake', '--install', '/home/yfu/projects/ros2-picas/build/trace_picas'], 'cwd': '/home/yfu/projects/ros2-picas/build/trace_picas', 'env': OrderedDict([('LESSOPEN', '| /usr/bin/lesspipe %s'), ('CONDA_PROMPT_MODIFIER', '(base)'), ('USER', 'yfu'), ('SSH_CLIENT', '172.19.37.200 13487 22'), ('XDG_SESSION_TYPE', 'tty'), ('SHLVL', '1'), ('LD_LIBRARY_PATH', '/home/yfu/projects/ros2-picas/install/rclcpp/lib:/home/yfu/projects/ros2-picas/install/test_msgs/lib:/home/yfu/projects/ros2-picas/install/trace_picas/lib:/opt/ros/galactic/opt/yaml_cpp_vendor/lib:/opt/ros/galactic/lib/aarch64-linux-gnu:/opt/ros/galactic/lib'), ('MOTD_SHOWN', 'pam'), ('HOME', '/home/yfu'), ('CONDA_SHLVL', '1'), ('OLDPWD', '/home/yfu/projects'), ('SSH_TTY', '/dev/pts/0'), ('JETSON_L4T', '35.4.1'), ('ROS_PYTHON_VERSION', '3'), ('JETSON_MODEL', 'NVIDIA Orin Nano Developer Kit'), ('DBUS_SESSION_BUS_ADDRESS', 'unix:path=/run/user/1001/bus'), ('COLCON_PREFIX_PATH', '/home/yfu/projects/ros2-picas/install'), ('ROS_DISTRO', 'galactic'), ('LOGNAME', 'yfu'), ('JETSON_MODULE', 'NVIDIA Jetson Orin Nano (Developer kit)'), ('JETSON_SERIAL_NUMBER', '1421523024361'), ('_', '/usr/bin/colcon'), ('ROS_VERSION', '2'), ('JETSON_CODENAME', 'P3768'), ('XDG_SESSION_CLASS', 'user'), ('TERM', 'xterm'), ('XDG_SESSION_ID', '656'), ('ROS_LOCALHOST_ONLY', '0'), ('PATH', '/usr/bin:/home/yfu/.local/bin:/opt/ros/galactic/bin:/home/yfu/Miniconda/ENTER/bin:/home/yfu/Miniconda/ENTER/condabin:$/home/yfu/Miniconda/ENTER/bin:/usr/local/sbin:/usr/local/bin:/usr/sbin:/usr/bin:/sbin:/bin:/usr/games:/usr/local/games:/snap/bin'), ('XDG_RUNTIME_DIR', '/run/user/1001'), ('DISPLAY', 'localhost:10.0'), ('LANG', 'en_US.UTF-8'), ('LS_COLORS', 'rs=0:di=01;34:ln=01;36:mh=00:pi=40;33:so=01;35:do=01;35:bd=40;33;01:cd=40;33;01:or=40;31;01:mi=00:su=37;41:sg=30;43:ca=30;41:tw=30;42:ow=34;42:st=37;44:ex=01;32:*.tar=01;31:*.tgz=01;31:*.arc=01;31:*.arj=01;31:*.taz=01;31:*.lha=01;31:*.lz4=01;31:*.lzh=01;31:*.lzma=01;31:*.tlz=01;31:*.txz=01;31:*.tzo=01;31:*.t7z=01;31:*.zip=01;31:*.z=01;31:*.dz=01;31:*.gz=01;31:*.lrz=01;31:*.lz=01;31:*.lzo=01;31:*.xz=01;31:*.zst=01;31:*.tzst=01;31:*.bz2=01;31:*.bz=01;31:*.tbz=01;31:*.tbz2=01;31:*.tz=01;31:*.deb=01;31:*.rpm=01;31:*.jar=01;31:*.war=01;31:*.ear=01;31:*.sar=01;31:*.rar=01;31:*.alz=01;31:*.ace=01;31:*.zoo=01;31:*.cpio=01;31:*.7z=01;31:*.rz=01;31:*.cab=01;31:*.wim=01;31:*.swm=01;31:*.dwm=01;31:*.esd=01;31:*.jpg=01;35:*.jpeg=01;35:*.mjpg=01;35:*.mjpeg=01;35:*.gif=01;35:*.bmp=01;35:*.pbm=01;35:*.pgm=01;35:*.ppm=01;35:*.tga=01;35:*.xbm=01;35:*.xpm=01;35:*.tif=01;35:*.tiff=01;35:*.png=01;35:*.svg=01;35:*.svgz=01;35:*.mng=01;35:*.pcx=01;35:*.mov=01;35:*.mpg=01;35:*.mpeg=01;35:*.m2v=01;35:*.mkv=01;35:*.webm=01;35:*.ogm=01;35:*.mp4=01;35:*.m4v=01;35:*.mp4v=01;35:*.vob=01;35:*.qt=01;35:*.nuv=01;35:*.wmv=01;35:*.asf=01;35:*.rm=01;35:*.rmvb=01;35:*.flc=01;35:*.avi=01;35:*.fli=01;35:*.flv=01;35:*.gl=01;35:*.dl=01;35:*.xcf=01;35:*.xwd=01;35:*.yuv=01;35:*.cgm=01;35:*.emf=01;35:*.ogv=01;35:*.ogx=01;35:*.aac=00;36:*.au=00;36:*.flac=00;36:*.m4a=00;36:*.mid=00;36:*.midi=00;36:*.mka=00;36:*.mp3=00;36:*.mpc=00;36:*.ogg=00;36:*.ra=00;36:*.wav=00;36:*.oga=00;36:*.opus=00;36:*.spx=00;36:*.xspf=00;36:'), ('JETSON_SOC', 'tegra23x'), ('AMENT_PREFIX_PATH', '/home/yfu/projects/ros2-picas/install/picas_example_mt:/home/yfu/projects/ros2-picas/install/picas_example:/home/yfu/projects/ros2-picas/install/trace_picas:/home/yfu/projects/ros2-picas/install/test_msgs:/home/yfu/projects/ros2-picas/install/rclcpp:/opt/ros/galactic'), ('CONDA_PYTHON_EXE', '/home/yfu/Miniconda/ENTER/bin/python'), ('SHELL', '/bin/bash'), ('LESSCLOSE', '/usr/bin/lesspipe %s %s'), ('CONDA_DEFAULT_ENV', 'base'), ('JETSON_CUDA_ARCH_BIN', '8.7'), ('PWD', '/home/yfu/projects/ros2-picas/build/trace_picas'), ('CONDA_EXE', '/home/yfu/Miniconda/ENTER/bin/conda'), ('SSH_CONNECTION', '172.19.37.200 13487 192.168.0.226 22'), ('XDG_DATA_DIRS', '/usr/local/share:/usr/share:/var/lib/snapd/desktop'), ('PYTHONPATH', '/home/yfu/projects/ros2-picas/install/test_msgs/lib/python3.8/site-packages:/opt/ros/galactic/lib/python3.8/site-packages'), ('CONDA_PREFIX', '/home/yfu/Miniconda/ENTER'), ('COLCON', '1'), ('JETSON_JETPACK', '5.1.2'), ('CMAKE_PREFIX_PATH', '/home/yfu/projects/ros2-picas/install/rclcpp:/home/yfu/projects/ros2-picas/install/test_msgs:/home/yfu/projects/ros2-picas/install/picas_example_mt:/home/yfu/projects/ros2-picas/install/picas_example:/home/yfu/projects/ros2-picas/install/trace_picas:/opt/ros/galactic'), ('JETSON_P_NUMBER', 'p3767-0005')]), 'shell': False}
[1.620616] (-) TimerEvent: {}
[1.642294] (trace_picas) StdoutLine: {'line': b'-- Install configuration: ""\n'}
[1.643323] (trace_picas) StdoutLine: {'line': b'-- Up-to-date: /home/yfu/projects/ros2-picas/install/trace_picas/share/trace_picas/environment/library_path.sh\n'}
[1.643607] (trace_picas) StdoutLine: {'line': b'-- Up-to-date: /home/yfu/projects/ros2-picas/install/trace_picas/share/trace_picas/environment/library_path.dsv\n'}
[1.643828] (trace_picas) StdoutLine: {'line': b'-- Up-to-date: /home/yfu/projects/ros2-picas/install/trace_picas/include/trace_picas/\n'}
[1.644223] (trace_picas) StdoutLine: {'line': b'-- Up-to-date: /home/yfu/projects/ros2-picas/install/trace_picas/include/trace_picas//trace.hpp\n'}
[1.644599] (trace_picas) StdoutLine: {'line': b'-- Up-to-date: /home/yfu/projects/ros2-picas/install/trace_picas/lib/libtrace_picas.a\n'}
[1.644777] (trace_picas) StdoutLine: {'line': b'-- Up-to-date: /home/yfu/projects/ros2-picas/install/trace_picas/share/ament_index/resource_index/package_run_dependencies/trace_picas\n'}
[1.645032] (trace_picas) StdoutLine: {'line': b'-- Up-to-date: /home/yfu/projects/ros2-picas/install/trace_picas/share/ament_index/resource_index/parent_prefix_path/trace_picas\n'}
[1.645428] (trace_picas) StdoutLine: {'line': b'-- Up-to-date: /home/yfu/projects/ros2-picas/install/trace_picas/share/trace_picas/environment/ament_prefix_path.sh\n'}
[1.645707] (trace_picas) StdoutLine: {'line': b'-- Up-to-date: /home/yfu/projects/ros2-picas/install/trace_picas/share/trace_picas/environment/ament_prefix_path.dsv\n'}
[1.645966] (trace_picas) StdoutLine: {'line': b'-- Up-to-date: /home/yfu/projects/ros2-picas/install/trace_picas/share/trace_picas/environment/path.sh\n'}
[1.646239] (trace_picas) StdoutLine: {'line': b'-- Up-to-date: /home/yfu/projects/ros2-picas/install/trace_picas/share/trace_picas/environment/path.dsv\n'}
[1.646453] (trace_picas) StdoutLine: {'line': b'-- Up-to-date: /home/yfu/projects/ros2-picas/install/trace_picas/share/trace_picas/local_setup.bash\n'}
[1.646631] (trace_picas) StdoutLine: {'line': b'-- Up-to-date: /home/yfu/projects/ros2-picas/install/trace_picas/share/trace_picas/local_setup.sh\n'}
[1.646798] (trace_picas) StdoutLine: {'line': b'-- Up-to-date: /home/yfu/projects/ros2-picas/install/trace_picas/share/trace_picas/local_setup.zsh\n'}
[1.646960] (trace_picas) StdoutLine: {'line': b'-- Up-to-date: /home/yfu/projects/ros2-picas/install/trace_picas/share/trace_picas/local_setup.dsv\n'}
[1.647117] (trace_picas) StdoutLine: {'line': b'-- Installing: /home/yfu/projects/ros2-picas/install/trace_picas/share/trace_picas/package.dsv\n'}
[1.647314] (trace_picas) StdoutLine: {'line': b'-- Up-to-date: /home/yfu/projects/ros2-picas/install/trace_picas/share/ament_index/resource_index/packages/trace_picas\n'}
[1.647484] (trace_picas) StdoutLine: {'line': b'-- Up-to-date: /home/yfu/projects/ros2-picas/install/trace_picas/share/trace_picas/cmake/export_traceExport.cmake\n'}
[1.647642] (trace_picas) StdoutLine: {'line': b'-- Up-to-date: /home/yfu/projects/ros2-picas/install/trace_picas/share/trace_picas/cmake/export_traceExport-noconfig.cmake\n'}
[1.647800] (trace_picas) StdoutLine: {'line': b'-- Up-to-date: /home/yfu/projects/ros2-picas/install/trace_picas/share/trace_picas/cmake/ament_cmake_export_dependencies-extras.cmake\n'}
[1.647958] (trace_picas) StdoutLine: {'line': b'-- Up-to-date: /home/yfu/projects/ros2-picas/install/trace_picas/share/trace_picas/cmake/ament_cmake_export_targets-extras.cmake\n'}
[1.648189] (trace_picas) StdoutLine: {'line': b'-- Up-to-date: /home/yfu/projects/ros2-picas/install/trace_picas/share/trace_picas/cmake/ament_cmake_export_include_directories-extras.cmake\n'}
[1.648350] (trace_picas) StdoutLine: {'line': b'-- Up-to-date: /home/yfu/projects/ros2-picas/install/trace_picas/share/trace_picas/cmake/ament_cmake_export_libraries-extras.cmake\n'}
[1.648490] (trace_picas) StdoutLine: {'line': b'-- Up-to-date: /home/yfu/projects/ros2-picas/install/trace_picas/share/trace_picas/cmake/trace_picasConfig.cmake\n'}
[1.648623] (trace_picas) StdoutLine: {'line': b'-- Up-to-date: /home/yfu/projects/ros2-picas/install/trace_picas/share/trace_picas/cmake/trace_picasConfig-version.cmake\n'}
[1.648754] (trace_picas) StdoutLine: {'line': b'-- Up-to-date: /home/yfu/projects/ros2-picas/install/trace_picas/share/trace_picas/package.xml\n'}
[1.656691] (trace_picas) CommandEnded: {'returncode': 0}
[1.720736] (-) TimerEvent: {}
[1.798543] (trace_picas) JobEnded: {'identifier': 'trace_picas', 'rc': 0}
[1.802054] (picas_example) JobStarted: {'identifier': 'picas_example'}
[1.814432] (picas_example_mt) JobStarted: {'identifier': 'picas_example_mt'}
[1.821107] (-) TimerEvent: {}
[1.832760] (picas_example) JobProgress: {'identifier': 'picas_example', 'progress': 'cmake'}
[1.834474] (picas_example) JobProgress: {'identifier': 'picas_example', 'progress': 'build'}
[1.835110] (picas_example) Command: {'cmd': ['/usr/bin/cmake', '--build', '/home/yfu/projects/ros2-picas/build/picas_example', '--', '-j6', '-l6'], 'cwd': '/home/yfu/projects/ros2-picas/build/picas_example', 'env': OrderedDict([('LESSOPEN', '| /usr/bin/lesspipe %s'), ('CONDA_PROMPT_MODIFIER', '(base)'), ('USER', 'yfu'), ('SSH_CLIENT', '172.19.37.200 13487 22'), ('XDG_SESSION_TYPE', 'tty'), ('SHLVL', '1'), ('LD_LIBRARY_PATH', '/home/yfu/projects/ros2-picas/install/rclcpp/lib:/home/yfu/projects/ros2-picas/install/test_msgs/lib:/home/yfu/projects/ros2-picas/install/trace_picas/lib:/opt/ros/galactic/opt/yaml_cpp_vendor/lib:/opt/ros/galactic/lib/aarch64-linux-gnu:/opt/ros/galactic/lib'), ('MOTD_SHOWN', 'pam'), ('HOME', '/home/yfu'), ('CONDA_SHLVL', '1'), ('OLDPWD', '/home/yfu/projects'), ('SSH_TTY', '/dev/pts/0'), ('JETSON_L4T', '35.4.1'), ('ROS_PYTHON_VERSION', '3'), ('JETSON_MODEL', 'NVIDIA Orin Nano Developer Kit'), ('DBUS_SESSION_BUS_ADDRESS', 'unix:path=/run/user/1001/bus'), ('COLCON_PREFIX_PATH', '/home/yfu/projects/ros2-picas/install'), ('ROS_DISTRO', 'galactic'), ('LOGNAME', 'yfu'), ('JETSON_MODULE', 'NVIDIA Jetson Orin Nano (Developer kit)'), ('JETSON_SERIAL_NUMBER', '1421523024361'), ('_', '/usr/bin/colcon'), ('ROS_VERSION', '2'), ('JETSON_CODENAME', 'P3768'), ('XDG_SESSION_CLASS', 'user'), ('TERM', 'xterm'), ('XDG_SESSION_ID', '656'), ('ROS_LOCALHOST_ONLY', '0'), ('PATH', '/usr/bin:/home/yfu/.local/bin:/opt/ros/galactic/bin:/home/yfu/Miniconda/ENTER/bin:/home/yfu/Miniconda/ENTER/condabin:$/home/yfu/Miniconda/ENTER/bin:/usr/local/sbin:/usr/local/bin:/usr/sbin:/usr/bin:/sbin:/bin:/usr/games:/usr/local/games:/snap/bin'), ('XDG_RUNTIME_DIR', '/run/user/1001'), ('DISPLAY', 'localhost:10.0'), ('LANG', 'en_US.UTF-8'), ('LS_COLORS', 'rs=0:di=01;34:ln=01;36:mh=00:pi=40;33:so=01;35:do=01;35:bd=40;33;01:cd=40;33;01:or=40;31;01:mi=00:su=37;41:sg=30;43:ca=30;41:tw=30;42:ow=34;42:st=37;44:ex=01;32:*.tar=01;31:*.tgz=01;31:*.arc=01;31:*.arj=01;31:*.taz=01;31:*.lha=01;31:*.lz4=01;31:*.lzh=01;31:*.lzma=01;31:*.tlz=01;31:*.txz=01;31:*.tzo=01;31:*.t7z=01;31:*.zip=01;31:*.z=01;31:*.dz=01;31:*.gz=01;31:*.lrz=01;31:*.lz=01;31:*.lzo=01;31:*.xz=01;31:*.zst=01;31:*.tzst=01;31:*.bz2=01;31:*.bz=01;31:*.tbz=01;31:*.tbz2=01;31:*.tz=01;31:*.deb=01;31:*.rpm=01;31:*.jar=01;31:*.war=01;31:*.ear=01;31:*.sar=01;31:*.rar=01;31:*.alz=01;31:*.ace=01;31:*.zoo=01;31:*.cpio=01;31:*.7z=01;31:*.rz=01;31:*.cab=01;31:*.wim=01;31:*.swm=01;31:*.dwm=01;31:*.esd=01;31:*.jpg=01;35:*.jpeg=01;35:*.mjpg=01;35:*.mjpeg=01;35:*.gif=01;35:*.bmp=01;35:*.pbm=01;35:*.pgm=01;35:*.ppm=01;35:*.tga=01;35:*.xbm=01;35:*.xpm=01;35:*.tif=01;35:*.tiff=01;35:*.png=01;35:*.svg=01;35:*.svgz=01;35:*.mng=01;35:*.pcx=01;35:*.mov=01;35:*.mpg=01;35:*.mpeg=01;35:*.m2v=01;35:*.mkv=01;35:*.webm=01;35:*.ogm=01;35:*.mp4=01;35:*.m4v=01;35:*.mp4v=01;35:*.vob=01;35:*.qt=01;35:*.nuv=01;35:*.wmv=01;35:*.asf=01;35:*.rm=01;35:*.rmvb=01;35:*.flc=01;35:*.avi=01;35:*.fli=01;35:*.flv=01;35:*.gl=01;35:*.dl=01;35:*.xcf=01;35:*.xwd=01;35:*.yuv=01;35:*.cgm=01;35:*.emf=01;35:*.ogv=01;35:*.ogx=01;35:*.aac=00;36:*.au=00;36:*.flac=00;36:*.m4a=00;36:*.mid=00;36:*.midi=00;36:*.mka=00;36:*.mp3=00;36:*.mpc=00;36:*.ogg=00;36:*.ra=00;36:*.wav=00;36:*.oga=00;36:*.opus=00;36:*.spx=00;36:*.xspf=00;36:'), ('JETSON_SOC', 'tegra23x'), ('AMENT_PREFIX_PATH', '/home/yfu/projects/ros2-picas/install/picas_example_mt:/home/yfu/projects/ros2-picas/install/picas_example:/home/yfu/projects/ros2-picas/install/trace_picas:/home/yfu/projects/ros2-picas/install/test_msgs:/home/yfu/projects/ros2-picas/install/rclcpp:/opt/ros/galactic'), ('CONDA_PYTHON_EXE', '/home/yfu/Miniconda/ENTER/bin/python'), ('SHELL', '/bin/bash'), ('LESSCLOSE', '/usr/bin/lesspipe %s %s'), ('CONDA_DEFAULT_ENV', 'base'), ('JETSON_CUDA_ARCH_BIN', '8.7'), ('PWD', '/home/yfu/projects/ros2-picas/build/picas_example'), ('CONDA_EXE', '/home/yfu/Miniconda/ENTER/bin/conda'), ('SSH_CONNECTION', '172.19.37.200 13487 192.168.0.226 22'), ('XDG_DATA_DIRS', '/usr/local/share:/usr/share:/var/lib/snapd/desktop'), ('PYTHONPATH', '/home/yfu/projects/ros2-picas/install/test_msgs/lib/python3.8/site-packages:/opt/ros/galactic/lib/python3.8/site-packages'), ('CONDA_PREFIX', '/home/yfu/Miniconda/ENTER'), ('COLCON', '1'), ('JETSON_JETPACK', '5.1.2'), ('CMAKE_PREFIX_PATH', '/home/yfu/projects/ros2-picas/install/trace_picas:/home/yfu/projects/ros2-picas/install/rclcpp:/home/yfu/projects/ros2-picas/install/test_msgs:/home/yfu/projects/ros2-picas/install/picas_example_mt:/home/yfu/projects/ros2-picas/install/picas_example:/opt/ros/galactic'), ('JETSON_P_NUMBER', 'p3767-0005')]), 'shell': False}
[1.845554] (picas_example_mt) JobProgress: {'identifier': 'picas_example_mt', 'progress': 'cmake'}
[1.847003] (picas_example_mt) JobProgress: {'identifier': 'picas_example_mt', 'progress': 'build'}
[1.847589] (picas_example_mt) Command: {'cmd': ['/usr/bin/cmake', '--build', '/home/yfu/projects/ros2-picas/build/picas_example_mt', '--', '-j6', '-l6'], 'cwd': '/home/yfu/projects/ros2-picas/build/picas_example_mt', 'env': OrderedDict([('LESSOPEN', '| /usr/bin/lesspipe %s'), ('CONDA_PROMPT_MODIFIER', '(base)'), ('USER', 'yfu'), ('SSH_CLIENT', '172.19.37.200 13487 22'), ('XDG_SESSION_TYPE', 'tty'), ('SHLVL', '1'), ('LD_LIBRARY_PATH', '/home/yfu/projects/ros2-picas/install/rclcpp/lib:/home/yfu/projects/ros2-picas/install/test_msgs/lib:/home/yfu/projects/ros2-picas/install/trace_picas/lib:/opt/ros/galactic/opt/yaml_cpp_vendor/lib:/opt/ros/galactic/lib/aarch64-linux-gnu:/opt/ros/galactic/lib'), ('MOTD_SHOWN', 'pam'), ('HOME', '/home/yfu'), ('CONDA_SHLVL', '1'), ('OLDPWD', '/home/yfu/projects'), ('SSH_TTY', '/dev/pts/0'), ('JETSON_L4T', '35.4.1'), ('ROS_PYTHON_VERSION', '3'), ('JETSON_MODEL', 'NVIDIA Orin Nano Developer Kit'), ('DBUS_SESSION_BUS_ADDRESS', 'unix:path=/run/user/1001/bus'), ('COLCON_PREFIX_PATH', '/home/yfu/projects/ros2-picas/install'), ('ROS_DISTRO', 'galactic'), ('LOGNAME', 'yfu'), ('JETSON_MODULE', 'NVIDIA Jetson Orin Nano (Developer kit)'), ('JETSON_SERIAL_NUMBER', '1421523024361'), ('_', '/usr/bin/colcon'), ('ROS_VERSION', '2'), ('JETSON_CODENAME', 'P3768'), ('XDG_SESSION_CLASS', 'user'), ('TERM', 'xterm'), ('XDG_SESSION_ID', '656'), ('ROS_LOCALHOST_ONLY', '0'), ('PATH', '/usr/bin:/home/yfu/.local/bin:/opt/ros/galactic/bin:/home/yfu/Miniconda/ENTER/bin:/home/yfu/Miniconda/ENTER/condabin:$/home/yfu/Miniconda/ENTER/bin:/usr/local/sbin:/usr/local/bin:/usr/sbin:/usr/bin:/sbin:/bin:/usr/games:/usr/local/games:/snap/bin'), ('XDG_RUNTIME_DIR', '/run/user/1001'), ('DISPLAY', 'localhost:10.0'), ('LANG', 'en_US.UTF-8'), ('LS_COLORS', 'rs=0:di=01;34:ln=01;36:mh=00:pi=40;33:so=01;35:do=01;35:bd=40;33;01:cd=40;33;01:or=40;31;01:mi=00:su=37;41:sg=30;43:ca=30;41:tw=30;42:ow=34;42:st=37;44:ex=01;32:*.tar=01;31:*.tgz=01;31:*.arc=01;31:*.arj=01;31:*.taz=01;31:*.lha=01;31:*.lz4=01;31:*.lzh=01;31:*.lzma=01;31:*.tlz=01;31:*.txz=01;31:*.tzo=01;31:*.t7z=01;31:*.zip=01;31:*.z=01;31:*.dz=01;31:*.gz=01;31:*.lrz=01;31:*.lz=01;31:*.lzo=01;31:*.xz=01;31:*.zst=01;31:*.tzst=01;31:*.bz2=01;31:*.bz=01;31:*.tbz=01;31:*.tbz2=01;31:*.tz=01;31:*.deb=01;31:*.rpm=01;31:*.jar=01;31:*.war=01;31:*.ear=01;31:*.sar=01;31:*.rar=01;31:*.alz=01;31:*.ace=01;31:*.zoo=01;31:*.cpio=01;31:*.7z=01;31:*.rz=01;31:*.cab=01;31:*.wim=01;31:*.swm=01;31:*.dwm=01;31:*.esd=01;31:*.jpg=01;35:*.jpeg=01;35:*.mjpg=01;35:*.mjpeg=01;35:*.gif=01;35:*.bmp=01;35:*.pbm=01;35:*.pgm=01;35:*.ppm=01;35:*.tga=01;35:*.xbm=01;35:*.xpm=01;35:*.tif=01;35:*.tiff=01;35:*.png=01;35:*.svg=01;35:*.svgz=01;35:*.mng=01;35:*.pcx=01;35:*.mov=01;35:*.mpg=01;35:*.mpeg=01;35:*.m2v=01;35:*.mkv=01;35:*.webm=01;35:*.ogm=01;35:*.mp4=01;35:*.m4v=01;35:*.mp4v=01;35:*.vob=01;35:*.qt=01;35:*.nuv=01;35:*.wmv=01;35:*.asf=01;35:*.rm=01;35:*.rmvb=01;35:*.flc=01;35:*.avi=01;35:*.fli=01;35:*.flv=01;35:*.gl=01;35:*.dl=01;35:*.xcf=01;35:*.xwd=01;35:*.yuv=01;35:*.cgm=01;35:*.emf=01;35:*.ogv=01;35:*.ogx=01;35:*.aac=00;36:*.au=00;36:*.flac=00;36:*.m4a=00;36:*.mid=00;36:*.midi=00;36:*.mka=00;36:*.mp3=00;36:*.mpc=00;36:*.ogg=00;36:*.ra=00;36:*.wav=00;36:*.oga=00;36:*.opus=00;36:*.spx=00;36:*.xspf=00;36:'), ('JETSON_SOC', 'tegra23x'), ('AMENT_PREFIX_PATH', '/home/yfu/projects/ros2-picas/install/picas_example_mt:/home/yfu/projects/ros2-picas/install/picas_example:/home/yfu/projects/ros2-picas/install/trace_picas:/home/yfu/projects/ros2-picas/install/test_msgs:/home/yfu/projects/ros2-picas/install/rclcpp:/opt/ros/galactic'), ('CONDA_PYTHON_EXE', '/home/yfu/Miniconda/ENTER/bin/python'), ('SHELL', '/bin/bash'), ('LESSCLOSE', '/usr/bin/lesspipe %s %s'), ('CONDA_DEFAULT_ENV', 'base'), ('JETSON_CUDA_ARCH_BIN', '8.7'), ('PWD', '/home/yfu/projects/ros2-picas/build/picas_example_mt'), ('CONDA_EXE', '/home/yfu/Miniconda/ENTER/bin/conda'), ('SSH_CONNECTION', '172.19.37.200 13487 192.168.0.226 22'), ('XDG_DATA_DIRS', '/usr/local/share:/usr/share:/var/lib/snapd/desktop'), ('PYTHONPATH', '/home/yfu/projects/ros2-picas/install/test_msgs/lib/python3.8/site-packages:/opt/ros/galactic/lib/python3.8/site-packages'), ('CONDA_PREFIX', '/home/yfu/Miniconda/ENTER'), ('COLCON', '1'), ('JETSON_JETPACK', '5.1.2'), ('CMAKE_PREFIX_PATH', '/home/yfu/projects/ros2-picas/install/trace_picas:/home/yfu/projects/ros2-picas/install/rclcpp:/home/yfu/projects/ros2-picas/install/test_msgs:/home/yfu/projects/ros2-picas/install/picas_example_mt:/home/yfu/projects/ros2-picas/install/picas_example:/opt/ros/galactic'), ('JETSON_P_NUMBER', 'p3767-0005')]), 'shell': False}
[1.921480] (-) TimerEvent: {}
[1.946933] (picas_example) StdoutLine: {'line': b'\x1b[35m\x1b[1mScanning dependencies of target sstest\x1b[0m\n'}
[1.982023] (picas_example_mt) StdoutLine: {'line': b'[100%] Built target example_mt\n'}
[1.982880] (picas_example) StdoutLine: {'line': b'[ 66%] Built target case_study\n'}
[1.983122] (picas_example) StdoutLine: {'line': b'[ 66%] Built target example\n'}
[2.012466] (picas_example_mt) CommandEnded: {'returncode': 0}
[2.014541] (picas_example_mt) JobProgress: {'identifier': 'picas_example_mt', 'progress': 'install'}
[2.015068] (picas_example_mt) Command: {'cmd': ['/usr/bin/cmake', '--install', '/home/yfu/projects/ros2-picas/build/picas_example_mt'], 'cwd': '/home/yfu/projects/ros2-picas/build/picas_example_mt', 'env': OrderedDict([('LESSOPEN', '| /usr/bin/lesspipe %s'), ('CONDA_PROMPT_MODIFIER', '(base)'), ('USER', 'yfu'), ('SSH_CLIENT', '172.19.37.200 13487 22'), ('XDG_SESSION_TYPE', 'tty'), ('SHLVL', '1'), ('LD_LIBRARY_PATH', '/home/yfu/projects/ros2-picas/install/rclcpp/lib:/home/yfu/projects/ros2-picas/install/test_msgs/lib:/home/yfu/projects/ros2-picas/install/trace_picas/lib:/opt/ros/galactic/opt/yaml_cpp_vendor/lib:/opt/ros/galactic/lib/aarch64-linux-gnu:/opt/ros/galactic/lib'), ('MOTD_SHOWN', 'pam'), ('HOME', '/home/yfu'), ('CONDA_SHLVL', '1'), ('OLDPWD', '/home/yfu/projects'), ('SSH_TTY', '/dev/pts/0'), ('JETSON_L4T', '35.4.1'), ('ROS_PYTHON_VERSION', '3'), ('JETSON_MODEL', 'NVIDIA Orin Nano Developer Kit'), ('DBUS_SESSION_BUS_ADDRESS', 'unix:path=/run/user/1001/bus'), ('COLCON_PREFIX_PATH', '/home/yfu/projects/ros2-picas/install'), ('ROS_DISTRO', 'galactic'), ('LOGNAME', 'yfu'), ('JETSON_MODULE', 'NVIDIA Jetson Orin Nano (Developer kit)'), ('JETSON_SERIAL_NUMBER', '1421523024361'), ('_', '/usr/bin/colcon'), ('ROS_VERSION', '2'), ('JETSON_CODENAME', 'P3768'), ('XDG_SESSION_CLASS', 'user'), ('TERM', 'xterm'), ('XDG_SESSION_ID', '656'), ('ROS_LOCALHOST_ONLY', '0'), ('PATH', '/usr/bin:/home/yfu/.local/bin:/opt/ros/galactic/bin:/home/yfu/Miniconda/ENTER/bin:/home/yfu/Miniconda/ENTER/condabin:$/home/yfu/Miniconda/ENTER/bin:/usr/local/sbin:/usr/local/bin:/usr/sbin:/usr/bin:/sbin:/bin:/usr/games:/usr/local/games:/snap/bin'), ('XDG_RUNTIME_DIR', '/run/user/1001'), ('DISPLAY', 'localhost:10.0'), ('LANG', 'en_US.UTF-8'), ('LS_COLORS', 'rs=0:di=01;34:ln=01;36:mh=00:pi=40;33:so=01;35:do=01;35:bd=40;33;01:cd=40;33;01:or=40;31;01:mi=00:su=37;41:sg=30;43:ca=30;41:tw=30;42:ow=34;42:st=37;44:ex=01;32:*.tar=01;31:*.tgz=01;31:*.arc=01;31:*.arj=01;31:*.taz=01;31:*.lha=01;31:*.lz4=01;31:*.lzh=01;31:*.lzma=01;31:*.tlz=01;31:*.txz=01;31:*.tzo=01;31:*.t7z=01;31:*.zip=01;31:*.z=01;31:*.dz=01;31:*.gz=01;31:*.lrz=01;31:*.lz=01;31:*.lzo=01;31:*.xz=01;31:*.zst=01;31:*.tzst=01;31:*.bz2=01;31:*.bz=01;31:*.tbz=01;31:*.tbz2=01;31:*.tz=01;31:*.deb=01;31:*.rpm=01;31:*.jar=01;31:*.war=01;31:*.ear=01;31:*.sar=01;31:*.rar=01;31:*.alz=01;31:*.ace=01;31:*.zoo=01;31:*.cpio=01;31:*.7z=01;31:*.rz=01;31:*.cab=01;31:*.wim=01;31:*.swm=01;31:*.dwm=01;31:*.esd=01;31:*.jpg=01;35:*.jpeg=01;35:*.mjpg=01;35:*.mjpeg=01;35:*.gif=01;35:*.bmp=01;35:*.pbm=01;35:*.pgm=01;35:*.ppm=01;35:*.tga=01;35:*.xbm=01;35:*.xpm=01;35:*.tif=01;35:*.tiff=01;35:*.png=01;35:*.svg=01;35:*.svgz=01;35:*.mng=01;35:*.pcx=01;35:*.mov=01;35:*.mpg=01;35:*.mpeg=01;35:*.m2v=01;35:*.mkv=01;35:*.webm=01;35:*.ogm=01;35:*.mp4=01;35:*.m4v=01;35:*.mp4v=01;35:*.vob=01;35:*.qt=01;35:*.nuv=01;35:*.wmv=01;35:*.asf=01;35:*.rm=01;35:*.rmvb=01;35:*.flc=01;35:*.avi=01;35:*.fli=01;35:*.flv=01;35:*.gl=01;35:*.dl=01;35:*.xcf=01;35:*.xwd=01;35:*.yuv=01;35:*.cgm=01;35:*.emf=01;35:*.ogv=01;35:*.ogx=01;35:*.aac=00;36:*.au=00;36:*.flac=00;36:*.m4a=00;36:*.mid=00;36:*.midi=00;36:*.mka=00;36:*.mp3=00;36:*.mpc=00;36:*.ogg=00;36:*.ra=00;36:*.wav=00;36:*.oga=00;36:*.opus=00;36:*.spx=00;36:*.xspf=00;36:'), ('JETSON_SOC', 'tegra23x'), ('AMENT_PREFIX_PATH', '/home/yfu/projects/ros2-picas/install/picas_example_mt:/home/yfu/projects/ros2-picas/install/picas_example:/home/yfu/projects/ros2-picas/install/trace_picas:/home/yfu/projects/ros2-picas/install/test_msgs:/home/yfu/projects/ros2-picas/install/rclcpp:/opt/ros/galactic'), ('CONDA_PYTHON_EXE', '/home/yfu/Miniconda/ENTER/bin/python'), ('SHELL', '/bin/bash'), ('LESSCLOSE', '/usr/bin/lesspipe %s %s'), ('CONDA_DEFAULT_ENV', 'base'), ('JETSON_CUDA_ARCH_BIN', '8.7'), ('PWD', '/home/yfu/projects/ros2-picas/build/picas_example_mt'), ('CONDA_EXE', '/home/yfu/Miniconda/ENTER/bin/conda'), ('SSH_CONNECTION', '172.19.37.200 13487 192.168.0.226 22'), ('XDG_DATA_DIRS', '/usr/local/share:/usr/share:/var/lib/snapd/desktop'), ('PYTHONPATH', '/home/yfu/projects/ros2-picas/install/test_msgs/lib/python3.8/site-packages:/opt/ros/galactic/lib/python3.8/site-packages'), ('CONDA_PREFIX', '/home/yfu/Miniconda/ENTER'), ('COLCON', '1'), ('JETSON_JETPACK', '5.1.2'), ('CMAKE_PREFIX_PATH', '/home/yfu/projects/ros2-picas/install/trace_picas:/home/yfu/projects/ros2-picas/install/rclcpp:/home/yfu/projects/ros2-picas/install/test_msgs:/home/yfu/projects/ros2-picas/install/picas_example_mt:/home/yfu/projects/ros2-picas/install/picas_example:/opt/ros/galactic'), ('JETSON_P_NUMBER', 'p3767-0005')]), 'shell': False}
[2.021326] (picas_example) StdoutLine: {'line': b'[ 83%] \x1b[32mBuilding CXX object CMakeFiles/sstest.dir/src/sstest.cpp.o\x1b[0m\n'}
[2.022401] (-) TimerEvent: {}
[2.042694] (picas_example_mt) StdoutLine: {'line': b'-- Install configuration: ""\n'}
[2.043414] (picas_example_mt) StdoutLine: {'line': b'-- Up-to-date: /home/yfu/projects/ros2-picas/install/picas_example_mt/lib/picas_example_mt/example_mt\n'}
[2.043741] (picas_example_mt) StdoutLine: {'line': b'-- Up-to-date: /home/yfu/projects/ros2-picas/install/picas_example_mt/share/ament_index/resource_index/package_run_dependencies/picas_example_mt\n'}
[2.043986] (picas_example_mt) StdoutLine: {'line': b'-- Up-to-date: /home/yfu/projects/ros2-picas/install/picas_example_mt/share/ament_index/resource_index/parent_prefix_path/picas_example_mt\n'}
[2.044307] (picas_example_mt) StdoutLine: {'line': b'-- Up-to-date: /home/yfu/projects/ros2-picas/install/picas_example_mt/share/picas_example_mt/environment/ament_prefix_path.sh\n'}
[2.044494] (picas_example_mt) StdoutLine: {'line': b'-- Up-to-date: /home/yfu/projects/ros2-picas/install/picas_example_mt/share/picas_example_mt/environment/ament_prefix_path.dsv\n'}
[2.044647] (picas_example_mt) StdoutLine: {'line': b'-- Up-to-date: /home/yfu/projects/ros2-picas/install/picas_example_mt/share/picas_example_mt/environment/path.sh\n'}
[2.044802] (picas_example_mt) StdoutLine: {'line': b'-- Up-to-date: /home/yfu/projects/ros2-picas/install/picas_example_mt/share/picas_example_mt/environment/path.dsv\n'}
[2.045026] (picas_example_mt) StdoutLine: {'line': b'-- Up-to-date: /home/yfu/projects/ros2-picas/install/picas_example_mt/share/picas_example_mt/local_setup.bash\n'}
[2.045190] (picas_example_mt) StdoutLine: {'line': b'-- Up-to-date: /home/yfu/projects/ros2-picas/install/picas_example_mt/share/picas_example_mt/local_setup.sh\n'}
[2.045342] (picas_example_mt) StdoutLine: {'line': b'-- Up-to-date: /home/yfu/projects/ros2-picas/install/picas_example_mt/share/picas_example_mt/local_setup.zsh\n'}
[2.045479] (picas_example_mt) StdoutLine: {'line': b'-- Up-to-date: /home/yfu/projects/ros2-picas/install/picas_example_mt/share/picas_example_mt/local_setup.dsv\n'}
[2.045672] (picas_example_mt) StdoutLine: {'line': b'-- Installing: /home/yfu/projects/ros2-picas/install/picas_example_mt/share/picas_example_mt/package.dsv\n'}
[2.045901] (picas_example_mt) StdoutLine: {'line': b'-- Up-to-date: /home/yfu/projects/ros2-picas/install/picas_example_mt/share/ament_index/resource_index/packages/picas_example_mt\n'}
[2.046061] (picas_example_mt) StdoutLine: {'line': b'-- Up-to-date: /home/yfu/projects/ros2-picas/install/picas_example_mt/share/picas_example_mt/cmake/picas_example_mtConfig.cmake\n'}
[2.046234] (picas_example_mt) StdoutLine: {'line': b'-- Up-to-date: /home/yfu/projects/ros2-picas/install/picas_example_mt/share/picas_example_mt/cmake/picas_example_mtConfig-version.cmake\n'}
[2.046379] (picas_example_mt) StdoutLine: {'line': b'-- Up-to-date: /home/yfu/projects/ros2-picas/install/picas_example_mt/share/picas_example_mt/package.xml\n'}
[2.052990] (picas_example_mt) CommandEnded: {'returncode': 0}
[2.122567] (-) TimerEvent: {}
[2.147628] (picas_example_mt) JobEnded: {'identifier': 'picas_example_mt', 'rc': 0}
[2.222763] (-) TimerEvent: {}
[2.323683] (-) TimerEvent: {}
[2.424747] (-) TimerEvent: {}
[2.525547] (-) TimerEvent: {}
[2.626539] (-) TimerEvent: {}
[2.727346] (-) TimerEvent: {}
[2.828026] (-) TimerEvent: {}
[2.928677] (-) TimerEvent: {}
[3.029277] (-) TimerEvent: {}
[3.129919] (-) TimerEvent: {}
[3.230533] (-) TimerEvent: {}
[3.331153] (-) TimerEvent: {}
[3.431765] (-) TimerEvent: {}
[3.532650] (-) TimerEvent: {}
[3.633658] (-) TimerEvent: {}
[3.734445] (-) TimerEvent: {}
[3.835124] (-) TimerEvent: {}
[3.935746] (-) TimerEvent: {}
[4.036432] (-) TimerEvent: {}
[4.137053] (-) TimerEvent: {}
[4.237680] (-) TimerEvent: {}
[4.338303] (-) TimerEvent: {}
[4.438992] (-) TimerEvent: {}
[4.539778] (-) TimerEvent: {}
[4.640719] (-) TimerEvent: {}
[4.741638] (-) TimerEvent: {}
[4.842402] (-) TimerEvent: {}
[4.943111] (-) TimerEvent: {}
[5.043784] (-) TimerEvent: {}
[5.144469] (-) TimerEvent: {}
[5.245322] (-) TimerEvent: {}
[5.346260] (-) TimerEvent: {}
[5.447200] (-) TimerEvent: {}
[5.547932] (-) TimerEvent: {}
[5.648889] (-) TimerEvent: {}
[5.749995] (-) TimerEvent: {}
[5.850773] (-) TimerEvent: {}
[5.951477] (-) TimerEvent: {}
[6.052160] (-) TimerEvent: {}
[6.152812] (-) TimerEvent: {}
[6.253680] (-) TimerEvent: {}
[6.354513] (-) TimerEvent: {}
[6.455108] (-) TimerEvent: {}
[6.555916] (-) TimerEvent: {}
[6.656688] (-) TimerEvent: {}
[6.757740] (-) TimerEvent: {}
[6.858457] (-) TimerEvent: {}
[6.959099] (-) TimerEvent: {}
[7.059653] (-) TimerEvent: {}
[7.160202] (-) TimerEvent: {}
[7.328670] (-) TimerEvent: {}
[7.429245] (-) TimerEvent: {}
[7.529888] (-) TimerEvent: {}
[7.630675] (-) TimerEvent: {}
[7.731756] (-) TimerEvent: {}
[7.832688] (-) TimerEvent: {}
[7.933457] (-) TimerEvent: {}
[8.034171] (-) TimerEvent: {}
[8.134832] (-) TimerEvent: {}
[8.235484] (-) TimerEvent: {}
[8.336130] (-) TimerEvent: {}
[8.436716] (-) TimerEvent: {}
[8.537314] (-) TimerEvent: {}
[8.638125] (-) TimerEvent: {}
[8.739439] (-) TimerEvent: {}
[8.840323] (-) TimerEvent: {}
[8.941104] (-) TimerEvent: {}
[9.041894] (-) TimerEvent: {}
[9.142733] (-) TimerEvent: {}
[9.243592] (-) TimerEvent: {}
[9.344432] (-) TimerEvent: {}
[9.445268] (-) TimerEvent: {}
[9.546109] (-) TimerEvent: {}
[9.646903] (-) TimerEvent: {}
[9.747977] (-) TimerEvent: {}
[9.848868] (-) TimerEvent: {}
[9.949618] (-) TimerEvent: {}
[10.050370] (-) TimerEvent: {}
[10.151108] (-) TimerEvent: {}
[10.251822] (-) TimerEvent: {}
[10.352501] (-) TimerEvent: {}
[10.453167] (-) TimerEvent: {}
[10.553879] (-) TimerEvent: {}
[10.654705] (-) TimerEvent: {}
[10.755764] (-) TimerEvent: {}
[10.856880] (-) TimerEvent: {}
[10.957984] (-) TimerEvent: {}
[11.058941] (-) TimerEvent: {}
[11.159770] (-) TimerEvent: {}
[11.260500] (-) TimerEvent: {}
[11.361085] (-) TimerEvent: {}
[11.461702] (-) TimerEvent: {}
[11.562298] (-) TimerEvent: {}
[11.663008] (-) TimerEvent: {}
[11.764046] (-) TimerEvent: {}
[11.864895] (-) TimerEvent: {}
[11.965685] (-) TimerEvent: {}
[12.066449] (-) TimerEvent: {}
[12.167103] (-) TimerEvent: {}
[12.259727] (picas_example) StdoutLine: {'line': b'[100%] \x1b[32m\x1b[1mLinking CXX executable sstest\x1b[0m\n'}
[12.267185] (-) TimerEvent: {}
[12.367746] (-) TimerEvent: {}
[12.468884] (-) TimerEvent: {}
[12.570005] (-) TimerEvent: {}
[12.671101] (-) TimerEvent: {}
[12.772292] (-) TimerEvent: {}
[12.873421] (-) TimerEvent: {}
[12.974383] (-) TimerEvent: {}
[13.075268] (-) TimerEvent: {}
[13.176196] (-) TimerEvent: {}
[13.277018] (-) TimerEvent: {}
[13.377839] (-) TimerEvent: {}
[13.478655] (-) TimerEvent: {}
[13.579456] (-) TimerEvent: {}
[13.680391] (-) TimerEvent: {}
[13.781474] (-) TimerEvent: {}
[13.882543] (-) TimerEvent: {}
[13.983451] (-) TimerEvent: {}
[14.084289] (-) TimerEvent: {}
[14.185139] (-) TimerEvent: {}
[14.286005] (-) TimerEvent: {}
[14.386875] (-) TimerEvent: {}
[14.475630] (picas_example) StdoutLine: {'line': b'[100%] Built target sstest\n'}
[14.486969] (-) TimerEvent: {}
[14.587646] (-) TimerEvent: {}
[14.624814] (picas_example) CommandEnded: {'returncode': 0}
[14.627430] (picas_example) JobProgress: {'identifier': 'picas_example', 'progress': 'install'}
[14.628077] (picas_example) Command: {'cmd': ['/usr/bin/cmake', '--install', '/home/yfu/projects/ros2-picas/build/picas_example'], 'cwd': '/home/yfu/projects/ros2-picas/build/picas_example', 'env': OrderedDict([('LESSOPEN', '| /usr/bin/lesspipe %s'), ('CONDA_PROMPT_MODIFIER', '(base)'), ('USER', 'yfu'), ('SSH_CLIENT', '172.19.37.200 13487 22'), ('XDG_SESSION_TYPE', 'tty'), ('SHLVL', '1'), ('LD_LIBRARY_PATH', '/home/yfu/projects/ros2-picas/install/rclcpp/lib:/home/yfu/projects/ros2-picas/install/test_msgs/lib:/home/yfu/projects/ros2-picas/install/trace_picas/lib:/opt/ros/galactic/opt/yaml_cpp_vendor/lib:/opt/ros/galactic/lib/aarch64-linux-gnu:/opt/ros/galactic/lib'), ('MOTD_SHOWN', 'pam'), ('HOME', '/home/yfu'), ('CONDA_SHLVL', '1'), ('OLDPWD', '/home/yfu/projects'), ('SSH_TTY', '/dev/pts/0'), ('JETSON_L4T', '35.4.1'), ('ROS_PYTHON_VERSION', '3'), ('JETSON_MODEL', 'NVIDIA Orin Nano Developer Kit'), ('DBUS_SESSION_BUS_ADDRESS', 'unix:path=/run/user/1001/bus'), ('COLCON_PREFIX_PATH', '/home/yfu/projects/ros2-picas/install'), ('ROS_DISTRO', 'galactic'), ('LOGNAME', 'yfu'), ('JETSON_MODULE', 'NVIDIA Jetson Orin Nano (Developer kit)'), ('JETSON_SERIAL_NUMBER', '1421523024361'), ('_', '/usr/bin/colcon'), ('ROS_VERSION', '2'), ('JETSON_CODENAME', 'P3768'), ('XDG_SESSION_CLASS', 'user'), ('TERM', 'xterm'), ('XDG_SESSION_ID', '656'), ('ROS_LOCALHOST_ONLY', '0'), ('PATH', '/usr/bin:/home/yfu/.local/bin:/opt/ros/galactic/bin:/home/yfu/Miniconda/ENTER/bin:/home/yfu/Miniconda/ENTER/condabin:$/home/yfu/Miniconda/ENTER/bin:/usr/local/sbin:/usr/local/bin:/usr/sbin:/usr/bin:/sbin:/bin:/usr/games:/usr/local/games:/snap/bin'), ('XDG_RUNTIME_DIR', '/run/user/1001'), ('DISPLAY', 'localhost:10.0'), ('LANG', 'en_US.UTF-8'), ('LS_COLORS', 'rs=0:di=01;34:ln=01;36:mh=00:pi=40;33:so=01;35:do=01;35:bd=40;33;01:cd=40;33;01:or=40;31;01:mi=00:su=37;41:sg=30;43:ca=30;41:tw=30;42:ow=34;42:st=37;44:ex=01;32:*.tar=01;31:*.tgz=01;31:*.arc=01;31:*.arj=01;31:*.taz=01;31:*.lha=01;31:*.lz4=01;31:*.lzh=01;31:*.lzma=01;31:*.tlz=01;31:*.txz=01;31:*.tzo=01;31:*.t7z=01;31:*.zip=01;31:*.z=01;31:*.dz=01;31:*.gz=01;31:*.lrz=01;31:*.lz=01;31:*.lzo=01;31:*.xz=01;31:*.zst=01;31:*.tzst=01;31:*.bz2=01;31:*.bz=01;31:*.tbz=01;31:*.tbz2=01;31:*.tz=01;31:*.deb=01;31:*.rpm=01;31:*.jar=01;31:*.war=01;31:*.ear=01;31:*.sar=01;31:*.rar=01;31:*.alz=01;31:*.ace=01;31:*.zoo=01;31:*.cpio=01;31:*.7z=01;31:*.rz=01;31:*.cab=01;31:*.wim=01;31:*.swm=01;31:*.dwm=01;31:*.esd=01;31:*.jpg=01;35:*.jpeg=01;35:*.mjpg=01;35:*.mjpeg=01;35:*.gif=01;35:*.bmp=01;35:*.pbm=01;35:*.pgm=01;35:*.ppm=01;35:*.tga=01;35:*.xbm=01;35:*.xpm=01;35:*.tif=01;35:*.tiff=01;35:*.png=01;35:*.svg=01;35:*.svgz=01;35:*.mng=01;35:*.pcx=01;35:*.mov=01;35:*.mpg=01;35:*.mpeg=01;35:*.m2v=01;35:*.mkv=01;35:*.webm=01;35:*.ogm=01;35:*.mp4=01;35:*.m4v=01;35:*.mp4v=01;35:*.vob=01;35:*.qt=01;35:*.nuv=01;35:*.wmv=01;35:*.asf=01;35:*.rm=01;35:*.rmvb=01;35:*.flc=01;35:*.avi=01;35:*.fli=01;35:*.flv=01;35:*.gl=01;35:*.dl=01;35:*.xcf=01;35:*.xwd=01;35:*.yuv=01;35:*.cgm=01;35:*.emf=01;35:*.ogv=01;35:*.ogx=01;35:*.aac=00;36:*.au=00;36:*.flac=00;36:*.m4a=00;36:*.mid=00;36:*.midi=00;36:*.mka=00;36:*.mp3=00;36:*.mpc=00;36:*.ogg=00;36:*.ra=00;36:*.wav=00;36:*.oga=00;36:*.opus=00;36:*.spx=00;36:*.xspf=00;36:'), ('JETSON_SOC', 'tegra23x'), ('AMENT_PREFIX_PATH', '/home/yfu/projects/ros2-picas/install/picas_example_mt:/home/yfu/projects/ros2-picas/install/picas_example:/home/yfu/projects/ros2-picas/install/trace_picas:/home/yfu/projects/ros2-picas/install/test_msgs:/home/yfu/projects/ros2-picas/install/rclcpp:/opt/ros/galactic'), ('CONDA_PYTHON_EXE', '/home/yfu/Miniconda/ENTER/bin/python'), ('SHELL', '/bin/bash'), ('LESSCLOSE', '/usr/bin/lesspipe %s %s'), ('CONDA_DEFAULT_ENV', 'base'), ('JETSON_CUDA_ARCH_BIN', '8.7'), ('PWD', '/home/yfu/projects/ros2-picas/build/picas_example'), ('CONDA_EXE', '/home/yfu/Miniconda/ENTER/bin/conda'), ('SSH_CONNECTION', '172.19.37.200 13487 192.168.0.226 22'), ('XDG_DATA_DIRS', '/usr/local/share:/usr/share:/var/lib/snapd/desktop'), ('PYTHONPATH', '/home/yfu/projects/ros2-picas/install/test_msgs/lib/python3.8/site-packages:/opt/ros/galactic/lib/python3.8/site-packages'), ('CONDA_PREFIX', '/home/yfu/Miniconda/ENTER'), ('COLCON', '1'), ('JETSON_JETPACK', '5.1.2'), ('CMAKE_PREFIX_PATH', '/home/yfu/projects/ros2-picas/install/trace_picas:/home/yfu/projects/ros2-picas/install/rclcpp:/home/yfu/projects/ros2-picas/install/test_msgs:/home/yfu/projects/ros2-picas/install/picas_example_mt:/home/yfu/projects/ros2-picas/install/picas_example:/opt/ros/galactic'), ('JETSON_P_NUMBER', 'p3767-0005')]), 'shell': False}
[14.656845] (picas_example) StdoutLine: {'line': b'-- Install configuration: ""\n'}
[14.657850] (picas_example) StdoutLine: {'line': b'-- Installing: /home/yfu/projects/ros2-picas/install/picas_example/lib/picas_example/sstest\n'}
[14.662677] (picas_example) StdoutLine: {'line': b'-- Set runtime path of "/home/yfu/projects/ros2-picas/install/picas_example/lib/picas_example/sstest" to ""\n'}
[14.663070] (picas_example) StdoutLine: {'line': b'-- Up-to-date: /home/yfu/projects/ros2-picas/install/picas_example/lib/picas_example/example\n'}
[14.663760] (picas_example) StdoutLine: {'line': b'-- Up-to-date: /home/yfu/projects/ros2-picas/install/picas_example/lib/picas_example/case_study\n'}
[14.664578] (picas_example) StdoutLine: {'line': b'-- Up-to-date: /home/yfu/projects/ros2-picas/install/picas_example/share/ament_index/resource_index/package_run_dependencies/picas_example\n'}
[14.664816] (picas_example) StdoutLine: {'line': b'-- Up-to-date: /home/yfu/projects/ros2-picas/install/picas_example/share/ament_index/resource_index/parent_prefix_path/picas_example\n'}
[14.665081] (picas_example) StdoutLine: {'line': b'-- Up-to-date: /home/yfu/projects/ros2-picas/install/picas_example/share/picas_example/environment/ament_prefix_path.sh\n'}
[14.665356] (picas_example) StdoutLine: {'line': b'-- Up-to-date: /home/yfu/projects/ros2-picas/install/picas_example/share/picas_example/environment/ament_prefix_path.dsv\n'}
[14.665598] (picas_example) StdoutLine: {'line': b'-- Up-to-date: /home/yfu/projects/ros2-picas/install/picas_example/share/picas_example/environment/path.sh\n'}
[14.665833] (picas_example) StdoutLine: {'line': b'-- Up-to-date: /home/yfu/projects/ros2-picas/install/picas_example/share/picas_example/environment/path.dsv\n'}
[14.666036] (picas_example) StdoutLine: {'line': b'-- Up-to-date: /home/yfu/projects/ros2-picas/install/picas_example/share/picas_example/local_setup.bash\n'}
[14.666187] (picas_example) StdoutLine: {'line': b'-- Up-to-date: /home/yfu/projects/ros2-picas/install/picas_example/share/picas_example/local_setup.sh\n'}
[14.666329] (picas_example) StdoutLine: {'line': b'-- Up-to-date: /home/yfu/projects/ros2-picas/install/picas_example/share/picas_example/local_setup.zsh\n'}
[14.666818] (picas_example) StdoutLine: {'line': b'-- Up-to-date: /home/yfu/projects/ros2-picas/install/picas_example/share/picas_example/local_setup.dsv\n'}
[14.667122] (picas_example) StdoutLine: {'line': b'-- Installing: /home/yfu/projects/ros2-picas/install/picas_example/share/picas_example/package.dsv\n'}
[14.667318] (picas_example) StdoutLine: {'line': b'-- Up-to-date: /home/yfu/projects/ros2-picas/install/picas_example/share/ament_index/resource_index/packages/picas_example\n'}
[14.667485] (picas_example) StdoutLine: {'line': b'-- Up-to-date: /home/yfu/projects/ros2-picas/install/picas_example/share/picas_example/cmake/picas_exampleConfig.cmake\n'}
[14.667649] (picas_example) StdoutLine: {'line': b'-- Up-to-date: /home/yfu/projects/ros2-picas/install/picas_example/share/picas_example/cmake/picas_exampleConfig-version.cmake\n'}
[14.667800] (picas_example) StdoutLine: {'line': b'-- Up-to-date: /home/yfu/projects/ros2-picas/install/picas_example/share/picas_example/package.xml\n'}
[14.676996] (picas_example) CommandEnded: {'returncode': 0}
[14.687983] (-) TimerEvent: {}
[14.788713] (-) TimerEvent: {}
[14.819465] (picas_example) JobEnded: {'identifier': 'picas_example', 'rc': 0}
[14.821958] (-) EventReactorShutdown: {}
